ts_code,end_date,pledge_count,unrest_pledge,rest_pledge,total_share,pledge_ratio
600030.SH,20260227,1,80.0,0.0,1220047.0,0.01
600030.SH,20260213,1,80.0,0.0,1220047.0,0.01
600030.SH,20260206,1,80.0,0.0,1220047.0,0.01
600030.SH,20260130,1,80.0,0.0,1220047.0,0.01
600030.SH,20260123,1,80.0,0.0,1220047.0,0.01
600030.SH,20260116,0,0.0,0.0,1482054.6829,0.0
600030.SH,20260109,0,0.0,0.0,1482054.6829,0.0
600030.SH,20251231,0,0.0,0.0,1482054.6829,0.0
600030.SH,20251226,0,0.0,0.0,1482054.6829,0.0
600030.SH,20251219,0,0.0,0.0,1482054.6829,0.0
600030.SH,20251212,0,0.0,0.0,1482054.6829,0.0
600030.SH,20251205,0,0.0,0.0,1482054.6829,0.0
600030.SH,20251129,0,0.0,0.0,1482054.6829,0.0
600030.SH,20251128,0,0.0,0.0,1482054.6829,0.0
600030.SH,20251121,0,0.0,0.0,1482054.6829,0.0
600030.SH,20251115,0,0.0,0.0,1482054.6829,0.0
600030.SH,20251114,0,0.0,0.0,1482054.6829,0.0
600030.SH,20251107,0,0.0,0.0,1482054.6829,0.0
600030.SH,20251031,0,0.0,0.0,1482054.6829,0.0
600030.SH,20251024,0,0.0,0.0,1482054.6829,0.0
600030.SH,20251017,0,0.0,0.0,1482054.6829,0.0
600030.SH,20251010,0,0.0,0.0,1482054.6829,0.0
600030.SH,20250930,0,0.0,0.0,1482054.6829,0.0
600030.SH,20250926,0,0.0,0.0,1482054.6829,0.0
600030.SH,20250919,0,0.0,0.0,1482054.6829,0.0
600030.SH,20250912,0,0.0,0.0,1482054.6829,0.0
600030.SH,20250905,0,0.0,0.0,1482054.6829,0.0
600030.SH,20250829,0,0.0,0.0,1482054.6829,0.0
600030.SH,20250822,0,0.0,0.0,1482054.6829,0.0
600030.SH,20250815,0,0.0,0.0,1482054.6829,0.0
600030.SH,20250808,0,0.0,0.0,1482054.6829,0.0
600030.SH,20250801,0,0.0,0.0,1482054.6829,0.0
600030.SH,20250725,0,0.0,0.0,1482054.6829,0.0
600030.SH,20250718,0,0.0,0.0,1482054.6829,0.0
600030.SH,20250711,0,0.0,0.0,1482054.6829,0.0
600030.SH,20250704,0,0.0,0.0,1482054.6829,0.0
600030.SH,20250627,1,84.0,0.0,1220047.0,0.01
600030.SH,20250620,1,84.0,0.0,1220047.0,0.01
600030.SH,20250613,1,84.0,0.0,1220047.0,0.01
600030.SH,20250606,1,84.0,0.0,1220047.0,0.01
600030.SH,20250530,1,84.0,0.0,1220047.0,0.01
600030.SH,20250523,1,84.0,0.0,1220047.0,0.01
600030.SH,20250516,1,84.0,0.0,1220047.0,0.01
600030.SH,20250509,1,84.0,0.0,1220047.0,0.01
600030.SH,20250430,1,84.0,0.0,1220047.0,0.01
600030.SH,20250425,1,84.0,0.0,1220047.0,0.01
600030.SH,20250418,1,84.0,0.0,1220047.0,0.01
600030.SH,20250411,1,84.0,0.0,1220047.0,0.01
600030.SH,20250403,1,84.0,0.0,1220047.0,0.01
600030.SH,20250328,1,84.0,0.0,1220047.0,0.01
600030.SH,20250321,1,84.0,0.0,1220047.0,0.01
600030.SH,20250314,1,84.0,0.0,1220047.0,0.01
600030.SH,20250307,1,84.0,0.0,1220047.0,0.01
600030.SH,20250228,1,84.0,0.0,1220047.0,0.01
600030.SH,20250221,1,84.0,0.0,1220047.0,0.01
600030.SH,20250214,1,84.0,0.0,1220047.0,0.01
600030.SH,20250207,1,84.0,0.0,1220047.0,0.01
600030.SH,20250127,1,84.0,0.0,1220047.0,0.01
600030.SH,20250124,1,84.0,0.0,1220047.0,0.01
600030.SH,20250117,1,84.0,0.0,1220047.0,0.01
600030.SH,20250110,0,0.0,0.0,1482054.6829,0.0
600030.SH,20250103,0,0.0,0.0,1482054.6829,0.0
600030.SH,20241227,0,0.0,0.0,1482054.6829,0.0
600030.SH,20241220,0,0.0,0.0,1482054.6829,0.0
600030.SH,20241213,0,0.0,0.0,1482054.6829,0.0
600030.SH,20241206,0,0.0,0.0,1482054.6829,0.0
600030.SH,20241129,0,0.0,0.0,1482054.6829,0.0
600030.SH,20241122,0,0.0,0.0,1482054.6829,0.0
600030.SH,20241115,0,0.0,0.0,1482054.6829,0.0
600030.SH,20241108,0,0.0,0.0,1482054.6829,0.0
600030.SH,20241101,0,0.0,0.0,1482054.6829,0.0
600030.SH,20241025,0,0.0,0.0,1482054.6829,0.0
600030.SH,20241018,0,0.0,0.0,1482054.6829,0.0
600030.SH,20241011,0,0.0,0.0,1482054.6829,0.0
600030.SH,20240930,0,0.0,0.0,1482054.6829,0.0
600030.SH,20240927,0,0.0,0.0,1482054.6829,0.0
600030.SH,20240920,0,0.0,0.0,1482054.6829,0.0
600030.SH,20240913,0,0.0,0.0,1482054.6829,0.0
600030.SH,20240906,0,0.0,0.0,1482054.6829,0.0
600030.SH,20240830,0,0.0,0.0,1482054.6829,0.0
600030.SH,20240823,0,0.0,0.0,1482054.6829,0.0
600030.SH,20240816,0,0.0,0.0,1482054.6829,0.0
600030.SH,20240809,0,0.0,0.0,1482054.6829,0.0
600030.SH,20240802,0,0.0,0.0,1482054.6829,0.0
600030.SH,20240726,0,0.0,0.0,1482054.6829,0.0
600030.SH,20240719,0,0.0,0.0,1482054.6829,0.0
600030.SH,20240712,0,0.0,0.0,1482054.6829,0.0
600030.SH,20240705,0,0.0,0.0,1482054.6829,0.0
600030.SH,20240628,0,0.0,0.0,1482054.6829,0.0
600030.SH,20240621,0,0.0,0.0,1482054.6829,0.0
600030.SH,20240614,0,0.0,0.0,1482054.6829,0.0
600030.SH,20240607,0,0.0,0.0,1482054.6829,0.0
600030.SH,20240531,0,0.0,0.0,1482054.6829,0.0
600030.SH,20240524,0,0.0,0.0,1482054.6829,0.0
600030.SH,20240517,0,0.0,0.0,1482054.6829,0.0
600030.SH,20240510,0,0.0,0.0,1482054.6829,0.0
600030.SH,20240430,0,0.0,0.0,1482054.6829,0.0
600030.SH,20240426,0,0.0,0.0,1482054.6829,0.0
600030.SH,20240419,0,0.0,0.0,1482054.6829,0.0
600030.SH,20240412,0,0.0,0.0,1482054.6829,0.0
600030.SH,20240403,0,0.0,0.0,1482054.6829,0.0
600030.SH,20240329,0,0.0,0.0,1482054.6829,0.0
600030.SH,20240322,0,0.0,0.0,1482054.6829,0.0
600030.SH,20240315,0,0.0,0.0,1482054.6829,0.0
600030.SH,20240308,0,0.0,0.0,1482054.6829,0.0
600030.SH,20240301,0,0.0,0.0,1482054.6829,0.0
600030.SH,20240223,0,0.0,0.0,1482054.6829,0.0
600030.SH,20240208,0,0.0,0.0,1482054.6829,0.0
600030.SH,20240202,0,0.0,0.0,1482054.6829,0.0
600030.SH,20240126,0,0.0,0.0,1482054.6829,0.0
600030.SH,20240119,0,0.0,0.0,1482054.6829,0.0
600030.SH,20240112,0,0.0,0.0,1482054.6829,0.0
600030.SH,20240105,0,0.0,0.0,1482054.6829,0.0
600030.SH,20231229,0,0.0,0.0,1482054.6829,0.0
600030.SH,20231222,0,0.0,0.0,1482054.6829,0.0
600030.SH,20231215,0,0.0,0.0,1482054.6829,0.0
600030.SH,20231208,0,0.0,0.0,1482054.6829,0.0
600030.SH,20231201,0,0.0,0.0,1482054.6829,0.0
600030.SH,20231124,0,0.0,0.0,1482054.6829,0.0
600030.SH,20231117,0,0.0,0.0,1482054.6829,0.0
600030.SH,20231110,0,0.0,0.0,1482054.6829,0.0
600030.SH,20231103,0,0.0,0.0,1482054.6829,0.0
600030.SH,20231027,0,0.0,0.0,1482054.6829,0.0
600030.SH,20231020,0,0.0,0.0,1482054.6829,0.0
600030.SH,20231013,0,0.0,0.0,1482054.6829,0.0
600030.SH,20230928,0,0.0,0.0,1482054.6829,0.0
600030.SH,20230922,0,0.0,0.0,1482054.6829,0.0
600030.SH,20230915,0,0.0,0.0,1482054.6829,0.0
600030.SH,20230908,0,0.0,0.0,1482054.6829,0.0
600030.SH,20230901,0,0.0,0.0,1482054.6829,0.0
600030.SH,20230825,0,0.0,0.0,1482054.6829,0.0
600030.SH,20230818,0,0.0,0.0,1482054.6829,0.0
600030.SH,20230811,0,0.0,0.0,1482054.6829,0.0
600030.SH,20230804,0,0.0,0.0,1482054.6829,0.0
600030.SH,20230728,0,0.0,0.0,1482054.6829,0.0
600030.SH,20230721,0,0.0,0.0,1482054.6829,0.0
600030.SH,20230714,0,0.0,0.0,1482054.6829,0.0
600030.SH,20230707,0,0.0,0.0,1482054.6829,0.0
600030.SH,20230630,0,0.0,0.0,1482054.6829,0.0
600030.SH,20230621,0,0.0,0.0,1482054.6829,0.0
600030.SH,20230616,0,0.0,0.0,1482054.6829,0.0
600030.SH,20230609,0,0.0,0.0,1482054.6829,0.0
600030.SH,20230602,0,0.0,0.0,1482054.6829,0.0
600030.SH,20230526,0,0.0,0.0,1482054.6829,0.0
600030.SH,20230519,0,0.0,0.0,1482054.6829,0.0
600030.SH,20230512,0,0.0,0.0,1482054.6829,0.0
600030.SH,20230505,0,0.0,0.0,1482054.6829,0.0
600030.SH,20230428,0,0.0,0.0,1482054.6829,0.0
600030.SH,20230421,0,0.0,0.0,1482054.6829,0.0
600030.SH,20230414,0,0.0,0.0,1482054.6829,0.0
600030.SH,20230407,0,0.0,0.0,1482054.6829,0.0
600030.SH,20230331,1,1992.78,0.0,1220047.0,0.16
600030.SH,20230331,1,1992.78,0.0,1220047.0,0.16
600030.SH,20230324,1,1992.78,0.0,1220047.0,0.16
600030.SH,20230324,1,1992.78,0.0,1220047.0,0.16
600030.SH,20230317,1,1992.78,0.0,1220047.0,0.16
600030.SH,20230317,1,1992.78,0.0,1220047.0,0.16
600030.SH,20230310,1,1992.78,0.0,1220047.0,0.16
600030.SH,20230310,1,1992.78,0.0,1220047.0,0.16
600030.SH,20230303,1,1992.78,0.0,1220047.0,0.16
600030.SH,20230303,1,1992.78,0.0,1220047.0,0.16
600030.SH,20230224,1,1992.78,0.0,1220047.0,0.16
600030.SH,20230224,1,1992.78,0.0,1220047.0,0.16
600030.SH,20230217,1,1992.78,0.0,1220047.0,0.16
600030.SH,20230217,1,1992.78,0.0,1220047.0,0.16
600030.SH,20230210,1,1992.78,0.0,1220047.0,0.16
600030.SH,20230210,1,1992.78,0.0,1220047.0,0.16
600030.SH,20230203,1,1992.78,0.0,1220047.0,0.16
600030.SH,20230203,1,1992.78,0.0,1220047.0,0.16
600030.SH,20230120,1,1992.78,0.0,1220047.0,0.16
600030.SH,20230120,1,1992.78,0.0,1220047.0,0.16
600030.SH,20230113,1,1992.78,0.0,1220047.0,0.16
600030.SH,20230113,1,1992.78,0.0,1220047.0,0.16
600030.SH,20230106,1,1992.78,0.0,1220047.0,0.16
600030.SH,20230106,1,1992.78,0.0,1220047.0,0.16
600030.SH,20221230,1,1992.78,0.0,1220047.0,0.16
600030.SH,20221230,1,1992.78,0.0,1220047.0,0.16
600030.SH,20221223,1,1992.78,0.0,1220047.0,0.16
600030.SH,20221223,1,1992.78,0.0,1220047.0,0.16
600030.SH,20221216,1,1992.78,0.0,1220047.0,0.16
600030.SH,20221216,1,1992.78,0.0,1220047.0,0.16
600030.SH,20221209,1,1992.78,0.0,1220047.0,0.16
600030.SH,20221209,1,1992.78,0.0,1220047.0,0.16
600030.SH,20221202,1,1992.78,0.0,1220047.0,0.16
600030.SH,20221202,1,1992.78,0.0,1220047.0,0.16
600030.SH,20221125,1,1992.78,0.0,1220047.0,0.16
600030.SH,20221125,1,1992.78,0.0,1220047.0,0.16
600030.SH,20221118,1,1992.78,0.0,1220047.0,0.16
600030.SH,20221118,1,1992.78,0.0,1220047.0,0.16
600030.SH,20221111,1,1992.78,0.0,1220047.0,0.16
600030.SH,20221111,1,1992.78,0.0,1220047.0,0.16
600030.SH,20221104,1,1992.78,0.0,1220047.0,0.16
600030.SH,20221104,1,1992.78,0.0,1220047.0,0.16
600030.SH,20221028,1,1992.78,0.0,1220047.0,0.16
600030.SH,20221028,1,1992.78,0.0,1220047.0,0.16
600030.SH,20221021,1,1992.78,0.0,1220047.0,0.16
600030.SH,20221021,1,1992.78,0.0,1220047.0,0.16
600030.SH,20221014,1,1992.78,0.0,1220047.0,0.16
600030.SH,20221014,1,1992.78,0.0,1220047.0,0.16
600030.SH,20220930,1,1992.78,0.0,1220047.0,0.16
600030.SH,20220930,1,1992.78,0.0,1220047.0,0.16
600030.SH,20220923,1,1992.78,0.0,1220047.0,0.16
600030.SH,20220923,1,1992.78,0.0,1220047.0,0.16
600030.SH,20220916,1,1992.78,0.0,1220047.0,0.16
600030.SH,20220916,1,1992.78,0.0,1220047.0,0.16
600030.SH,20220909,1,1992.78,0.0,1220047.0,0.16
600030.SH,20220909,1,1992.78,0.0,1220047.0,0.16
600030.SH,20220902,1,1992.78,0.0,1220047.0,0.16
600030.SH,20220902,1,1992.78,0.0,1220047.0,0.16
600030.SH,20220826,1,1992.78,0.0,1220047.0,0.16
600030.SH,20220826,1,1992.78,0.0,1220047.0,0.16
600030.SH,20220819,1,1992.78,0.0,1220047.0,0.16
600030.SH,20220819,1,1992.78,0.0,1220047.0,0.16
600030.SH,20220812,1,1992.78,0.0,1220047.0,0.16
600030.SH,20220812,1,1992.78,0.0,1220047.0,0.16
600030.SH,20220805,1,1992.78,0.0,1220047.0,0.16
600030.SH,20220805,1,1992.78,0.0,1220047.0,0.16
600030.SH,20220729,1,1992.78,0.0,1220047.0,0.16
600030.SH,20220729,1,1992.78,0.0,1220047.0,0.16
600030.SH,20220722,1,1992.78,0.0,1220047.0,0.16
600030.SH,20220722,1,1992.78,0.0,1220047.0,0.16
600030.SH,20220715,1,1992.78,0.0,1220047.0,0.16
600030.SH,20220715,1,1992.78,0.0,1220047.0,0.16
600030.SH,20220708,1,1992.78,0.0,1220047.0,0.16
600030.SH,20220708,1,1992.78,0.0,1220047.0,0.16
600030.SH,20220701,1,1992.78,0.0,1220047.0,0.16
600030.SH,20220701,1,1992.78,0.0,1220047.0,0.16
600030.SH,20220624,1,1992.78,0.0,1220047.0,0.16
600030.SH,20220624,1,1992.78,0.0,1220047.0,0.16
600030.SH,20220617,1,1992.78,0.0,1220047.0,0.16
600030.SH,20220617,1,1992.78,0.0,1220047.0,0.16
600030.SH,20220610,1,1992.78,0.0,1220047.0,0.16
600030.SH,20220610,1,1992.78,0.0,1220047.0,0.16
600030.SH,20220602,1,1992.78,0.0,1220047.0,0.16
600030.SH,20220602,1,1992.78,0.0,1220047.0,0.16
600030.SH,20220527,1,1992.78,0.0,1220047.0,0.16
600030.SH,20220527,1,1992.78,0.0,1220047.0,0.16
600030.SH,20220520,1,1992.78,0.0,1220047.0,0.16
600030.SH,20220520,1,1992.78,0.0,1220047.0,0.16
600030.SH,20220513,1,1992.78,0.0,1220047.0,0.16
600030.SH,20220513,1,1992.78,0.0,1220047.0,0.16
600030.SH,20220506,1,1992.78,0.0,1220047.0,0.16
600030.SH,20220506,1,1992.78,0.0,1220047.0,0.16
600030.SH,20220429,1,1992.78,0.0,1220047.0,0.16
600030.SH,20220429,1,1992.78,0.0,1220047.0,0.16
600030.SH,20220422,1,1992.78,0.0,1220047.0,0.16
600030.SH,20220422,1,1992.78,0.0,1220047.0,0.16
600030.SH,20220415,1,1992.78,0.0,1220047.0,0.16
600030.SH,20220415,1,1992.78,0.0,1220047.0,0.16
600030.SH,20220408,1,1992.78,0.0,1220047.0,0.16
600030.SH,20220408,1,1992.78,0.0,1220047.0,0.16
600030.SH,20220401,1,1992.78,0.0,1220047.0,0.16
600030.SH,20220401,1,1992.78,0.0,1220047.0,0.16
600030.SH,20220325,1,1992.78,0.0,1220047.0,0.16
600030.SH,20220325,1,1992.78,0.0,1220047.0,0.16
600030.SH,20220318,1,1992.78,0.0,1220047.0,0.16
600030.SH,20220318,1,1992.78,0.0,1220047.0,0.16
600030.SH,20220311,1,1992.78,0.0,1220047.0,0.16
600030.SH,20220311,1,1992.78,0.0,1220047.0,0.16
600030.SH,20220304,1,1992.78,0.0,1220047.0,0.16
600030.SH,20220304,1,1992.78,0.0,1220047.0,0.16
600030.SH,20220225,1,1992.78,0.0,1220047.0,0.16
600030.SH,20220225,1,1992.78,0.0,1220047.0,0.16
600030.SH,20220218,1,1992.78,0.0,1220047.0,0.16
600030.SH,20220218,1,1992.78,0.0,1220047.0,0.16
600030.SH,20220211,1,1992.78,0.0,1064844.83,0.19
600030.SH,20220211,1,1992.78,0.0,1064844.83,0.19
600030.SH,20220128,1,1992.78,0.0,1064844.83,0.19
600030.SH,20220128,1,1992.78,0.0,1064844.83,0.19
600030.SH,20220121,1,1992.78,0.0,1064844.83,0.19
600030.SH,20220121,1,1992.78,0.0,1064844.83,0.19
600030.SH,20220114,1,1992.78,0.0,1064844.83,0.19
600030.SH,20220114,1,1992.78,0.0,1064844.83,0.19
600030.SH,20220107,1,1992.78,0.0,1064844.83,0.19
600030.SH,20220107,1,1992.78,0.0,1064844.83,0.19
600030.SH,20211231,1,1992.78,0.0,1064844.83,0.19
600030.SH,20211231,1,1992.78,0.0,1064844.83,0.19
600030.SH,20211224,1,1992.78,0.0,1064844.83,0.19
600030.SH,20211224,1,1992.78,0.0,1064844.83,0.19
600030.SH,20211217,1,1992.78,0.0,1064844.83,0.19
600030.SH,20211217,1,1992.78,0.0,1064844.83,0.19
600030.SH,20211210,1,1992.78,0.0,1064844.83,0.19
600030.SH,20211210,1,1992.78,0.0,1064844.83,0.19
600030.SH,20211203,1,1992.78,0.0,1064844.83,0.19
600030.SH,20211203,1,1992.78,0.0,1064844.83,0.19
600030.SH,20211126,1,1992.78,0.0,1064844.83,0.19
600030.SH,20211126,1,1992.78,0.0,1064844.83,0.19
600030.SH,20211119,1,1992.78,0.0,1064844.83,0.19
600030.SH,20211119,1,1992.78,0.0,1064844.83,0.19
600030.SH,20211112,1,1992.78,0.0,1064844.83,0.19
600030.SH,20211112,1,1992.78,0.0,1064844.83,0.19
600030.SH,20211105,1,1992.78,0.0,1064844.83,0.19
600030.SH,20211105,1,1992.78,0.0,1064844.83,0.19
600030.SH,20211029,1,1992.78,0.0,1064844.83,0.19
600030.SH,20211029,1,1992.78,0.0,1064844.83,0.19
600030.SH,20211022,1,1992.78,0.0,1064844.83,0.19
600030.SH,20211022,1,1992.78,0.0,1064844.83,0.19
600030.SH,20211015,1,1992.78,0.0,1064844.83,0.19
600030.SH,20211015,1,1992.78,0.0,1064844.83,0.19
600030.SH,20211008,1,1992.78,0.0,1064844.83,0.19
600030.SH,20211008,1,1992.78,0.0,1064844.83,0.19
600030.SH,20210930,1,1992.78,0.0,1064844.83,0.19
600030.SH,20210930,1,1992.78,0.0,1064844.83,0.19
600030.SH,20210924,1,1992.78,0.0,1064844.83,0.19
600030.SH,20210924,1,1992.78,0.0,1064844.83,0.19
600030.SH,20210917,1,1992.78,0.0,1064844.83,0.19
600030.SH,20210917,1,1992.78,0.0,1064844.83,0.19
600030.SH,20210910,2,2005.78,0.0,1064844.83,0.19
600030.SH,20210910,2,2005.78,0.0,1064844.83,0.19
600030.SH,20210903,2,2005.78,0.0,1064844.83,0.19
600030.SH,20210903,2,2005.78,0.0,1064844.83,0.19
600030.SH,20210827,2,2005.78,0.0,1064844.83,0.19
600030.SH,20210827,2,2005.78,0.0,1064844.83,0.19
600030.SH,20210820,2,2005.78,0.0,1064844.83,0.19
600030.SH,20210820,2,2005.78,0.0,1064844.83,0.19
600030.SH,20210813,2,2005.78,0.0,1064844.83,0.19
600030.SH,20210813,2,2005.78,0.0,1064844.83,0.19
600030.SH,20210806,2,2005.78,0.0,1064844.83,0.19
600030.SH,20210806,2,2005.78,0.0,1064844.83,0.19
600030.SH,20210730,2,2005.78,0.0,1064844.83,0.19
600030.SH,20210730,2,2005.78,0.0,1064844.83,0.19
600030.SH,20210723,2,2005.78,0.0,1064844.83,0.19
600030.SH,20210723,2,2005.78,0.0,1064844.83,0.19
600030.SH,20210716,2,2005.78,0.0,1064844.83,0.19
600030.SH,20210716,2,2005.78,0.0,1064844.83,0.19
600030.SH,20210709,2,2005.78,0.0,1064844.83,0.19
600030.SH,20210709,2,2005.78,0.0,1064844.83,0.19
600030.SH,20210702,2,2005.78,0.0,1064844.83,0.19
600030.SH,20210702,2,2005.78,0.0,1064844.83,0.19
600030.SH,20210625,2,2005.78,0.0,1064844.83,0.19
600030.SH,20210625,2,2005.78,0.0,1064844.83,0.19
600030.SH,20210618,2,2005.78,0.0,1064844.83,0.19
600030.SH,20210618,2,2005.78,0.0,1064844.83,0.19
600030.SH,20210611,1,1992.78,0.0,1064844.83,0.19
600030.SH,20210611,1,1992.78,0.0,1064844.83,0.19
600030.SH,20210604,1,1992.78,0.0,1064844.83,0.19
600030.SH,20210604,1,1992.78,0.0,1064844.83,0.19
600030.SH,20210528,1,1992.78,0.0,1064844.83,0.19
600030.SH,20210528,1,1992.78,0.0,1064844.83,0.19
600030.SH,20210521,1,1992.78,0.0,1064844.83,0.19
600030.SH,20210521,1,1992.78,0.0,1064844.83,0.19
600030.SH,20210514,1,1992.78,0.0,1064844.83,0.19
600030.SH,20210514,1,1992.78,0.0,1064844.83,0.19
600030.SH,20210507,1,1992.78,0.0,1064844.83,0.19
600030.SH,20210507,1,1992.78,0.0,1064844.83,0.19
600030.SH,20210430,1,1992.78,0.0,1064844.83,0.19
600030.SH,20210430,1,1992.78,0.0,1064844.83,0.19
600030.SH,20210423,1,1992.78,0.0,1064844.83,0.19
600030.SH,20210423,1,1992.78,0.0,1064844.83,0.19
600030.SH,20210416,1,1992.78,0.0,1064844.83,0.19
600030.SH,20210416,1,1992.78,0.0,1064844.83,0.19
600030.SH,20210409,1,1992.78,0.0,1064844.83,0.19
600030.SH,20210409,1,1992.78,0.0,1064844.83,0.19
600030.SH,20210402,1,1992.78,0.0,1064844.83,0.19
600030.SH,20210402,1,1992.78,0.0,1064844.83,0.19
600030.SH,20210326,1,1992.78,0.0,1064844.83,0.19
600030.SH,20210326,1,1992.78,0.0,1064844.83,0.19
600030.SH,20210319,1,1992.78,0.0,1064844.83,0.19
600030.SH,20210319,1,1992.78,0.0,1064844.83,0.19
600030.SH,20210312,1,1992.78,0.0,1064844.83,0.19
600030.SH,20210312,1,1992.78,0.0,1064844.83,0.19
600030.SH,20210305,1,1992.78,0.0,1064844.83,0.19
600030.SH,20210305,1,1992.78,0.0,1064844.83,0.19
600030.SH,20210226,1,1992.78,0.0,1064844.83,0.19
600030.SH,20210226,1,1992.78,0.0,1064844.83,0.19
600030.SH,20210219,1,1992.78,0.0,1064844.83,0.19
600030.SH,20210219,1,1992.78,0.0,1064844.83,0.19
600030.SH,20210210,1,1992.78,0.0,1064844.83,0.19
600030.SH,20210210,1,1992.78,0.0,1064844.83,0.19
600030.SH,20210205,1,1992.78,0.0,1064844.83,0.19
600030.SH,20210205,1,1992.78,0.0,1064844.83,0.19
600030.SH,20210129,3,1992.8,0.0,1064844.83,0.19
600030.SH,20210129,3,1992.8,0.0,1064844.83,0.19
600030.SH,20210122,4,1993.06,0.0,1064844.83,0.19
600030.SH,20210122,4,1993.06,0.0,1064844.83,0.19
600030.SH,20210115,6,1993.08,0.0,1064844.83,0.19
600030.SH,20210115,6,1993.08,0.0,1064844.83,0.19
600030.SH,20210108,8,1993.1,0.0,1064844.83,0.19
600030.SH,20210108,8,1993.1,0.0,1064844.83,0.19
600030.SH,20201231,8,1993.1,0.0,1064844.83,0.19
600030.SH,20201231,8,1993.1,0.0,1064844.83,0.19
600030.SH,20201225,8,1993.1,0.0,1064844.83,0.19
600030.SH,20201225,8,1993.1,0.0,1064844.83,0.19
600030.SH,20201218,8,1993.1,0.0,1064844.83,0.19
600030.SH,20201218,8,1993.1,0.0,1064844.83,0.19
600030.SH,20201211,9,1993.22,0.0,1064844.83,0.19
600030.SH,20201211,9,1993.22,0.0,1064844.83,0.19
600030.SH,20201204,9,1993.22,0.0,1064844.83,0.19
600030.SH,20201204,9,1993.22,0.0,1064844.83,0.19
600030.SH,20201127,10,1993.75,0.0,1064844.83,0.19
600030.SH,20201127,10,1993.75,0.0,1064844.83,0.19
600030.SH,20201120,11,1994.6,0.0,1064844.83,0.19
600030.SH,20201120,11,1994.6,0.0,1064844.83,0.19
600030.SH,20201113,12,1994.62,0.0,1064844.83,0.19
600030.SH,20201113,12,1994.62,0.0,1064844.83,0.19
600030.SH,20201106,12,1994.62,0.0,1064844.83,0.19
600030.SH,20201106,12,1994.62,0.0,1064844.83,0.19
600030.SH,20201030,12,1994.62,0.0,1064844.83,0.19
600030.SH,20201030,12,1994.62,0.0,1064844.83,0.19
600030.SH,20201023,12,1994.62,0.0,1064844.83,0.19
600030.SH,20201023,12,1994.62,0.0,1064844.83,0.19
600030.SH,20201016,12,1994.62,0.0,1064844.83,0.19
600030.SH,20201016,12,1994.62,0.0,1064844.83,0.19
600030.SH,20201009,15,1994.68,0.0,1064844.83,0.19
600030.SH,20201009,15,1994.68,0.0,1064844.83,0.19
600030.SH,20200930,15,1994.68,0.0,1064844.83,0.19
600030.SH,20200930,15,1994.68,0.0,1064844.83,0.19
600030.SH,20200925,15,1994.68,0.0,1064844.83,0.19
600030.SH,20200925,15,1994.68,0.0,1064844.83,0.19
600030.SH,20200918,16,1995.42,0.0,1064844.83,0.19
600030.SH,20200918,16,1995.42,0.0,1064844.83,0.19
600030.SH,20200911,16,1995.42,0.0,1064844.83,0.19
600030.SH,20200911,16,1995.42,0.0,1064844.83,0.19
600030.SH,20200904,16,1995.42,0.0,1064844.83,0.19
600030.SH,20200904,16,1995.42,0.0,1064844.83,0.19
600030.SH,20200828,19,1997.01,0.0,1064844.83,0.19
600030.SH,20200828,19,1997.01,0.0,1064844.83,0.19
600030.SH,20200821,19,1997.01,0.0,1064844.83,0.19
600030.SH,20200821,19,1997.01,0.0,1064844.83,0.19
600030.SH,20200814,19,1997.01,0.0,1064844.83,0.19
600030.SH,20200814,19,1997.01,0.0,1064844.83,0.19
600030.SH,20200807,20,1997.31,0.0,1064844.83,0.19
600030.SH,20200807,20,1997.31,0.0,1064844.83,0.19
600030.SH,20200731,20,1997.31,0.0,1064844.83,0.19
600030.SH,20200731,20,1997.31,0.0,1064844.83,0.19
600030.SH,20200724,20,1997.31,0.0,1064844.83,0.19
600030.SH,20200724,20,1997.31,0.0,1064844.83,0.19
600030.SH,20200717,20,1997.31,0.0,1064844.83,0.19
600030.SH,20200717,20,1997.31,0.0,1064844.83,0.19
600030.SH,20200710,21,1997.73,0.0,1064844.83,0.19
600030.SH,20200710,21,1997.73,0.0,1064844.83,0.19
600030.SH,20200703,23,1999.18,0.0,1064844.83,0.19
600030.SH,20200703,23,1999.18,0.0,1064844.83,0.19
600030.SH,20200624,24,1999.32,0.0,1064844.83,0.19
600030.SH,20200624,24,1999.32,0.0,1064844.83,0.19
600030.SH,20200619,25,2000.12,0.0,1064844.83,0.19
600030.SH,20200619,25,2000.12,0.0,1064844.83,0.19
600030.SH,20200612,25,2000.12,0.0,1064844.83,0.19
600030.SH,20200612,25,2000.12,0.0,1064844.83,0.19
600030.SH,20200605,25,2000.12,0.0,1064844.83,0.19
600030.SH,20200605,25,2000.12,0.0,1064844.83,0.19
600030.SH,20200529,25,2000.12,0.0,1064844.83,0.19
600030.SH,20200529,25,2000.12,0.0,1064844.83,0.19
600030.SH,20200522,26,2000.13,0.0,1064844.83,0.19
600030.SH,20200522,26,2000.13,0.0,1064844.83,0.19
600030.SH,20200515,25,2000.11,0.0,1064844.83,0.19
600030.SH,20200515,25,2000.11,0.0,1064844.83,0.19
600030.SH,20200508,25,2000.11,0.0,1064844.83,0.19
600030.SH,20200508,25,2000.11,0.0,1064844.83,0.19
600030.SH,20200430,25,2000.11,0.0,1064844.83,0.19
600030.SH,20200430,25,2000.11,0.0,1064844.83,0.19
600030.SH,20200424,25,2000.11,0.0,1064844.83,0.19
600030.SH,20200424,25,2000.11,0.0,1064844.83,0.19
600030.SH,20200417,27,2000.25,0.0,1064844.83,0.19
600030.SH,20200417,27,2000.25,0.0,1064844.83,0.19
600030.SH,20200410,27,2000.25,0.0,1064844.83,0.19
600030.SH,20200410,27,2000.25,0.0,1064844.83,0.19
600030.SH,20200403,27,2000.25,0.0,1064844.83,0.19
600030.SH,20200403,27,2000.25,0.0,1064844.83,0.19
600030.SH,20200403,27,2000.25,0.0,1064844.83,0.19
600030.SH,20200327,27,2000.25,0.0,1064844.83,0.19
600030.SH,20200327,27,2000.25,0.0,1064844.83,0.19
600030.SH,20200320,28,2000.31,0.0,1064844.83,0.19
600030.SH,20200320,28,2000.31,0.0,1064844.83,0.19
600030.SH,20200313,29,2000.39,0.0,1064844.83,0.19
600030.SH,20200313,29,2000.39,0.0,1064844.83,0.19
600030.SH,20200306,30,2000.49,0.0,983858.07,0.2
600030.SH,20200306,30,2000.49,0.0,983858.07,0.2
600030.SH,20200228,30,2000.49,0.0,983858.07,0.2
600030.SH,20200228,30,2000.49,0.0,983858.07,0.2
600030.SH,20200221,30,2000.49,0.0,983858.07,0.2
600030.SH,20200221,30,2000.49,0.0,983858.07,0.2
600030.SH,20200214,33,2000.73,0.0,983858.07,0.2
600030.SH,20200214,33,2000.73,0.0,983858.07,0.2
600030.SH,20200207,33,2000.73,0.0,983858.07,0.2
600030.SH,20200207,33,2000.73,0.0,983858.07,0.2
600030.SH,20200123,32,2001.55,0.0,983858.07,0.2
600030.SH,20200123,32,2001.55,0.0,983858.07,0.2
600030.SH,20200117,35,2003.2,0.0,983858.07,0.2
600030.SH,20200117,35,2003.2,0.0,983858.07,0.2
600030.SH,20200110,35,2003.2,0.0,983858.07,0.2
600030.SH,20200110,35,2003.2,0.0,983858.07,0.2
600030.SH,20200103,35,2003.2,0.0,983858.07,0.2
600030.SH,20200103,35,2003.2,0.0,983858.07,0.2
600030.SH,20191227,36,2003.26,0.0,983858.07,0.2
600030.SH,20191227,36,2003.26,0.0,983858.07,0.2
600030.SH,20191220,36,2003.26,0.0,983858.07,0.2
600030.SH,20191220,36,2003.26,0.0,983858.07,0.2
600030.SH,20191213,36,2003.26,0.0,983858.07,0.2
600030.SH,20191213,36,2003.26,0.0,983858.07,0.2
600030.SH,20191206,37,2003.94,0.0,983858.07,0.2
600030.SH,20191206,37,2003.94,0.0,983858.07,0.2
600030.SH,20191129,37,2003.94,0.0,983858.07,0.2
600030.SH,20191129,37,2003.94,0.0,983858.07,0.2
600030.SH,20191122,38,2004.04,0.0,983858.07,0.2
600030.SH,20191122,38,2004.04,0.0,983858.07,0.2
600030.SH,20191115,38,2004.08,0.0,983858.07,0.2
600030.SH,20191115,38,2004.08,0.0,983858.07,0.2
600030.SH,20191108,38,2004.08,0.0,983858.07,0.2
600030.SH,20191108,38,2004.08,0.0,983858.07,0.2
600030.SH,20191101,39,2004.09,0.0,983858.07,0.2
600030.SH,20191101,39,2004.09,0.0,983858.07,0.2
600030.SH,20191025,39,2004.09,0.0,983858.07,0.2
600030.SH,20191025,39,2004.09,0.0,983858.07,0.2
600030.SH,20191018,40,2004.1,0.0,983858.07,0.2
600030.SH,20191018,40,2004.1,0.0,983858.07,0.2
600030.SH,20191011,41,2005.32,0.0,983858.07,0.2
600030.SH,20191011,41,2005.32,0.0,983858.07,0.2
600030.SH,20190930,42,2005.35,0.0,983858.07,0.2
600030.SH,20190930,42,2005.35,0.0,983858.07,0.2
600030.SH,20190927,42,2005.35,0.0,983858.07,0.2
600030.SH,20190927,42,2005.35,0.0,983858.07,0.2
600030.SH,20190920,43,2005.62,0.0,983858.07,0.2
600030.SH,20190920,43,2005.62,0.0,983858.07,0.2
600030.SH,20190912,44,2006.02,0.0,983858.07,0.2
600030.SH,20190912,44,2006.02,0.0,983858.07,0.2
600030.SH,20190906,44,2006.02,0.0,983858.07,0.2
600030.SH,20190906,44,2006.02,0.0,983858.07,0.2
600030.SH,20190830,46,2006.38,0.0,983858.07,0.2
600030.SH,20190830,46,2006.38,0.0,983858.07,0.2
600030.SH,20190823,51,2007.8,0.0,983858.07,0.2
600030.SH,20190823,51,2007.8,0.0,983858.07,0.2
600030.SH,20190816,51,2007.8,0.0,983858.07,0.2
600030.SH,20190816,51,2007.8,0.0,983858.07,0.2
600030.SH,20190809,53,2008.72,0.0,983858.07,0.2
600030.SH,20190809,53,2008.72,0.0,983858.07,0.2
600030.SH,20190802,53,2008.72,0.0,983858.07,0.2
600030.SH,20190802,53,2008.72,0.0,983858.07,0.2
600030.SH,20190726,55,2009.28,0.0,983858.07,0.2
600030.SH,20190726,55,2009.28,0.0,983858.07,0.2
600030.SH,20190719,57,2011.14,0.0,983858.07,0.2
600030.SH,20190719,57,2011.14,0.0,983858.07,0.2
600030.SH,20190712,58,2011.97,0.0,983858.07,0.2
600030.SH,20190712,58,2011.97,0.0,983858.07,0.2
600030.SH,20190705,61,2013.08,0.0,983858.07,0.2
600030.SH,20190705,61,2013.08,0.0,983858.07,0.2
600030.SH,20190628,62,2013.28,0.0,983858.07,0.2
600030.SH,20190628,62,2013.28,0.0,983858.07,0.2
600030.SH,20190621,62,2013.28,0.0,983858.07,0.2
600030.SH,20190621,62,2013.28,0.0,983858.07,0.2
600030.SH,20190614,62,2013.28,0.0,983858.07,0.2
600030.SH,20190614,62,2013.28,0.0,983858.07,0.2
600030.SH,20190606,64,2014.71,0.0,983858.07,0.2
600030.SH,20190606,64,2014.71,0.0,983858.07,0.2
600030.SH,20190531,71,2015.09,0.0,983858.07,0.2
600030.SH,20190531,71,2015.09,0.0,983858.07,0.2
600030.SH,20190524,75,2016.37,0.0,983858.07,0.2
600030.SH,20190524,75,2016.37,0.0,983858.07,0.2
600030.SH,20190517,78,2016.4,0.0,983858.07,0.2
600030.SH,20190517,78,2016.4,0.0,983858.07,0.2
600030.SH,20190510,78,2016.4,0.0,983858.07,0.2
600030.SH,20190510,78,2016.4,0.0,983858.07,0.2
600030.SH,20190430,79,2016.41,0.0,983858.07,0.2
600030.SH,20190430,79,2016.41,0.0,983858.07,0.2
600030.SH,20190426,79,2016.41,0.0,983858.07,0.2
600030.SH,20190426,79,2016.41,0.0,983858.07,0.2
600030.SH,20190419,81,2019.67,0.0,983858.07,0.21
600030.SH,20190419,81,2019.67,0.0,983858.07,0.21
600030.SH,20190412,83,2020.12,0.0,983858.07,0.21
600030.SH,20190412,83,2020.12,0.0,983858.07,0.21
600030.SH,20190404,86,2020.89,0.0,983858.07,0.21
600030.SH,20190404,86,2020.89,0.0,983858.07,0.21
600030.SH,20190329,104,2021.84,0.0,983858.07,0.21
600030.SH,20190329,104,2021.84,0.0,983858.07,0.21
600030.SH,20190322,105,2021.91,0.0,983858.07,0.21
600030.SH,20190322,105,2021.91,0.0,983858.07,0.21
600030.SH,20190315,110,2022.71,0.0,983858.07,0.21
600030.SH,20190315,110,2022.71,0.0,983858.07,0.21
600030.SH,20190308,117,2023.44,0.0,983858.07,0.21
600030.SH,20190308,117,2023.44,0.0,983858.07,0.21
600030.SH,20190301,125,2025.57,0.0,983858.07,0.21
600030.SH,20190301,125,2025.57,0.0,983858.07,0.21
600030.SH,20190222,140,2072.84,0.0,983858.07,0.21
600030.SH,20190222,140,2072.84,0.0,983858.07,0.21
600030.SH,20190215,143,2073.44,0.0,983858.07,0.21
600030.SH,20190215,143,2073.44,0.0,983858.07,0.21
600030.SH,20190201,148,2074.84,0.0,983858.07,0.21
600030.SH,20190201,148,2074.84,0.0,983858.07,0.21
600030.SH,20190125,152,2075.66,0.0,983858.07,0.21
600030.SH,20190125,152,2075.66,0.0,983858.07,0.21
600030.SH,20190118,167,2083.46,0.0,983858.07,0.21
600030.SH,20190118,167,2083.46,0.0,983858.07,0.21
600030.SH,20190111,178,2102.26,0.0,983858.07,0.21
600030.SH,20190111,178,2102.26,0.0,983858.07,0.21
600030.SH,20190104,183,111.35,0.0,983858.07,0.01
600030.SH,20190104,183,111.35,0.0,983858.07,0.01
600030.SH,20181228,187,112.95,0.0,983858.07,0.01
600030.SH,20181228,187,112.95,0.0,983858.07,0.01
600030.SH,20181221,191,114.53,0.0,983858.07,0.01
600030.SH,20181221,191,114.53,0.0,983858.07,0.01
600030.SH,20181214,198,116.81,0.0,983858.07,0.01
600030.SH,20181214,198,116.81,0.0,983858.07,0.01
600030.SH,20181207,220,128.94,0.0,983858.07,0.01
600030.SH,20181207,220,128.94,0.0,983858.07,0.01
600030.SH,20181130,234,192.98,0.0,983858.07,0.02
600030.SH,20181130,234,192.98,0.0,983858.07,0.02
600030.SH,20181123,243,194.4,0.0,983858.07,0.02
600030.SH,20181123,243,194.4,0.0,983858.07,0.02
600030.SH,20181116,264,198.59,0.0,983858.07,0.02
600030.SH,20181116,264,198.59,0.0,983858.07,0.02
600030.SH,20181109,268,203.03,0.0,983858.07,0.02
600030.SH,20181109,268,203.03,0.0,983858.07,0.02
600030.SH,20181102,275,206.36,0.0,983858.07,0.02
600030.SH,20181102,275,206.36,0.0,983858.07,0.02
600030.SH,20181026,293,211.68,0.0,983858.07,0.02
600030.SH,20181026,293,211.68,0.0,983858.07,0.02
600030.SH,20181019,310,216.83,0.0,983858.07,0.02
600030.SH,20181019,310,216.83,0.0,983858.07,0.02
600030.SH,20181012,302,219.46,0.0,983858.07,0.02
600030.SH,20181012,302,219.46,0.0,983858.07,0.02
600030.SH,20180928,311,231.44,0.0,983858.07,0.02
600030.SH,20180928,311,231.44,0.0,983858.07,0.02
600030.SH,20180921,316,240.05,0.0,983858.07,0.02
600030.SH,20180921,316,240.05,0.0,983858.07,0.02
600030.SH,20180914,319,241.76,0.0,983858.07,0.02
600030.SH,20180914,319,241.76,0.0,983858.07,0.02
600030.SH,20180907,319,245.94,0.0,983858.07,0.02
600030.SH,20180907,319,245.94,0.0,983858.07,0.02
600030.SH,20180831,317,246.97,0.0,983858.07,0.03
600030.SH,20180831,317,246.97,0.0,983858.07,0.03
600030.SH,20180824,324,251.82,0.0,983858.07,0.03
600030.SH,20180824,324,251.82,0.0,983858.07,0.03
600030.SH,20180817,335,269.58,0.0,983858.07,0.03
600030.SH,20180817,335,269.58,0.0,983858.07,0.03
600030.SH,20180810,340,270.78,0.0,983858.07,0.03
600030.SH,20180810,340,270.78,0.0,983858.07,0.03
600030.SH,20180803,339,271.02,0.0,983858.07,0.03
600030.SH,20180803,339,271.02,0.0,983858.07,0.03
600030.SH,20180727,350,280.2,0.0,983858.07,0.03
600030.SH,20180727,350,280.2,0.0,983858.07,0.03
600030.SH,20180720,375,285.27,0.0,983858.07,0.03
600030.SH,20180720,375,285.27,0.0,983858.07,0.03
600030.SH,20180713,391,287.49,0.0,983858.07,0.03
600030.SH,20180713,391,287.49,0.0,983858.07,0.03
600030.SH,20180706,401,289.06,0.0,983858.07,0.03
600030.SH,20180706,401,289.06,0.0,983858.07,0.03
600030.SH,20180629,403,295.04,0.0,983858.07,0.03
600030.SH,20180629,403,295.04,0.0,983858.07,0.03
600030.SH,20180622,425,315.01,0.0,983858.07,0.03
600030.SH,20180622,425,315.01,0.0,983858.07,0.03
600030.SH,20180615,385,313.25,0.0,983858.07,0.03
600030.SH,20180615,385,313.25,0.0,983858.07,0.03
600030.SH,20180608,391,317.07,0.0,983858.07,0.03
600030.SH,20180608,391,317.07,0.0,983858.07,0.03
600030.SH,20180601,402,389.69,0.0,983858.07,0.04
600030.SH,20180601,402,389.69,0.0,983858.07,0.04
600030.SH,20180525,395,398.96,0.0,983858.07,0.04
600030.SH,20180525,395,398.96,0.0,983858.07,0.04
600030.SH,20180518,407,412.91,0.0,983858.07,0.04
600030.SH,20180518,407,412.91,0.0,983858.07,0.04
600030.SH,20180511,427,429.02,0.0,983858.07,0.04
600030.SH,20180511,427,429.02,0.0,983858.07,0.04
600030.SH,20180504,446,460.85,0.0,983858.07,0.05
600030.SH,20180504,446,460.85,0.0,983858.07,0.05
600030.SH,20180427,455,465.38,0.0,983858.07,0.05
600030.SH,20180427,455,465.38,0.0,983858.07,0.05
600030.SH,20180420,495,479.93,0.0,983858.07,0.05
600030.SH,20180420,495,479.93,0.0,983858.07,0.05
600030.SH,20180413,517,486.98,0.0,983858.07,0.05
600030.SH,20180413,517,486.98,0.0,983858.07,0.05
600030.SH,20180404,562,502.34,0.0,983858.07,0.05
600030.SH,20180404,562,502.34,0.0,983858.07,0.05
600030.SH,20180330,579,529.06,0.0,983858.07,0.05
600030.SH,20180330,579,529.06,0.0,983858.07,0.05
600030.SH,20180323,619,575.15,0.0,983858.07,0.06
600030.SH,20180323,619,575.15,0.0,983858.07,0.06
600030.SH,20180316,639,587.55,0.0,983858.07,0.06
600030.SH,20180316,639,587.55,0.0,983858.07,0.06
600030.SH,20180309,655,598.0,0.0,983858.07,0.06
600030.SH,20180309,655,598.0,0.0,983858.07,0.06
600030.SH,20180302,686,612.33,0.0,983858.07,0.06
600030.SH,20180302,686,612.33,0.0,983858.07,0.06
600030.SH,20180223,741,633.34,0.0,983858.07,0.06
600030.SH,20180223,741,633.34,0.0,983858.07,0.06
600030.SH,20180214,748,635.52,0.0,983858.07,0.06
600030.SH,20180214,748,635.52,0.0,983858.07,0.06
600030.SH,20180209,780,661.08,0.0,983858.07,0.07
600030.SH,20180209,780,661.08,0.0,983858.07,0.07
600030.SH,20180202,838,705.31,0.0,983858.07,0.07
600030.SH,20180202,838,705.31,0.0,983858.07,0.07
600030.SH,20180126,771,706.92,0.0,983858.07,0.07
600030.SH,20180126,771,706.92,0.0,983858.07,0.07
600030.SH,20180119,754,706.65,0.0,983858.07,0.07
600030.SH,20180119,754,706.65,0.0,983858.07,0.07
600030.SH,20180112,797,741.64,0.0,983858.07,0.08
600030.SH,20180112,797,741.64,0.0,983858.07,0.08
600030.SH,20180105,833,762.88,0.0,983858.07,0.08
600030.SH,20180105,833,762.88,0.0,983858.07,0.08
600030.SH,20171229,851,766.39,0.0,983858.07,0.08
600030.SH,20171229,851,766.39,0.0,983858.07,0.08
600030.SH,20171222,785,713.04,0.0,983858.07,0.07
600030.SH,20171222,785,713.04,0.0,983858.07,0.07
600030.SH,20171215,771,722.75,0.0,983858.07,0.07
600030.SH,20171215,771,722.75,0.0,983858.07,0.07
600030.SH,20171208,772,681.62,0.0,983858.07,0.07
600030.SH,20171208,772,681.62,0.0,983858.07,0.07
600030.SH,20171201,828,769.39,0.0,983858.07,0.08
600030.SH,20171201,828,769.39,0.0,983858.07,0.08
600030.SH,20171124,787,742.01,0.0,983858.07,0.08
600030.SH,20171124,787,742.01,0.0,983858.07,0.08
600030.SH,20171117,787,730.85,0.0,983858.07,0.07
600030.SH,20171117,787,730.85,0.0,983858.07,0.07
600030.SH,20171110,777,750.41,0.0,983858.07,0.08
600030.SH,20171110,777,750.41,0.0,983858.07,0.08
600030.SH,20171103,794,919.78,0.0,983858.07,0.09
600030.SH,20171103,794,919.78,0.0,983858.07,0.09
600030.SH,20171027,777,916.88,0.0,983858.07,0.09
600030.SH,20171027,777,916.88,0.0,983858.07,0.09
600030.SH,20171020,783,916.59,0.0,983858.07,0.09
600030.SH,20171020,783,916.59,0.0,983858.07,0.09
600030.SH,20171013,772,916.97,0.0,983858.07,0.09
600030.SH,20171013,772,916.97,0.0,983858.07,0.09
600030.SH,20170929,766,919.65,0.0,983858.07,0.09
600030.SH,20170929,766,919.65,0.0,983858.07,0.09
600030.SH,20170922,731,910.36,0.0,983858.07,0.09
600030.SH,20170922,731,910.36,0.0,983858.07,0.09
600030.SH,20170915,723,926.36,0.0,983858.07,0.09
600030.SH,20170915,723,926.36,0.0,983858.07,0.09
600030.SH,20170908,712,919.87,0.0,983858.07,0.09
600030.SH,20170908,712,919.87,0.0,983858.07,0.09
600030.SH,20170901,675,920.02,0.0,983858.07,0.09
600030.SH,20170901,675,920.02,0.0,983858.07,0.09
600030.SH,20170825,696,1230.72,0.0,983858.07,0.13
600030.SH,20170825,696,1230.72,0.0,983858.07,0.13
600030.SH,20170818,700,1232.75,0.0,983858.07,0.13
600030.SH,20170818,700,1232.75,0.0,983858.07,0.13
600030.SH,20170811,718,1235.33,0.0,983858.07,0.13
600030.SH,20170811,718,1235.33,0.0,983858.07,0.13
600030.SH,20170804,702,1226.28,0.0,983858.07,0.12
600030.SH,20170804,702,1226.28,0.0,983858.07,0.12
600030.SH,20170728,723,1243.12,0.0,983858.07,0.13
600030.SH,20170728,723,1243.12,0.0,983858.07,0.13
600030.SH,20170721,718,1256.45,0.0,983858.07,0.13
600030.SH,20170721,718,1256.45,0.0,983858.07,0.13
600030.SH,20170714,729,1262.57,0.0,983858.07,0.13
600030.SH,20170714,729,1262.57,0.0,983858.07,0.13
600030.SH,20170707,740,1265.93,0.0,983858.07,0.13
600030.SH,20170707,740,1265.93,0.0,983858.07,0.13
600030.SH,20170630,746,1285.41,0.0,983858.07,0.13
600030.SH,20170630,746,1285.41,0.0,983858.07,0.13
600030.SH,20170623,746,1275.64,0.0,983858.07,0.13
600030.SH,20170623,746,1275.64,0.0,983858.07,0.13
600030.SH,20170616,763,1201.81,0.0,983858.07,0.12
600030.SH,20170616,763,1201.81,0.0,983858.07,0.12
600030.SH,20170609,763,1195.3,0.0,983858.07,0.12
600030.SH,20170609,763,1195.3,0.0,983858.07,0.12
600030.SH,20170602,780,1203.35,0.0,983858.07,0.12
600030.SH,20170602,780,1203.35,0.0,983858.07,0.12
600030.SH,20170526,790,1210.57,0.0,983858.07,0.12
600030.SH,20170526,790,1210.57,0.0,983858.07,0.12
600030.SH,20170519,820,1165.58,0.0,983858.07,0.12
600030.SH,20170519,820,1165.58,0.0,983858.07,0.12
600030.SH,20170512,827,872.44,0.0,983858.07,0.09
600030.SH,20170512,827,872.44,0.0,983858.07,0.09
600030.SH,20170505,809,866.54,0.0,983858.07,0.09
600030.SH,20170505,809,866.54,0.0,983858.07,0.09
600030.SH,20170428,808,872.99,0.0,983858.07,0.09
600030.SH,20170428,808,872.99,0.0,983858.07,0.09
600030.SH,20170421,823,759.68,0.0,983858.07,0.08
600030.SH,20170421,823,759.68,0.0,983858.07,0.08
600030.SH,20170414,811,755.3,0.0,983858.07,0.08
600030.SH,20170414,811,755.3,0.0,983858.07,0.08
600030.SH,20170407,810,764.77,0.0,983858.07,0.08
600030.SH,20170407,810,764.77,0.0,983858.07,0.08
600030.SH,20170331,818,767.26,0.0,983858.07,0.08
600030.SH,20170331,818,767.26,0.0,983858.07,0.08
600030.SH,20170324,805,754.55,0.0,983858.07,0.08
600030.SH,20170324,805,754.55,0.0,983858.07,0.08
600030.SH,20170317,780,757.73,0.0,983858.07,0.08
600030.SH,20170317,780,757.73,0.0,983858.07,0.08
600030.SH,20170310,786,771.85,0.0,983858.07,0.08
600030.SH,20170310,786,771.85,0.0,983858.07,0.08
600030.SH,20170303,779,761.22,0.0,983858.07,0.08
600030.SH,20170303,779,761.22,0.0,983858.07,0.08
600030.SH,20170224,788,764.65,0.0,983858.07,0.08
600030.SH,20170224,788,764.65,0.0,983858.07,0.08
600030.SH,20170217,773,746.31,0.0,983858.07,0.08
600030.SH,20170217,773,746.31,0.0,983858.07,0.08
600030.SH,20170210,781,782.59,0.0,983858.07,0.08
600030.SH,20170210,781,782.59,0.0,983858.07,0.08
600030.SH,20170203,786,784.03,0.0,983858.07,0.08
600030.SH,20170203,786,784.03,0.0,983858.07,0.08
600030.SH,20170126,782,781.85,0.0,983858.07,0.08
600030.SH,20170126,782,781.85,0.0,983858.07,0.08
600030.SH,20170120,795,789.76,0.0,983858.07,0.08
600030.SH,20170120,795,789.76,0.0,983858.07,0.08
600030.SH,20170113,787,787.19,0.0,983858.07,0.08
600030.SH,20170113,787,787.19,0.0,983858.07,0.08
600030.SH,20170106,797,784.34,0.0,983858.07,0.08
600030.SH,20170106,797,784.34,0.0,983858.07,0.08
600030.SH,20161230,800,799.12,0.0,983858.07,0.08
600030.SH,20161230,800,799.12,0.0,983858.07,0.08
600030.SH,20161223,786,829.74,0.0,983858.07,0.08
600030.SH,20161223,786,829.74,0.0,983858.07,0.08
600030.SH,20161216,772,843.92,0.0,983858.07,0.09
600030.SH,20161216,772,843.92,0.0,983858.07,0.09
600030.SH,20161209,725,770.19,0.0,983858.07,0.08
600030.SH,20161209,725,770.19,0.0,983858.07,0.08
600030.SH,20161202,692,738.89,0.0,983858.07,0.08
600030.SH,20161202,692,738.89,0.0,983858.07,0.08
600030.SH,20161125,703,742.62,0.0,983858.07,0.08
600030.SH,20161125,703,742.62,0.0,983858.07,0.08
600030.SH,20161118,696,735.59,0.0,983858.07,0.07
600030.SH,20161118,696,735.59,0.0,983858.07,0.07
600030.SH,20161111,702,1061.66,0.0,983858.07,0.11
600030.SH,20161111,702,1061.66,0.0,983858.07,0.11
600030.SH,20161104,703,1075.72,0.0,983858.07,0.11
600030.SH,20161104,703,1075.72,0.0,983858.07,0.11
600030.SH,20161028,707,1065.72,0.0,983858.07,0.11
600030.SH,20161028,707,1065.72,0.0,983858.07,0.11
600030.SH,20161021,714,2548.46,0.0,983858.07,0.26
600030.SH,20161021,714,2548.46,0.0,983858.07,0.26
600030.SH,20161014,721,2579.94,0.0,983858.07,0.26
600030.SH,20161014,721,2579.94,0.0,983858.07,0.26
600030.SH,20160930,698,2559.39,0.0,983858.07,0.26
600030.SH,20160930,698,2559.39,0.0,983858.07,0.26
600030.SH,20160923,694,2532.3,0.0,983858.07,0.26
600030.SH,20160923,694,2532.3,0.0,983858.07,0.26
600030.SH,20160914,674,2510.44,0.0,983858.07,0.26
600030.SH,20160914,674,2510.44,0.0,983858.07,0.26
600030.SH,20160909,658,2499.53,0.0,983858.07,0.25
600030.SH,20160909,658,2499.53,0.0,983858.07,0.25
600030.SH,20160902,655,2501.62,0.0,983858.07,0.25
600030.SH,20160902,655,2501.62,0.0,983858.07,0.25
600030.SH,20160826,645,2488.8,0.0,983858.07,0.25
600030.SH,20160826,645,2488.8,0.0,983858.07,0.25
600030.SH,20160819,639,4273.29,0.0,983858.07,0.43
600030.SH,20160819,639,4273.29,0.0,983858.07,0.43
600030.SH,20160812,670,4303.74,0.0,983858.07,0.44
600030.SH,20160812,670,4303.74,0.0,983858.07,0.44
600030.SH,20160805,674,3967.85,0.0,983858.07,0.4
600030.SH,20160805,674,3967.85,0.0,983858.07,0.4
600030.SH,20160729,662,3717.41,0.0,983858.07,0.38
600030.SH,20160729,662,3717.41,0.0,983858.07,0.38
600030.SH,20160722,634,3706.98,0.0,983858.07,0.38
600030.SH,20160722,634,3706.98,0.0,983858.07,0.38
600030.SH,20160715,627,2482.66,0.0,983858.07,0.25
600030.SH,20160715,627,2482.66,0.0,983858.07,0.25
600030.SH,20160708,649,2493.59,0.0,983858.07,0.25
600030.SH,20160708,649,2493.59,0.0,983858.07,0.25
600030.SH,20160701,659,2492.26,0.0,983858.07,0.25
600030.SH,20160701,659,2492.26,0.0,983858.07,0.25
600030.SH,20160624,683,2506.03,0.0,983858.07,0.25
600030.SH,20160624,683,2506.03,0.0,983858.07,0.25
600030.SH,20160617,691,2465.88,0.0,983858.07,0.25
600030.SH,20160617,691,2465.88,0.0,983858.07,0.25
600030.SH,20160608,727,976.32,0.0,983858.07,0.1
600030.SH,20160608,727,976.32,0.0,983858.07,0.1
600030.SH,20160603,757,1657.1,0.0,983858.07,0.17
600030.SH,20160603,757,1657.1,0.0,983858.07,0.17
600030.SH,20160527,799,1636.79,0.0,983858.07,0.17
600030.SH,20160527,799,1636.79,0.0,983858.07,0.17
600030.SH,20160520,808,1636.82,0.0,983858.07,0.17
600030.SH,20160520,808,1636.82,0.0,983858.07,0.17
600030.SH,20160513,799,1639.89,0.0,983858.07,0.17
600030.SH,20160513,799,1639.89,0.0,983858.07,0.17
600030.SH,20160506,766,1617.44,0.0,983858.07,0.16
600030.SH,20160506,766,1617.44,0.0,983858.07,0.16
600030.SH,20160429,787,1242.82,0.0,983858.07,0.13
600030.SH,20160429,787,1242.82,0.0,983858.07,0.13
600030.SH,20160422,798,1244.58,0.0,983858.07,0.13
600030.SH,20160422,798,1244.58,0.0,983858.07,0.13
600030.SH,20160415,814,1266.92,0.0,983858.07,0.13
600030.SH,20160415,814,1266.92,0.0,983858.07,0.13
600030.SH,20160408,843,979.91,0.0,983858.07,0.1
600030.SH,20160408,843,979.91,0.0,983858.07,0.1
600030.SH,20160401,843,965.34,0.0,983858.07,0.1
600030.SH,20160401,843,965.34,0.0,983858.07,0.1
600030.SH,20160325,849,965.83,0.0,983858.07,0.1
600030.SH,20160325,849,965.83,0.0,983858.07,0.1
600030.SH,20160318,879,972.7,0.0,983858.07,0.1
600030.SH,20160318,879,972.7,0.0,983858.07,0.1
600030.SH,20160311,887,973.84,0.0,983858.07,0.1
600030.SH,20160311,887,973.84,0.0,983858.07,0.1
600030.SH,20160304,889,974.44,0.0,983858.07,0.1
600030.SH,20160304,889,974.44,0.0,983858.07,0.1
600030.SH,20160226,910,1020.09,0.0,983858.07,0.1
600030.SH,20160226,910,1020.09,0.0,983858.07,0.1
600030.SH,20160219,912,1035.73,0.0,983858.07,0.11
600030.SH,20160219,912,1035.73,0.0,983858.07,0.11
600030.SH,20160205,937,1052.42,0.0,983858.07,0.11
600030.SH,20160205,937,1052.42,0.0,983858.07,0.11
600030.SH,20160129,976,1061.67,0.0,983858.07,0.11
600030.SH,20160129,976,1061.67,0.0,983858.07,0.11
600030.SH,20160122,952,1048.58,0.0,983858.07,0.11
600030.SH,20160122,952,1048.58,0.0,983858.07,0.11
600030.SH,20160115,981,1015.37,0.0,983858.07,0.1
600030.SH,20160115,981,1015.37,0.0,983858.07,0.1
600030.SH,20160108,958,1005.89,0.0,983858.07,0.1
600030.SH,20160108,958,1005.89,0.0,983858.07,0.1
600030.SH,20151231,931,983.15,0.0,983858.07,0.1
600030.SH,20151231,931,983.15,0.0,983858.07,0.1
600030.SH,20151225,1357,1635.65,0.0,983858.07,0.17
600030.SH,20151225,1357,1635.65,0.0,983858.07,0.17
600030.SH,20151218,1025,1021.0,0.0,983858.07,0.1
600030.SH,20151218,1025,1021.0,0.0,983858.07,0.1
600030.SH,20151211,1587,2180.61,0.0,983858.07,0.22
600030.SH,20151211,1587,2180.61,0.0,983858.07,0.22
600030.SH,20151204,1172,886.93,0.0,983858.07,0.09
600030.SH,20151204,1172,886.93,0.0,983858.07,0.09
600030.SH,20151127,1160,890.82,0.0,983858.07,0.09
600030.SH,20151127,1160,890.82,0.0,983858.07,0.09
600030.SH,20151120,949,606.4,0.0,983858.07,0.06
600030.SH,20151120,949,606.4,0.0,983858.07,0.06
600030.SH,20151113,971,635.13,0.0,983858.07,0.06
600030.SH,20151113,971,635.13,0.0,983858.07,0.06
600030.SH,20151106,962,595.15,0.0,983858.07,0.06
600030.SH,20151106,962,595.15,0.0,983858.07,0.06
600030.SH,20151030,1042,674.43,0.0,983858.07,0.07
600030.SH,20151030,1042,674.43,0.0,983858.07,0.07
600030.SH,20151023,1076,684.57,0.0,983858.07,0.07
600030.SH,20151023,1076,684.57,0.0,983858.07,0.07
600030.SH,20151016,1115,664.4,0.0,983858.07,0.07
600030.SH,20151016,1115,664.4,0.0,983858.07,0.07
600030.SH,20151009,1141,680.48,0.0,983858.07,0.07
600030.SH,20151009,1141,680.48,0.0,983858.07,0.07
600030.SH,20150930,1155,685.02,0.0,983858.07,0.07
600030.SH,20150930,1155,685.02,0.0,983858.07,0.07
600030.SH,20150925,1169,703.69,0.0,983858.07,0.07
600030.SH,20150925,1169,703.69,0.0,983858.07,0.07
600030.SH,20150918,1217,727.42,0.0,983858.07,0.07
600030.SH,20150918,1217,727.42,0.0,983858.07,0.07
600030.SH,20150911,1226,709.36,0.0,983858.07,0.07
600030.SH,20150911,1226,709.36,0.0,983858.07,0.07
600030.SH,20150902,1291,715.74,0.0,983858.07,0.07
600030.SH,20150902,1291,715.74,0.0,983858.07,0.07
600030.SH,20150828,1361,1282.94,0.0,983858.07,0.13
600030.SH,20150828,1361,1282.94,0.0,983858.07,0.13
600030.SH,20150821,1638,1489.92,0.0,983858.07,0.15
600030.SH,20150821,1638,1489.92,0.0,983858.07,0.15
600030.SH,20150814,1627,1517.11,0.0,983858.07,0.15
600030.SH,20150814,1627,1517.11,0.0,983858.07,0.15
600030.SH,20150807,1682,1644.39,0.0,983858.07,0.17
600030.SH,20150807,1682,1644.39,0.0,983858.07,0.17
600030.SH,20150731,1733,1704.64,0.0,983858.07,0.17
600030.SH,20150731,1733,1704.64,0.0,983858.07,0.17
600030.SH,20150724,1838,1912.73,0.0,983858.07,0.19
600030.SH,20150724,1838,1912.73,0.0,983858.07,0.19
600030.SH,20150717,1961,1974.04,0.0,983858.07,0.2
600030.SH,20150717,1961,1974.04,0.0,983858.07,0.2
600030.SH,20150710,2152,2183.63,0.0,983858.07,0.22
600030.SH,20150710,2152,2183.63,0.0,983858.07,0.22
600030.SH,20150703,3848,5056.9,0.0,983858.07,0.51
600030.SH,20150703,3848,5056.9,0.0,983858.07,0.51
600030.SH,20150626,2445,2396.0,0.0,983858.07,0.24
600030.SH,20150626,2445,2396.0,0.0,983858.07,0.24
600030.SH,20150619,5953,8978.73,0.0,983858.07,0.91
600030.SH,20150619,5953,8978.73,0.0,983858.07,0.91
600030.SH,20150612,2178,2375.72,0.0,983858.07,0.24
600030.SH,20150612,2178,2375.72,0.0,983858.07,0.24
600030.SH,20150605,2705,3283.4,0.0,983858.07,0.33
600030.SH,20150605,2705,3283.4,0.0,983858.07,0.33
600030.SH,20150529,2167,2375.87,0.0,983858.07,0.24
600030.SH,20150529,2167,2375.87,0.0,983858.07,0.24
600030.SH,20150522,2713,3234.84,0.0,983858.07,0.33
600030.SH,20150522,2713,3234.84,0.0,983858.07,0.33
600030.SH,20150515,2144,2309.66,0.0,983858.07,0.23
600030.SH,20150515,2144,2309.66,0.0,983858.07,0.23
600030.SH,20150508,2960,3699.34,0.0,983858.07,0.38
600030.SH,20150508,2960,3699.34,0.0,983858.07,0.38
600030.SH,20150430,1725,1858.29,0.0,983858.07,0.19
600030.SH,20150430,1725,1858.29,0.0,983858.07,0.19
600030.SH,20150424,1684,1769.47,0.0,983858.07,0.18
600030.SH,20150424,1684,1769.47,0.0,983858.07,0.18
600030.SH,20150417,2640,3292.63,0.0,983858.07,0.33
600030.SH,20150417,2640,3292.63,0.0,983858.07,0.33
600030.SH,20150410,1873,2303.25,0.0,983858.07,0.23
600030.SH,20150410,1873,2303.25,0.0,983858.07,0.23
600030.SH,20150403,1499,1633.27,0.0,983858.07,0.17
600030.SH,20150403,1499,1633.27,0.0,983858.07,0.17
600030.SH,20150327,1437,1541.73,0.0,983858.07,0.16
600030.SH,20150327,1437,1541.73,0.0,983858.07,0.16
600030.SH,20150320,1374,1520.7,0.0,983858.07,0.15
600030.SH,20150320,1374,1520.7,0.0,983858.07,0.15
600030.SH,20150313,3081,4502.93,0.0,983858.07,0.46
600030.SH,20150313,3081,4502.93,0.0,983858.07,0.46
600030.SH,20150306,1251,1099.29,0.0,983858.07,0.11
600030.SH,20150306,1251,1099.29,0.0,983858.07,0.11
600030.SH,20150227,1061,804.82,0.0,983858.07,0.08
600030.SH,20150227,1061,804.82,0.0,983858.07,0.08
600030.SH,20150217,1044,794.46,0.0,983858.07,0.08
600030.SH,20150217,1044,794.46,0.0,983858.07,0.08
600030.SH,20150213,1361,1194.0,0.0,983858.07,0.12
600030.SH,20150213,1361,1194.0,0.0,983858.07,0.12
600030.SH,20150206,1321,1219.16,0.0,983858.07,0.12
600030.SH,20150206,1321,1219.16,0.0,983858.07,0.12
600030.SH,20150130,966,780.52,0.0,983858.07,0.08
600030.SH,20150130,966,780.52,0.0,983858.07,0.08
600030.SH,20150123,911,774.3,0.0,983858.07,0.08
600030.SH,20150123,911,774.3,0.0,983858.07,0.08
600030.SH,20150116,1651,1881.35,0.0,983858.07,0.19
600030.SH,20150116,1651,1881.35,0.0,983858.07,0.19
600030.SH,20150109,886,1104.55,0.0,983858.07,0.11
600030.SH,20150109,886,1104.55,0.0,983858.07,0.11
600030.SH,20141231,468,562.21,0.0,983858.07,0.06
600030.SH,20141231,468,562.21,0.0,983858.07,0.06
600030.SH,20141226,442,577.21,0.0,983858.07,0.06
600030.SH,20141226,442,577.21,0.0,983858.07,0.06
600030.SH,20141219,711,1116.58,0.0,983858.07,0.11
600030.SH,20141219,711,1116.58,0.0,983858.07,0.11
600030.SH,20141212,301,481.04,0.0,983858.07,0.05
600030.SH,20141212,301,481.04,0.0,983858.07,0.05
600030.SH,20141205,253,474.02,0.0,983858.07,0.05
600030.SH,20141205,253,474.02,0.0,983858.07,0.05
600030.SH,20141128,307,719.04,0.0,983858.07,0.07
600030.SH,20141128,307,719.04,0.0,983858.07,0.07
600030.SH,20141121,373,1024.09,0.0,983858.07,0.1
600030.SH,20141121,373,1024.09,0.0,983858.07,0.1
600030.SH,20141114,162,448.39,0.0,983858.07,0.05
600030.SH,20141114,162,448.39,0.0,983858.07,0.05
600030.SH,20141107,129,437.59,0.0,983858.07,0.04
600030.SH,20141107,129,437.59,0.0,983858.07,0.04
600030.SH,20141031,111,412.57,0.0,983858.07,0.04
600030.SH,20141031,111,412.57,0.0,983858.07,0.04
600030.SH,20141024,443,1207.05,0.0,983858.07,0.12
600030.SH,20141024,443,1207.05,0.0,983858.07,0.12
600030.SH,20141017,100,400.0,0.0,983858.07,0.04
600030.SH,20141017,100,400.0,0.0,983858.07,0.04
600030.SH,20141010,87,363.3,0.0,983858.07,0.04
600030.SH,20141010,87,363.3,0.0,983858.07,0.04
600030.SH,20140930,90,356.8,0.0,983858.07,0.04
600030.SH,20140930,90,356.8,0.0,983858.07,0.04
600030.SH,20140926,289,804.96,0.0,983858.07,0.08
600030.SH,20140926,289,804.96,0.0,983858.07,0.08
600030.SH,20140919,150,494.03,0.0,983858.07,0.05
600030.SH,20140919,150,494.03,0.0,983858.07,0.05
600030.SH,20140912,62,340.39,0.0,983858.07,0.03
600030.SH,20140912,62,340.39,0.0,983858.07,0.03
600030.SH,20140905,57,343.62,0.0,983858.07,0.03
600030.SH,20140905,57,343.62,0.0,983858.07,0.03
600030.SH,20140829,187,656.88,0.0,983858.07,0.07
600030.SH,20140829,187,656.88,0.0,983858.07,0.07
600030.SH,20140822,35,221.15,0.0,983858.07,0.02
600030.SH,20140822,35,221.15,0.0,983858.07,0.02
600030.SH,20140815,63,283.94,0.0,983858.07,0.03
600030.SH,20140815,63,283.94,0.0,983858.07,0.03
600030.SH,20140808,36,232.72,0.0,983858.07,0.02
600030.SH,20140808,36,232.72,0.0,983858.07,0.02
600030.SH,20140801,43,245.31,0.0,983858.07,0.02
600030.SH,20140801,43,245.31,0.0,983858.07,0.02
600030.SH,20140725,112,466.5,0.0,983858.07,0.05
600030.SH,20140725,112,466.5,0.0,983858.07,0.05
600030.SH,20140718,33,173.72,0.0,983858.07,0.02
600030.SH,20140718,33,173.72,0.0,983858.07,0.02
600030.SH,20140711,32,181.63,0.0,983858.07,0.02
600030.SH,20140711,32,181.63,0.0,983858.07,0.02
600030.SH,20140704,29,215.6,0.0,983858.07,0.02
600030.SH,20140704,29,215.6,0.0,983858.07,0.02
600030.SH,20140627,28,220.81,0.0,983858.07,0.02
600030.SH,20140627,28,220.81,0.0,983858.07,0.02
600030.SH,20140620,36,243.07,0.0,983858.07,0.02
600030.SH,20140620,36,243.07,0.0,983858.07,0.02
600030.SH,20140613,14,148.47,0.0,983858.07,0.02
600030.SH,20140613,14,148.47,0.0,983858.07,0.02
600030.SH,20140606,15,179.47,0.0,983858.07,0.02
600030.SH,20140606,15,179.47,0.0,983858.07,0.02
600030.SH,20140530,15,606.65,0.0,983858.07,0.06
600030.SH,20140530,15,606.65,0.0,983858.07,0.06
600030.SH,20140523,16,626.45,0.0,983858.07,0.06
600030.SH,20140523,16,626.45,0.0,983858.07,0.06
600030.SH,20140516,16,3579.37,0.0,983858.07,0.36
600030.SH,20140516,16,3579.37,0.0,983858.07,0.36
600030.SH,20140509,14,3546.37,0.0,983858.07,0.36
600030.SH,20140509,14,3546.37,0.0,983858.07,0.36
600030.SH,20140430,13,3545.6,0.0,983858.07,0.36
600030.SH,20140430,13,3545.6,0.0,983858.07,0.36
600030.SH,20140425,12,3545.39,0.0,983858.07,0.36
600030.SH,20140425,12,3545.39,0.0,983858.07,0.36
600030.SH,20140418,12,3545.39,0.0,983858.07,0.36
600030.SH,20140418,12,3545.39,0.0,983858.07,0.36
600030.SH,20140411,12,3545.39,0.0,983858.07,0.36
600030.SH,20140411,12,3545.39,0.0,983858.07,0.36
600030.SH,20140404,11,3541.89,0.0,983858.07,0.36
600030.SH,20140404,11,3541.89,0.0,983858.07,0.36
600030.SH,20140328,11,3541.89,0.0,983858.07,0.36
600030.SH,20140328,11,3541.89,0.0,983858.07,0.36
600030.SH,20140321,11,3541.89,0.0,983858.07,0.36
600030.SH,20140321,11,3541.89,0.0,983858.07,0.36
600030.SH,20140314,12,3641.89,0.0,983858.07,0.37
600030.SH,20140314,12,3641.89,0.0,983858.07,0.37
600030.SH,20140307,12,7739.89,0.0,983858.07,0.79
600030.SH,20140307,12,7739.89,0.0,983858.07,0.79
