updateDate,code,code_name,query_date,ts_code,name,industry,area,market,is_financial_excluded,pct_chg,vol,amount,turnover_rate,turnover_rate_f,pe_ttm,pb,total_mv,in_stock_pool
2026-02-23,sz.300308,中际旭创,2026-02-28,300308.SZ,中际旭创,通信设备,山东,创业板,False,-6.6792,347124.7,18806220.503,3.14,4.1695,69.39,22.8691,59333719.0356,False
2026-02-23,sz.300502,新易盛,2026-02-28,300502.SZ,新易盛,通信设备,四川,创业板,False,-6.7479,509100.73,18486975.251,5.7498,5.9143,47.5744,24.6275,35770419.1016,False
2026-02-23,sz.300476,胜宏科技,2026-02-28,300476.SZ,胜宏科技,元器件,广东,创业板,False,-3.5496,493501.72,14939292.951,5.7586,8.3544,72.9947,17.459,26530977.6591,False
2026-02-23,sz.300394,天孚通信,2026-02-28,300394.SZ,天孚通信,通信设备,江苏,创业板,False,1.8452,406811.86,14431330.233,5.2434,9.4709,156.4223,58.7598,28663323.9012,False
2026-02-23,sh.688256,寒武纪,2026-02-28,688256.SH,寒武纪-U,半导体,北京,科创板,False,0.7871,121511.65,14322223.946,2.9045,6.0005,264.6768,32.5429,49674513.026,False
2026-02-23,sh.600010,包钢股份,2026-02-28,600010.SH,包钢股份,普钢,内蒙,主板,False,8.7248,40778619.66,13033075.614,12.9948,20.4478,144.7596,2.8176,14673512.6688,False
2026-02-23,sz.300442,润泽科技,2026-02-28,300442.SZ,润泽科技,软件服务,河北,创业板,False,1.1941,1261911.46,12960006.46,7.7495,19.084,33.9282,12.4751,16897478.2012,False
2026-02-23,sh.688041,海光信息,2026-02-28,688041.SH,海光信息,半导体,天津,科创板,False,3.3241,392677.23,10061862.538,1.6894,4.4292,238.7182,27.9825,60688467.556,False
2026-02-23,sz.002463,沪电股份,2026-02-28,002463.SZ,沪电股份,元器件,江苏,主板,False,-2.0619,1175527.76,9852542.03,6.1136,8.9429,42.0889,10.6451,16087679.1693,False
2026-02-23,sh.601899,紫金矿业,2026-02-28,601899.SH,紫金矿业,铜,福建,主板,False,0.4572,2420601.89,9578332.57,1.175,1.6674,23.0838,6.2655,105162394.5687,False
2026-02-23,sh.601138,工业富联,2026-02-28,601138.SH,工业富联,通信设备,深圳,主板,False,-3.8827,1701811.86,9452131.332,0.857,5.2671,36.1918,7.1371,110610150.5002,False
2026-02-23,sh.603993,洛阳钼业,2026-02-28,603993.SH,洛阳钼业,小金属,河南,主板,False,4.1685,3383884.3,8035386.307,1.938,4.7655,26.2683,6.6066,51324950.1122,False
2026-02-23,sh.600522,中天科技,2026-02-28,600522.SH,中天科技,通信设备,江苏,主板,False,5.618,2784124.17,7964641.463,8.1575,10.5506,34.7064,2.7159,9945335.2859,False
2026-02-23,sz.300418,昆仑万维,2026-02-28,300418.SZ,昆仑万维,互联网,北京,创业板,False,7.0803,1319000.78,7872697.783,10.5142,16.0213,,5.4621,7670230.9828,False
2026-02-23,sh.600089,特变电工,2026-02-28,600089.SH,特变电工,电气设备,新疆,主板,False,-0.7848,2605835.3,7865725.13,5.1572,6.2923,28.8072,2.2279,15330172.6604,False
2026-02-23,sz.002384,东山精密,2026-02-28,002384.SZ,东山精密,元器件,江苏,主板,False,-0.3959,792610.34,6842518.269,5.7174,6.4895,126.2068,7.3535,15669402.4363,False
2026-02-23,sh.603986,兆易创新,2026-02-28,603986.SH,兆易创新,半导体,北京,主板,False,-3.0381,220968.92,6629753.921,3.3087,3.6282,155.3795,9.1187,21033073.53,False
2026-02-23,sz.002475,立讯精密,2026-02-28,002475.SZ,立讯精密,元器件,深圳,主板,False,-1.8374,1272715.5,6349492.767,1.7508,2.8047,23.1452,4.6562,36590214.4603,False
2026-02-23,sz.300274,阳光电源,2026-02-28,300274.SZ,阳光电源,电气设备,安徽,创业板,False,-0.7896,427635.56,6196688.597,2.69,2.9866,19.5574,6.9645,29957905.0768,False
2026-02-23,sh.600875,东方电气,2026-02-28,600875.SH,东方电气,电气设备,四川,主板,False,-0.7497,1481552.62,5474912.069,6.5458,11.632,39.2797,2.8831,12820141.7285,False
2026-02-23,sz.000630,铜陵有色,2026-02-28,000630.SZ,铜陵有色,铜,安徽,主板,False,4.4796,6624654.52,5159622.421,5.9451,9.0783,57.5046,2.9995,10633710.9074,False
2026-02-23,sz.000725,京东方A,2026-02-28,000725.SZ,京东方Ａ,元器件,北京,主板,False,3.4642,10992669.2,4868981.872,3.0248,3.4831,25.0883,1.2545,16595858.9727,False
2026-02-23,sz.000792,盐湖股份,2026-02-28,000792.SZ,盐湖股份,农药化肥,青海,主板,False,-2.0764,1263830.74,4837939.895,2.3884,4.0413,33.5519,4.9231,20213807.1066,False
2026-02-23,sz.002050,三花智控,2026-02-28,002050.SZ,三花智控,家用电器,浙江,主板,False,-1.4055,915694.84,4698511.778,2.4855,4.4417,53.3456,6.9243,21549239.3611,False
2026-02-23,sh.600309,万华化学,2026-02-28,600309.SH,万华化学,化工原料,山东,主板,False,3.3104,467424.93,4319534.829,1.4931,2.5675,26.2353,2.7687,29113386.1218,False
2026-02-23,sz.000338,潍柴动力,2026-02-28,000338.SZ,潍柴动力,汽车配件,山东,主板,False,-4.6543,1506107.88,4208555.795,3.0079,3.0547,20.4347,2.6692,24276037.4907,False
2026-02-23,sh.688008,澜起科技,2026-02-28,688008.SH,澜起科技,半导体,上海,科创板,False,-0.9508,258207.72,4204995.601,2.2523,2.4279,96.7532,10.4466,19989081.3435,False
2026-02-23,sz.002371,北方华创,2026-02-28,002371.SZ,北方华创,半导体,北京,主板,False,-3.4773,88904.23,4187505.127,1.2275,2.2904,54.386,9.4897,34203401.4838,False
2026-02-23,sh.603019,中科曙光,2026-02-28,603019.SH,中科曙光,IT设备,天津,主板,False,0.163,437611.68,4007478.656,2.9918,3.5823,63.8389,6.4341,13487001.2969,False
2026-02-23,sh.600176,中国巨石,2026-02-28,600176.SH,中国巨石,玻璃,浙江,主板,False,-5.1228,1423961.34,3878339.64,3.5571,6.6972,31.1066,3.4995,10824481.7125,False
2026-02-23,sh.600584,长电科技,2026-02-28,600584.SH,长电科技,半导体,江苏,主板,False,-1.1494,817547.27,3875995.663,4.5688,5.8974,57.9559,3.06,8617820.5691,False
2026-02-23,sh.601600,中国铝业,2026-02-28,601600.SH,中国铝业,铝,北京,主板,False,1.9316,2738423.89,3749389.808,2.0788,3.5354,16.5106,3.3013,23536620.6606,False
2026-02-23,sz.002460,赣锋锂业,2026-02-28,002460.SZ,赣锋锂业,小金属,江西,主板,False,0.3294,490050.79,3568434.263,4.0454,4.5318,,3.6824,15326836.0932,False
2026-02-23,sz.002028,思源电气,2026-02-28,002028.SZ,思源电气,电气设备,上海,主板,False,-5.6704,165843.55,3558702.242,2.7211,3.0016,52.9566,10.8048,16748844.5097,False
2026-02-23,sh.601872,招商轮船,2026-02-28,601872.SH,招商轮船,水运,上海,主板,False,4.1026,2193782.73,3524536.219,2.7169,8.6332,26.0275,3.2611,13113050.5272,False
2026-02-23,sh.600183,生益科技,2026-02-28,600183.SH,生益科技,元器件,广东,主板,False,-5.3288,504400.49,3522573.213,2.1065,4.1728,59.7513,10.8087,16787642.9985,False
2026-02-23,sh.603799,华友钴业,2026-02-28,603799.SH,华友钴业,小金属,浙江,主板,False,2.2633,448224.84,3494156.425,2.379,3.0024,27.8696,3.1299,14912071.5814,False
2026-02-23,sh.688012,中微公司,2026-02-28,688012.SH,中微公司,半导体,上海,科创板,False,-3.9858,98528.47,3487155.562,1.5736,2.2024,115.3758,10.2838,22081640.3967,False
2026-02-23,sz.000977,浪潮信息,2026-02-28,000977.SZ,浪潮信息,IT设备,山东,主板,False,1.2843,544252.13,3457704.732,3.7104,5.5009,37.8321,4.5009,9380628.8721,False
2026-02-23,sz.002916,深南电路,2026-02-28,002916.SZ,深南电路,元器件,深圳,主板,False,-1.613,122408.44,3456989.719,1.8413,5.1363,71.6102,10.9,19444581.6209,False
2026-02-23,sz.300251,光线传媒,2026-02-28,300251.SZ,光线传媒,影视音像,北京,创业板,False,-1.863,1735169.63,3414126.839,6.252,12.6665,26.3875,5.3196,5717563.854,False
2026-02-23,sh.601390,中国中铁,2026-02-28,601390.SH,中国中铁,建筑工程,北京,主板,False,2.439,5365249.32,3352140.422,2.6199,5.9481,6.2693,0.4962,15552319.8153,False
2026-02-23,sz.002714,牧原股份,2026-02-28,002714.SZ,牧原股份,农业综合,河南,主板,False,3.922,718469.7,3345129.696,1.8863,2.966,12.1309,3.3557,26905229.6459,False
2026-02-23,sz.000063,中兴通讯,2026-02-28,000063.SZ,中兴通讯,通信设备,深圳,主板,False,0.2074,861483.52,3306058.613,2.1389,2.8073,31.6561,2.4621,18488362.3383,False
2026-02-23,sz.000100,TCL科技,2026-02-28,000100.SZ,TCL科技,元器件,广东,主板,False,3.112,6611560.48,3277729.868,3.4558,3.5661,33.5043,1.6967,10338028.6362,False
2026-02-23,sh.688981,中芯国际,2026-02-28,688981.SH,中芯国际,半导体,上海,科创板,False,-1.4145,279308.78,3213704.146,1.3968,1.552,182.525,6.0983,92005986.739,False
2026-02-23,sh.600362,江西铜业,2026-02-28,600362.SH,江西铜业,铜,江西,主板,False,2.0035,516604.44,2980188.605,2.4894,5.9396,25.1177,2.5029,20097681.4666,False
2026-02-23,sh.600489,中金黄金,2026-02-28,600489.SH,中金黄金,黄金,北京,主板,False,2.4783,927391.55,2933122.64,1.9132,3.5323,34.905,5.2864,15433843.2038,False
2026-02-23,sh.600893,航发动力,2026-02-28,600893.SH,航发动力,航空,陕西,主板,False,-4.256,503732.15,2897564.682,1.8901,3.8528,629.1451,3.8278,15231205.4759,False
2026-02-23,sh.601698,中国卫通,2026-02-28,601698.SH,中国卫通,电信运营,北京,主板,False,0.4036,735216.4,2743298.383,1.7404,7.9116,607.8321,9.9349,15765406.3576,False
2026-02-23,sh.600547,山东黄金,2026-02-28,600547.SH,山东黄金,黄金,山东,主板,False,1.5236,558412.27,2635949.288,1.5449,3.4136,45.0436,7.3648,21809576.5828,False
2026-02-23,sz.002230,科大讯飞,2026-02-28,002230.SZ,科大讯飞,软件服务,安徽,主板,False,0.2334,446259.65,2491942.172,2.0384,2.3889,154.1431,7.3145,12904732.7059,False
2026-02-23,sz.002466,天齐锂业,2026-02-28,002466.SZ,天齐锂业,小金属,四川,主板,False,0.9993,439069.14,2464614.414,2.9751,4.4314,,2.1553,9657346.6038,False
2026-02-23,sz.300316,晶盛机电,2026-02-28,300316.SZ,晶盛机电,专用机械,浙江,创业板,False,0.0179,437883.35,2447041.31,3.5555,7.3907,161.8748,4.1832,7299341.3845,False
2026-02-23,sz.300408,三环集团,2026-02-28,300408.SZ,三环集团,元器件,广东,创业板,False,-4.3215,364272.58,2313592.809,1.9482,3.0079,47.5044,5.7583,12093098.411,False
2026-02-23,sh.601888,中国中免,2026-02-28,601888.SH,中国中免,旅游服务,北京,主板,False,0.5993,285875.04,2307044.074,1.4642,3.1352,49.0352,3.0225,16670866.1766,False
2026-02-23,sh.600019,宝钢股份,2026-02-28,600019.SH,宝钢股份,普钢,上海,主板,False,1.983,3167440.34,2267434.069,1.4541,3.966,16.6148,0.7678,15683101.0193,False
2026-02-23,sh.603501,豪威集团,2026-02-28,603501.SH,豪威集团,半导体,上海,主板,False,0.3263,174370.21,2134288.398,1.4408,2.2883,37.3,4.8481,15509934.6285,False
2026-02-23,sh.601012,隆基绿能,2026-02-28,601012.SH,隆基绿能,电气设备,陕西,主板,False,0.2737,1156079.32,2120773.487,1.5256,1.9364,,2.4392,13883013.6858,False
2026-02-23,sz.300433,蓝思科技,2026-02-28,300433.SZ,蓝思科技,元器件,湖南,创业板,False,-1.0132,599776.83,2097023.229,1.207,3.196,45.3265,3.515,18565331.6398,False
2026-02-23,sz.301236,软通动力,2026-02-28,301236.SZ,软通动力,软件服务,北京,创业板,False,4.6512,419316.82,2078690.853,5.3543,6.7775,252.0248,3.7463,5124186.936,False
2026-02-23,sh.601117,中国化学,2026-02-28,601117.SH,中国化学,建筑工程,北京,主板,False,4.7085,2238314.64,2077650.002,3.6766,6.4868,9.377,0.8786,5703626.1953,False
2026-02-23,sh.600276,恒瑞医药,2026-02-28,600276.SH,恒瑞医药,化学制药,江苏,主板,False,-0.2821,363641.1,2063125.422,0.5701,0.9353,50.267,6.3088,37540002.4873,False
2026-02-23,sz.300124,汇川技术,2026-02-28,300124.SZ,汇川技术,电器仪表,深圳,创业板,False,-1.1924,271148.4,1986493.23,1.1305,1.4031,38.0677,5.7415,19741111.0387,False
2026-02-23,sz.002594,比亚迪,2026-02-28,002594.SZ,比亚迪,汽车整车,深圳,主板,False,-0.5899,219340.83,1962319.079,0.629,0.8927,21.235,3.704,81434808.6506,False
2026-02-23,sz.002938,鹏鼎控股,2026-02-28,002938.SZ,鹏鼎控股,元器件,深圳,主板,False,-4.8088,327839.28,1945805.534,1.4196,5.1878,33.733,4.1861,13674182.9434,False
2026-02-23,sh.600482,中国动力,2026-02-28,600482.SH,中国动力,船舶,河北,主板,False,-1.5227,578628.67,1942662.511,2.5676,5.1416,40.849,1.8981,7578859.6081,False
2026-02-23,sh.600026,中远海能,2026-02-28,600026.SH,中远海能,水运,上海,主板,False,0.6849,943151.08,1929007.044,2.7143,7.493,33.6312,2.4776,11247424.4867,False
2026-02-23,sz.300014,亿纬锂能,2026-02-28,300014.SZ,亿纬锂能,电气设备,广东,创业板,False,0.2735,310640.99,1927169.123,1.5534,2.446,34.9158,3.213,12927994.7532,False
2026-02-23,sz.002241,歌尔股份,2026-02-28,002241.SZ,歌尔股份,元器件,山东,主板,False,0.3693,709062.82,1908842.164,2.2593,2.8954,33.1478,2.7391,9637062.9252,False
2026-02-23,sz.300033,同花顺,2026-02-28,300033.SZ,同花顺,软件服务,浙江,创业板,False,0.7121,57575.89,1908452.841,1.8386,2.8934,75.1215,23.8151,17867673.6,False
2026-02-23,sh.600406,国电南瑞,2026-02-28,600406.SH,国电南瑞,电气设备,江苏,主板,False,-0.5102,688839.06,1878364.527,0.8602,2.0038,27.4337,4.4552,21926694.3059,False
2026-02-23,sh.601689,拓普集团,2026-02-28,601689.SH,拓普集团,汽车配件,浙江,主板,False,-2.0933,276120.6,1878088.965,1.5889,3.8191,43.1233,5.064,11786000.9036,False
2026-02-23,sh.688111,金山办公,2026-02-28,688111.SH,金山办公,软件服务,北京,科创板,False,0.0532,62060.53,1859222.268,1.3393,3.0968,78.2384,11.4849,13954914.796,False
2026-02-23,sh.600219,南山铝业,2026-02-28,600219.SH,南山铝业,铝,山东,主板,False,0.7112,2587146.48,1835727.938,2.2529,4.3245,15.9036,1.6765,8130460.7038,False
2026-02-23,sz.002001,新和成,2026-02-28,002001.SZ,新和成,化学制药,浙江,主板,False,1.4166,576838.09,1817196.768,1.8995,3.8611,13.4467,3.0645,9681278.292,False
2026-02-23,sz.000651,格力电器,2026-02-28,000651.SZ,格力电器,家用电器,广东,主板,False,-0.3724,472217.95,1767400.434,0.8562,1.1382,6.6206,1.5109,20977264.5,False
2026-02-23,sh.601857,中国石油,2026-02-28,601857.SH,中国石油,石油开采,北京,主板,False,-0.2755,1613761.23,1755349.382,0.0997,1.4021,12.5451,1.2754,198760781.9103,False
2026-02-23,sh.601669,中国电建,2026-02-28,601669.SH,中国电建,建筑工程,北京,主板,False,0.8803,3068683.94,1752235.3,2.3476,3.7942,9.2401,0.6864,9870589.2984,False
2026-02-23,sz.002709,天赐材料,2026-02-28,002709.SZ,天赐材料,化工原料,广东,主板,False,-0.2595,413690.53,1743166.042,2.7498,3.2469,151.8663,5.2356,8599293.6298,False
2026-02-23,sh.688223,晶科能源,2026-02-28,688223.SH,晶科能源,电气设备,江西,科创板,False,1.7544,2253217.32,1698113.987,2.252,6.1901,,2.7607,7543923.8228,False
2026-02-23,sz.000661,长春高新,2026-02-28,000661.SZ,长春高新,生物制药,吉林,主板,False,-2.7716,170227.81,1627664.754,4.2598,5.8545,40.7362,1.6981,3906817.7152,False
2026-02-23,sz.000768,中航西飞,2026-02-28,000768.SZ,中航西飞,航空,陕西,主板,False,-0.5805,515900.08,1597025.595,1.858,4.1068,79.9803,3.9323,8574282.5859,False
2026-02-23,sh.601360,三六零,2026-02-28,601360.SH,三六零,互联网,天津,主板,False,0.5677,1289790.14,1596378.155,1.8427,4.4761,,2.957,8679451.77,False
2026-02-23,sz.000807,云铝股份,2026-02-28,000807.SZ,云铝股份,铝,云南,主板,False,0.6776,503167.99,1574343.755,1.4509,2.5061,21.6838,3.4666,10820027.1036,False
2026-02-23,sh.600795,国电电力,2026-02-28,600795.SH,国电电力,火力发电,辽宁,主板,False,1.8672,3171750.83,1549481.14,1.7783,4.0149,11.8071,1.4734,8757288.9693,False
2026-02-23,sh.600011,华能国际,2026-02-28,600011.SH,华能国际,火力发电,北京,主板,False,2.1157,2092330.43,1506811.673,1.9025,4.7815,7.8041,1.7,11365419.5919,False
2026-02-23,sh.605499,东鹏饮料,2026-02-28,605499.SH,东鹏饮料,软饮料,深圳,主板,False,-4.8077,61386.71,1493879.144,1.1805,3.5045,30.9325,7.6528,13549170.4524,False
2026-02-23,sz.000938,紫光股份,2026-02-28,000938.SZ,紫光股份,IT设备,北京,主板,False,0.855,573285.17,1478386.305,2.0044,2.784,53.2163,5.1295,7421907.273,False
2026-02-23,sh.601127,赛力斯,2026-02-28,601127.SH,赛力斯,汽车整车,重庆,主板,False,1.1689,136704.52,1459421.734,0.9055,1.9098,25.892,4.6646,18694983.943,False
2026-02-23,sh.605117,德业股份,2026-02-28,605117.SH,德业股份,电气设备,浙江,主板,False,6.2748,141066.84,1445486.711,1.5521,3.9098,30.9608,11.3174,9497789.0926,False
2026-02-23,sh.600188,兖矿能源,2026-02-28,600188.SH,兖矿能源,煤炭开采,山东,主板,False,4.2966,823949.86,1434943.677,1.3909,5.3896,17.5411,3.4087,17786415.524,False
2026-02-23,sz.300803,指南针,2026-02-28,300803.SZ,指南针,软件服务,北京,创业板,False,-0.1807,118839.67,1382342.594,1.9632,3.2543,310.4393,25.3656,7075415.5897,False
2026-02-23,sh.600372,中航机载,2026-02-28,600372.SH,中航机载,航空,北京,主板,False,-1.1635,845473.57,1377000.166,1.7472,3.9055,94.3786,2.0435,7809979.1608,False
2026-02-23,sh.601868,中国能建,2026-02-28,601868.SH,中国能建,建筑工程,北京,主板,False,1.6,5367155.66,1351924.321,1.6551,4.4243,13.3235,0.9653,10589555.5635,False
2026-02-23,sz.000408,藏格矿业,2026-02-28,000408.SZ,藏格矿业,农药化肥,青海,主板,False,-0.9655,156116.92,1346716.388,0.9942,2.2336,39.0692,8.9535,13529065.0189,False
2026-02-23,sh.601668,中国建筑,2026-02-28,601668.SH,中国建筑,建筑工程,北京,主板,False,0.1988,2664263.22,1341246.91,0.6448,1.5245,4.6624,0.4319,20825476.7838,False
2026-02-23,sh.600460,士兰微,2026-02-28,600460.SH,士兰微,半导体,浙江,主板,False,-1.106,415558.21,1331369.076,2.4972,3.6523,99.1871,4.4858,5356647.2691,False
2026-02-23,sh.600027,华电国际,2026-02-28,600027.SH,华电国际,火力发电,山东,主板,False,2.4096,2590662.44,1309273.404,2.8111,6.5591,8.4801,1.2432,5922004.8338,False
2026-02-23,sh.601766,中国中车,2026-02-28,601766.SH,中国中车,运输设备,北京,主板,False,-0.9449,2073901.86,1309180.399,0.8525,2.1292,11.9493,1.0833,18051585.5114,False
2026-02-23,sz.002352,顺丰控股,2026-02-28,002352.SZ,顺丰控股,仓储物流,深圳,主板,False,0.9867,343557.76,1301985.638,0.7199,1.4872,17.5705,1.9427,19084322.9589,False
2026-02-23,sz.000975,山金国际,2026-02-28,000975.SZ,山金国际,黄金,内蒙,主板,False,0.9778,420204.77,1299022.273,1.6626,2.5589,29.6089,5.9638,8602285.577,False
2026-02-23,sh.688396,华润微,2026-02-28,688396.SH,华润微,半导体,江苏,科创板,False,-4.0336,221262.82,1272001.877,1.6667,4.9329,96.115,3.316,7580192.8626,False
2026-02-23,sz.002600,领益智造,2026-02-28,002600.SZ,领益智造,元器件,广东,主板,False,-0.9659,828643.6,1270418.817,1.1511,2.7087,49.082,4.8788,11238701.1932,False
2026-02-23,sh.600346,恒力石化,2026-02-28,600346.SH,恒力石化,石油加工,辽宁,主板,False,1.6212,484278.79,1250074.571,0.688,2.7501,25.9866,2.7992,18090486.45,False
2026-02-23,sz.002415,海康威视,2026-02-28,002415.SZ,海康威视,IT设备,浙江,主板,False,-0.3802,399166.41,1249090.105,0.4412,1.1195,20.3086,3.4575,28814356.1532,False
2026-02-23,sz.002049,紫光国微,2026-02-28,002049.SZ,紫光国微,半导体,河北,主板,False,-0.5987,155074.15,1228318.435,1.8255,2.4671,47.2815,5.1596,6771508.5163,False
2026-02-23,sh.600989,宝丰能源,2026-02-28,600989.SH,宝丰能源,化工原料,宁夏,主板,False,1.6136,518322.37,1226704.878,0.7068,2.3917,16.3232,3.8187,17548730.48,False
2026-02-23,sh.688082,盛美上海,2026-02-28,688082.SH,盛美上海,半导体,上海,科创板,False,-8.1142,70033.82,1213689.651,1.6049,8.3884,59.2462,6.14,8270358.3257,False
2026-02-23,sh.600760,中航沈飞,2026-02-28,600760.SH,中航沈飞,航空,山东,主板,False,-0.8777,218544.48,1210999.825,0.7733,2.3557,53.4065,7.3234,15689414.1473,False
2026-02-23,sh.601919,中远海控,2026-02-28,601919.SH,中远海控,水运,天津,主板,False,-0.3981,802744.25,1205990.515,0.6393,1.5673,6.0412,1.0319,22984250.077,False
2026-02-23,sz.002601,龙佰集团,2026-02-28,002601.SZ,龙佰集团,化工原料,河南,主板,False,3.2272,520503.02,1201363.435,2.6187,3.5028,43.5149,2.3975,5567219.2108,False
2026-02-23,sh.600938,中国海油,2026-02-28,600938.SH,中国海油,石油开采,北京,主板,False,1.1277,335828.01,1196290.549,1.1232,1.4428,13.8331,2.2614,170489944.9406,False
2026-02-23,sz.300498,温氏股份,2026-02-28,300498.SZ,温氏股份,农业综合,广东,创业板,False,2.2393,729267.31,1160770.884,1.2251,1.3565,20.3112,2.5884,10632975.7663,False
2026-02-23,sh.600588,用友网络,2026-02-28,600588.SH,用友网络,软件服务,北京,主板,False,1.9355,795810.53,1132716.255,2.329,4.4521,,6.5588,4858970.3156,False
2026-02-23,sh.601985,中国核电,2026-02-28,601985.SH,中国核电,新型电力,北京,主板,False,-0.1172,1325472.48,1131650.497,0.7019,1.7272,22.3342,1.5216,17523937.767,False
2026-02-23,sh.688047,龙芯中科,2026-02-28,688047.SH,龙芯中科,半导体,北京,科创板,False,0.877,71210.85,1125449.213,1.7758,4.349,,24.9047,6365073.0,False
2026-02-23,sh.600233,圆通速递,2026-02-28,600233.SH,圆通速递,仓储物流,辽宁,主板,False,6.0,557025.19,1090905.094,1.6275,3.3918,16.9541,2.0114,6711668.9298,False
2026-02-23,sh.601877,正泰电器,2026-02-28,601877.SH,正泰电器,电气设备,浙江,主板,False,1.443,331055.46,1085028.621,1.5405,3.2795,15.5849,1.6244,7100193.4967,False
2026-02-23,sz.003816,中国广核,2026-02-28,003816.SZ,中国广核,新型电力,深圳,主板,False,0.7653,2728124.62,1078511.119,0.6936,4.0537,21.206,1.6178,19946998.696,False
2026-02-23,sh.601728,中国电信,2026-02-28,601728.SH,中国电信,电信运营,北京,主板,False,1.9366,1792823.66,1031181.133,0.2309,1.2486,15.3632,1.1565,52982633.3067,False
2026-02-23,sz.002648,卫星化学,2026-02-28,002648.SZ,卫星化学,化工原料,浙江,主板,False,0.9063,442870.52,1030759.357,1.3155,2.6537,12.8395,2.4581,7875893.6232,False
2026-02-23,sz.000425,徐工机械,2026-02-28,000425.SZ,徐工机械,工程机械,江苏,主板,False,-0.8091,843445.12,1030537.514,0.9362,1.0291,21.6784,2.4064,14403802.912,False
2026-02-23,sz.300661,圣邦股份,2026-02-28,300661.SZ,圣邦股份,半导体,北京,创业板,False,-2.0228,149157.0,1026956.386,2.5164,3.8038,76.1022,8.6659,4250922.4858,False
2026-02-23,sh.601225,陕西煤业,2026-02-28,601225.SH,陕西煤业,煤炭开采,陕西,主板,False,2.0672,432963.96,1019759.536,0.4466,1.2851,12.0113,2.4332,22977150.0,False
2026-02-23,sh.603296,华勤技术,2026-02-28,603296.SH,华勤技术,元器件,上海,主板,False,-0.0325,110911.58,1017036.457,1.9418,2.2266,23.552,3.7644,9362005.0146,False
2026-02-23,sz.002179,中航光电,2026-02-28,002179.SZ,中航光电,元器件,河南,主板,False,-0.8645,276555.13,983247.043,1.3184,2.4564,35.4617,3.0981,7530453.5828,False
2026-02-23,sh.603893,瑞芯微,2026-02-28,603893.SH,瑞芯微,半导体,福建,主板,False,-1.4835,54527.7,981689.477,1.2957,2.7141,74.0761,18.419,7575990.1245,False
2026-02-23,sh.600585,海螺水泥,2026-02-28,600585.SH,海螺水泥,水泥,安徽,主板,False,-0.1952,382689.05,977376.851,0.9568,1.848,15.3883,0.7115,13545017.3919,False
2026-02-23,sh.600160,巨化股份,2026-02-28,600160.SH,巨化股份,化工原料,浙江,主板,False,0.702,231556.12,962341.2,0.8577,1.8478,28.4322,5.6299,11230943.697,False
2026-02-23,sz.002493,荣盛石化,2026-02-28,002493.SZ,荣盛石化,化纤,浙江,主板,False,2.1611,609629.53,945349.01,0.6512,2.3511,211.6581,3.5665,15583529.9162,False
2026-02-23,sz.300782,卓胜微,2026-02-28,300782.SZ,卓胜微,半导体,江苏,创业板,False,4.5093,118506.92,923730.974,2.6438,3.5654,,4.2823,4289709.5048,False
2026-02-23,sz.002920,德赛西威,2026-02-28,002920.SZ,德赛西威,汽车配件,广东,主板,False,-0.8315,73496.14,918548.144,1.3249,2.6318,31.0306,5.0558,7403236.0321,False
2026-02-23,sh.601111,中国国航,2026-02-28,601111.SH,中国国航,空运,北京,主板,False,-1.867,1071511.19,902078.571,0.9207,2.8659,541.9124,3.1659,14674122.061,False
2026-02-23,sh.600426,华鲁恒升,2026-02-28,600426.SH,华鲁恒升,农药化肥,山东,主板,False,4.9198,235196.28,885658.49,1.1097,1.6351,25.3918,2.5474,8195500.5153,False
2026-02-23,sh.601816,京沪高铁,2026-02-28,601816.SH,京沪高铁,铁路,北京,主板,False,1.6427,1793821.08,881275.967,0.3666,0.7305,18.5505,1.1956,24218211.2882,False
2026-02-23,sh.601088,中国神华,2026-02-28,601088.SH,中国神华,煤炭开采,北京,主板,False,1.028,207992.22,875782.924,0.1261,0.7766,16.2567,2.117,83964365.3298,False
2026-02-23,sz.002074,国轩高科,2026-02-28,002074.SZ,国轩高科,电气设备,安徽,主板,False,-0.4465,228949.51,866153.47,1.3187,2.1822,20.6615,2.4163,6875491.3172,False
2026-02-23,sh.600660,福耀玻璃,2026-02-28,600660.SH,福耀玻璃,汽车配件,福建,主板,False,-1.8365,142468.61,864997.535,0.7113,1.0041,17.3541,4.7586,15762850.9333,False
2026-02-23,sz.002625,光启技术,2026-02-28,002625.SZ,光启技术,航空,深圳,主板,False,-0.7664,178927.55,856752.784,0.8305,1.1536,143.2188,10.8176,10322630.4468,False
2026-02-23,sh.600905,三峡能源,2026-02-28,600905.SH,三峡能源,新型电力,北京,主板,False,1.4634,2048518.91,847184.209,0.7166,1.5358,22.3078,1.3329,11892462.4591,False
2026-02-23,sz.002027,分众传媒,2026-02-28,002027.SZ,分众传媒,广告包装,上海,主板,False,-0.9804,1168306.72,827816.04,0.809,1.2003,18.8117,7.1398,10210635.2063,False
2026-02-23,sz.002459,晶澳科技,2026-02-28,002459.SZ,晶澳科技,电气设备,河北,主板,False,0.9174,678749.07,824222.975,2.0532,3.9111,,1.7674,4004721.9984,False
2026-02-23,sh.600050,中国联通,2026-02-28,600050.SH,中国联通,电信运营,北京,主板,False,0.8197,1616452.76,791176.53,0.5254,1.2431,16.254,0.9131,15382097.2609,False
2026-02-23,sz.000157,中联重科,2026-02-28,000157.SZ,中联重科,工程机械,湖南,主板,False,-0.1,772837.42,770559.209,1.0931,1.6416,20.0847,1.5266,8639886.7008,False
2026-02-23,sh.688126,沪硅产业,2026-02-28,688126.SH,沪硅产业,半导体,上海,科创板,False,-0.9576,344169.08,747392.561,1.2599,2.1489,,3.5755,7178510.8096,False
2026-02-23,sh.600029,南方航空,2026-02-28,600029.SH,南方航空,空运,广东,主板,False,-3.2938,996070.27,737201.652,0.7391,2.4459,,3.5914,13300757.1304,False
2026-02-23,sh.600023,浙能电力,2026-02-28,600023.SH,浙能电力,火力发电,浙江,主板,False,2.6975,1392419.91,735136.779,1.0384,3.8726,9.8133,0.9606,7146854.5552,False
2026-02-23,sz.000568,泸州老窖,2026-02-28,000568.SZ,泸州老窖,白酒,四川,主板,False,-0.4505,64812.63,717623.932,0.4405,0.8979,12.8655,3.4113,16264958.6912,False
2026-02-23,sh.601100,恒立液压,2026-02-28,601100.SH,恒立液压,工程机械,江苏,主板,False,-1.5359,62278.08,706784.273,0.4645,1.3027,53.9508,9.0841,15128483.2527,False
2026-02-23,sh.600415,小商品城,2026-02-28,600415.SH,小商品城,商品城,浙江,主板,False,1.0884,471896.51,700997.54,0.8606,2.102,19.3916,3.6731,8148569.0098,False
2026-02-23,sh.600674,川投能源,2026-02-28,600674.SH,川投能源,水力发电,四川,主板,False,1.9774,484318.68,695501.022,0.9936,2.9513,16.3426,1.5859,7038932.2596,False
2026-02-23,sh.600115,中国东航,2026-02-28,600115.SH,中国东航,空运,上海,主板,False,-2.0513,1203290.82,691968.823,0.7068,1.7438,,7.8874,12656273.1119,False
2026-02-23,sh.600845,宝信软件,2026-02-28,600845.SH,宝信软件,软件服务,上海,主板,False,0.0,283546.83,686996.449,1.3287,4.0675,48.4414,6.3132,6941543.1432,False
2026-02-23,sh.600028,中国石化,2026-02-28,600028.SH,中国石化,石油加工,北京,主板,False,-0.4622,1056622.74,683731.002,0.1115,0.7532,21.6693,0.9407,78117882.1874,False
2026-02-23,sh.600886,国投电力,2026-02-28,600886.SH,国投电力,水力发电,北京,主板,False,1.2223,503630.68,665508.19,0.6756,2.1659,16.1129,1.6004,10605954.8972,False
2026-02-23,sh.601186,中国铁建,2026-02-28,601186.SH,中国铁建,建筑工程,北京,主板,False,0.0,873975.36,643013.011,0.7598,1.9221,4.6855,0.3663,9994542.544,False
2026-02-23,sh.600930,华电新能,2026-02-28,600930.SH,华电新能,新型电力,福建,主板,False,1.5177,1060462.22,634462.147,3.2834,3.2834,28.393,2.302,25111999.9998,False
2026-02-23,sz.302132,中航成飞,2026-02-28,302132.SZ,中航成飞,电器仪表,陕西,创业板,False,-0.4754,79659.84,633866.637,1.3592,2.9694,97.5991,10.6642,21259158.9875,False
2026-02-23,sz.000708,中信特钢,2026-02-28,000708.SZ,中信特钢,特种钢,湖北,主板,False,4.0392,346529.88,620148.23,0.6866,4.2516,16.1927,2.2454,9100025.883,False
2026-02-23,sh.600570,恒生电子,2026-02-28,600570.SH,恒生电子,软件服务,浙江,主板,False,0.5695,205797.04,616691.468,1.0865,1.3716,54.0052,6.3019,5686180.9828,False
2026-02-23,sz.000617,中油资本,2026-02-28,000617.SZ,中油资本,多元金融,新疆,主板,False,1.0,659121.38,597964.458,0.5214,2.6098,26.6817,1.1031,11491649.8828,False
2026-02-23,sh.600941,中国移动,2026-02-28,600941.SH,中国移动,电信运营,北京,主板,False,0.3618,61686.34,580202.594,0.6833,0.7169,14.2946,1.4943,204191722.7546,False
2026-02-23,sh.688271,联影医疗,2026-02-28,688271.SH,联影医疗,医疗保健,上海,科创板,False,-0.229,44377.9,577789.109,0.5385,1.056,57.0598,4.9892,10771744.9032,False
2026-02-23,sh.601898,中煤能源,2026-02-28,601898.SH,中煤能源,煤炭开采,北京,主板,False,4.0466,383361.66,576497.098,0.4189,2.4932,11.6983,1.2963,20113392.3778,False
2026-02-23,sh.600066,宇通客车,2026-02-28,600066.SH,宇通客车,汽车整车,河南,主板,False,0.0,194476.84,575207.347,0.8784,1.5055,13.2079,4.8999,6573185.5531,False
2026-02-23,sz.002236,大华股份,2026-02-28,002236.SZ,大华股份,IT设备,浙江,主板,False,0.0,297903.39,571581.879,1.4079,1.6171,16.4233,1.6767,6330291.2355,False
2026-02-23,sz.000983,山西焦煤,2026-02-28,000983.SZ,山西焦煤,煤炭开采,山西,主板,False,2.6573,772778.91,561722.713,1.3612,3.187,24.5695,1.1417,4166992.1773,False
2026-02-23,sh.600809,山西汾酒,2026-02-28,600809.SH,山西汾酒,白酒,山西,主板,False,-0.1425,34569.4,557773.708,0.2834,0.8458,15.9869,5.0696,19659723.4375,False
2026-02-23,sz.000002,万科A,2026-02-28,000002.SZ,万科Ａ,全国地产,深圳,主板,False,0.4149,1132767.55,545381.101,1.1658,1.7498,,0.3286,5774463.384,False
2026-02-23,sz.001979,招商蛇口,2026-02-28,001979.SZ,招商蛇口,全国地产,深圳,主板,False,-0.9,538908.66,533868.082,0.6405,1.6521,22.7069,0.9043,8934887.8815,False
2026-02-23,sh.688506,百利天恒,2026-02-28,688506.SH,百利天恒,化学制药,四川,科创板,False,-4.1825,19836.11,533485.315,0.4947,2.6692,,15.2347,10924641.1978,False
2026-02-23,sh.688169,石头科技,2026-02-28,688169.SH,石头科技,家用电器,北京,科创板,False,-1.521,35799.74,515010.073,1.3817,1.7486,24.0418,2.6946,3707553.0197,False
2026-02-23,sh.601006,大秦铁路,2026-02-28,601006.SH,大秦铁路,铁路,山西,主板,False,0.5917,1009461.86,513540.552,0.501,0.9816,15.4279,0.6235,10275060.6352,False
2026-02-23,sz.000625,长安汽车,2026-02-28,000625.SZ,长安汽车,汽车整车,重庆,主板,False,0.0905,447278.79,494343.324,0.541,1.0673,16.1308,1.4306,10963694.0679,False
2026-02-23,sz.300866,安克创新,2026-02-28,300866.SZ,安克创新,元器件,湖南,创业板,False,-0.962,49891.24,483046.583,1.6228,2.3324,20.1441,5.2465,5188409.414,False
2026-02-23,sh.688472,阿特斯,2026-02-28,688472.SH,阿特斯,电气设备,江苏,科创板,False,0.5536,332545.12,482896.029,2.4676,2.4676,41.3107,2.3033,5293482.5827,False
2026-02-23,sh.603260,合盛硅业,2026-02-28,603260.SH,合盛硅业,化工原料,浙江,主板,False,0.1953,92208.65,472470.463,0.78,3.5174,,1.8946,6064721.6073,False
2026-02-23,sh.600018,上港集团,2026-02-28,600018.SH,上港集团,港口,上海,主板,False,0.3945,911020.15,463768.06,0.3919,3.2293,8.8429,0.8533,11849499.8965,False
2026-02-23,sh.601633,长城汽车,2026-02-28,601633.SH,长城汽车,汽车整车,河北,主板,False,-1.4423,223386.04,460891.349,0.3598,2.0415,17.6994,2.0378,17543638.092,False
2026-02-23,sh.688036,传音控股,2026-02-28,688036.SH,传音控股,通信设备,深圳,科创板,False,0.1559,78991.95,459546.538,0.6862,1.6825,25.7531,3.2544,6654997.8546,False
2026-02-23,sh.601808,中海油服,2026-02-28,601808.SH,中海油服,石油开采,天津,主板,False,-0.0592,272816.06,459247.129,0.9215,4.9637,20.6316,1.7509,8049675.704,False
2026-02-23,sz.000301,东方盛虹,2026-02-28,000301.SZ,东方盛虹,化纤,江苏,主板,False,0.3082,340019.43,440988.82,0.5145,1.568,,2.5753,8607821.8727,False
2026-02-23,sh.601018,宁波港,2026-02-28,601018.SH,宁波港,港口,浙江,主板,False,3.3898,1005255.5,427627.543,0.5167,3.2765,16.0749,1.0287,8307023.8464,False
2026-02-23,sh.603288,海天味业,2026-02-28,603288.SH,海天味业,食品,广东,主板,False,0.3348,118649.13,426781.985,0.2134,0.8162,30.7135,5.5671,21043162.4986,False
2026-02-23,sz.300015,爱尔眼科,2026-02-28,300015.SZ,爱尔眼科,医疗保健,湖南,创业板,False,0.0944,391548.76,414480.32,0.4922,0.9287,30.7078,4.5573,9884920.4702,False
2026-02-23,sz.300413,芒果超媒,2026-02-28,300413.SZ,芒果超媒,影视音像,湖南,创业板,False,-0.2455,163546.1,400239.681,1.6007,2.7414,48.7333,1.9695,4560817.347,False
2026-02-23,sz.300347,泰格医药,2026-02-28,300347.SZ,泰格医药,医疗保健,浙江,创业板,False,-1.4215,61842.04,371034.042,1.0922,1.2142,83.8874,2.425,5135159.3622,False
2026-02-23,sz.301269,华大九天,2026-02-28,301269.SZ,华大九天,半导体,北京,创业板,False,-0.3454,34837.15,349757.633,0.6387,1.7596,918.0683,10.5999,5507828.9656,False
2026-02-23,sz.000596,古井贡酒,2026-02-28,000596.SZ,古井贡酒,白酒,安徽,主板,False,0.3394,28176.08,339112.682,0.6896,2.0537,13.543,2.5698,6407160.6,False
2026-02-23,sh.600515,海南机场,2026-02-28,600515.SH,海南机场,机场,海南,主板,False,-0.2347,789362.25,335774.667,0.8602,1.4346,156.6411,2.0625,4855756.5809,False
2026-02-23,sh.600196,复星医药,2026-02-28,600196.SH,复星医药,化学制药,上海,主板,False,-0.1132,126171.91,334239.277,0.5956,1.027,21.5422,1.4723,7071296.8526,False
2026-02-23,sz.000538,云南白药,2026-02-28,000538.SZ,云南白药,中成药,云南,主板,False,-0.3556,59053.83,331962.008,0.3331,0.7607,19.233,2.517,10000791.8898,False
2026-02-23,sz.300999,金龙鱼,2026-02-28,300999.SZ,金龙鱼,食品,上海,创业板,False,0.2044,109743.03,323418.41,2.0224,2.0224,50.5723,1.6535,15944900.7074,False
2026-02-23,sz.000786,北新建材,2026-02-28,000786.SZ,北新建材,其他建材,北京,主板,False,-0.9204,113603.3,318796.98,0.6724,1.2117,15.4285,1.7739,4764558.6816,False
2026-02-23,sh.601021,春秋航空,2026-02-28,601021.SH,春秋航空,空运,上海,主板,False,-0.9901,57256.55,316580.569,0.5852,1.3257,26.8476,3.0296,5380833.8265,False
2026-02-23,sz.002311,海大集团,2026-02-28,002311.SZ,海大集团,饲料,广东,主板,False,2.2956,56481.52,309568.227,0.3397,0.7512,18.156,3.6088,9119013.5856,False
2026-02-23,sz.300628,亿联网络,2026-02-28,300628.SZ,亿联网络,通信设备,福建,创业板,False,-0.0532,75672.27,282835.944,1.0428,1.4578,18.7318,5.488,4760374.6733,False
2026-02-23,sh.600803,新奥股份,2026-02-28,600803.SH,新奥股份,供气供热,河北,主板,False,3.0318,138800.39,281317.787,0.4519,1.6719,14.2558,2.7246,6312305.8332,False
2026-02-23,sz.002422,科伦药业,2026-02-28,002422.SZ,科伦药业,化学制药,四川,主板,False,0.1969,92515.62,281079.708,0.7085,0.853,29.3009,2.0761,4880454.9981,False
2026-02-23,sz.300896,爱美客,2026-02-28,300896.SZ,爱美客,医疗保健,北京,创业板,False,-0.2654,19252.36,275481.541,0.923,1.4529,29.4839,5.8458,4320409.447,False
2026-02-23,sh.600600,青岛啤酒,2026-02-28,600600.SH,青岛啤酒,啤酒,山东,主板,False,-0.08,43716.02,273361.705,0.6165,1.4381,18.4085,2.7198,8522126.9209,False
2026-02-23,sh.601800,中国交建,2026-02-28,601800.SH,中国交建,建筑工程,北京,主板,False,0.123,324502.24,264057.98,0.2755,1.3499,6.3823,0.4541,13247560.3992,False
2026-02-23,sz.000999,华润三九,2026-02-28,000999.SZ,华润三九,中成药,深圳,主板,False,0.5921,89953.25,259005.955,0.541,1.4733,14.0461,2.1678,4806261.1739,False
2026-02-23,sh.600161,天坛生物,2026-02-28,600161.SH,天坛生物,生物制药,北京,主板,False,-1.5691,156478.78,256493.912,0.7913,1.5866,24.5043,2.8135,3225092.8284,False
2026-02-23,sh.600025,华能水电,2026-02-28,600025.SH,华能水电,水力发电,云南,主板,False,1.0787,272918.07,255021.166,0.1516,1.5162,20.2739,2.5411,17457335.3188,False
2026-02-23,sz.002304,洋河股份,2026-02-28,002304.SZ,洋河股份,白酒,江苏,主板,False,-0.0939,47093.86,250659.536,0.3126,0.8108,38.7224,1.6503,8014287.7937,False
2026-02-23,sh.600436,片仔癀,2026-02-28,600436.SH,片仔癀,中成药,福建,主板,False,0.1472,15349.43,249982.829,0.2544,0.5197,40.7021,6.8051,9848550.136,False
2026-02-23,sh.601058,赛轮轮胎,2026-02-28,601058.SH,赛轮轮胎,汽车配件,山东,主板,False,-0.1905,154014.82,242759.518,0.4684,0.6339,14.0049,2.4534,5168893.6071,False
2026-02-23,sh.688187,时代电气,2026-02-28,688187.SH,时代电气,运输设备,湖南,科创板,False,-1.0989,39651.12,235031.452,0.4563,1.5337,19.6481,1.8981,8066213.5673,False
2026-02-23,sz.000876,新希望,2026-02-28,000876.SZ,新希望,饲料,四川,主板,False,0.927,249365.5,216481.395,0.5541,1.2213,36.3029,1.6164,3921916.4205,False
2026-02-23,sh.600741,华域汽车,2026-02-28,600741.SH,华域汽车,汽车配件,上海,主板,False,-1.0241,110490.46,214139.079,0.3505,0.8408,8.8258,0.9416,6094215.4611,False
2026-02-23,sh.600039,四川路桥,2026-02-28,600039.SH,四川路桥,建筑工程,四川,主板,False,1.222,213866.39,212978.697,0.2459,2.1208,11.1719,1.7475,8643417.1011,False
2026-02-23,sh.688303,大全能源,2026-02-28,688303.SH,大全能源,电气设备,新疆,科创板,False,0.2937,87766.35,209356.767,0.4091,1.636,,1.3139,5127041.6804,False
2026-02-23,sz.000963,华东医药,2026-02-28,000963.SZ,华东医药,化学制药,浙江,主板,False,0.5877,57197.68,204587.784,0.3262,0.7788,17.0483,2.6122,6303951.6465,False
2026-02-23,sz.300832,新产业,2026-02-28,300832.SZ,新产业,医疗保健,深圳,创业板,False,0.8285,37354.06,195404.901,0.5477,1.0819,24.9242,4.7018,4111666.4019,False
2026-02-23,sh.603369,今世缘,2026-02-28,603369.SH,今世缘,白酒,江苏,主板,False,-0.6991,58864.21,185004.099,0.4721,0.8743,13.5513,2.3602,3896250.1156,False
2026-02-23,sz.000895,双汇发展,2026-02-28,000895.SZ,双汇发展,食品,河南,主板,False,0.0381,70271.82,184860.612,0.2029,0.6839,17.703,4.5017,9105129.6678,False
2026-02-23,sz.300122,智飞生物,2026-02-28,300122.SZ,智飞生物,生物制药,重庆,创业板,False,0.3482,105142.74,181606.123,0.7434,0.9666,,1.4111,4138862.4726,False
2026-02-23,sh.600085,同仁堂,2026-02-28,600085.SH,同仁堂,中成药,北京,主板,False,0.6213,55845.94,170704.63,0.4072,0.8563,31.1723,3.0885,4220013.9962,False
2026-02-23,sh.688009,中国通号,2026-02-28,688009.SH,中国通号,运输设备,北京,科创板,False,-0.3484,253357.49,145062.376,0.2939,1.2625,17.7104,1.3146,6057376.468,False
2026-02-23,sz.002252,上海莱士,2026-02-28,002252.SZ,上海莱士,生物制药,上海,主板,False,-0.1587,227738.32,143256.04,0.3433,0.5987,22.863,1.2854,4175292.4625,False
2026-02-23,sh.601238,广汽集团,2026-02-28,601238.SH,广汽集团,汽车整车,广东,主板,False,0.625,175063.56,140554.474,0.2371,0.9831,,0.7433,8208638.0495,False
2026-02-23,sh.601298,青岛港,2026-02-28,601298.SH,青岛港,港口,山东,主板,False,1.0858,142388.04,132417.344,0.2641,2.1497,11.0199,1.3607,6043214.1,False
2026-02-23,sz.001965,招商公路,2026-02-28,001965.SZ,招商公路,路桥,天津,主板,False,0.6231,136499.07,132242.457,0.2009,0.7576,12.7257,0.9897,6584447.0472,False
2026-02-23,sh.601607,上海医药,2026-02-28,601607.SH,上海医药,医药商业,上海,主板,False,-0.1161,73373.93,126289.018,0.2631,0.735,11.2983,0.8466,6378382.3115,False
2026-02-23,sh.603195,公牛集团,2026-02-28,603195.SH,公牛集团,家用电器,浙江,主板,False,-1.2248,22405.81,97898.331,0.1244,0.7373,19.7447,5.0318,7873446.038,False
2026-02-23,sz.001391,国货航,2026-02-28,001391.SZ,国货航,仓储物流,北京,主板,False,0.6723,162954.11,97347.575,1.0725,1.1683,27.2406,2.8025,7313119.8538,False
2026-02-23,sh.600377,宁沪高速,2026-02-28,600377.SH,宁沪高速,路桥,江苏,主板,False,0.4184,80592.94,96890.666,0.212,1.7128,12.9614,1.5007,6045297.0,False
2026-02-23,sh.603392,万泰生物,2026-02-28,603392.SH,万泰生物,生物制药,北京,主板,False,1.3851,23378.46,95316.281,0.1849,0.6986,,4.287,5182746.1036,False
2026-02-23,sz.300979,华利集团,2026-02-28,300979.SZ,华利集团,服饰,广东,创业板,False,0.3369,11918.0,56619.473,0.1021,0.6581,16.2,3.5683,5560755.0,False
2026-02-23,sh.600438,通威股份,2026-02-28,600438.SH,通威股份,电气设备,四川,主板,False,,,,,,,,,False
