ts_code,trade_date,open,high,low,close,pre_close,change,pct_chg,vol,amount
000333.SZ,20130918,7.18,8.23,7.07,7.49,,,,388897.54,1681303.4756
000333.SZ,20130927,7.43,8.36,7.21,7.62,7.49,0.1299999999999999,1.735647530040052,922635.22,4101596.2782
000333.SZ,20130930,7.62,7.77,7.6,7.67,7.62,0.04999999999999982,0.6561679790026224,76682.72,331344.5756
000333.SZ,20131011,7.62,8.22,7.61,8.07,7.67,0.40000000000000036,5.21512385919166,430138.22,1936583.8218
000333.SZ,20131018,8.07,8.3,7.75,8.16,8.07,0.08999999999999986,1.1152416356877306,437807.93,1984143.1526000001
000333.SZ,20131025,8.19,8.79,8.1,8.46,8.16,0.3000000000000007,3.6764705882353024,529617.16,2510050.2034
000333.SZ,20131101,8.5,9.01,8.39,8.47,8.46,0.009999999999999787,0.11820330969266886,495068.22000000003,2419188.6205
000333.SZ,20131108,8.44,8.6,8.01,8.09,8.47,-0.3800000000000008,-4.486422668240859,260092.5,1220803.749
000333.SZ,20131115,8.1,8.34,7.91,8.19,8.09,0.09999999999999964,1.2360939431396742,249599.19,1148630.8261
000333.SZ,20131122,8.22,8.42,7.99,8.26,8.19,0.07000000000000028,0.8547008547008582,255036.55,1184022.2444
000333.SZ,20131129,8.13,8.51,8.08,8.49,8.26,0.23000000000000043,2.784503631961264,319598.89,1498269.8502
000333.SZ,20131206,8.34,8.67,8.16,8.58,8.49,0.08999999999999986,1.0600706713780903,271642.58,1291370.6107
000333.SZ,20131213,8.59,9.02,8.45,8.89,8.58,0.3100000000000005,3.6130536130536193,373727.52,1849321.9201
000333.SZ,20131220,8.89,9.22,8.6,9.18,8.89,0.28999999999999915,3.2620922384701814,491040.31,2470148.04
000333.SZ,20131227,9.08,9.17,8.44,8.83,9.18,-0.34999999999999964,-3.8126361655773384,359360.62,1786115.6225
000333.SZ,20140103,8.83,8.96,8.35,8.52,8.83,-0.3100000000000005,-3.510758776896948,218968.41,1068522.6098
000333.SZ,20140107,8.49,8.51,8.19,8.24,8.52,-0.27999999999999936,-3.2863849765258144,94335.04000000001,440459.1647
000333.SZ,20140117,8.16,8.7,8.12,8.31,8.24,0.07000000000000028,0.8495145631067995,249771.6,1189427.4161
000333.SZ,20140124,8.31,8.73,8.25,8.62,8.31,0.3099999999999987,3.730445246690718,230069.37,1101281.4298999999
000333.SZ,20140130,8.56,8.58,8.25,8.31,8.62,-0.3099999999999987,-3.596287703016227,185937.93,883830.8215000001
000333.SZ,20140207,8.23,8.23,7.96,8.1,8.31,-0.21000000000000085,-2.5270758122743784,92332.6,419470.2566
000333.SZ,20140214,8.1,8.37,8.05,8.21,8.1,0.11000000000000121,1.3580246913580396,309088.55,1430402.9540000001
000333.SZ,20140221,8.22,8.26,7.89,7.92,8.21,-0.2900000000000009,-3.5322777101096334,274375.13,1250173.1504
000333.SZ,20140228,7.89,7.91,6.69,6.9,7.92,-1.0199999999999996,-12.878787878787874,623296.98,2488898.6757
000333.SZ,20140307,6.83,7.33,6.82,7.18,6.9,0.27999999999999936,4.057971014492744,339748.83999999997,1352220.3122
000333.SZ,20140314,7.09,7.56,7.05,7.41,7.18,0.23000000000000043,3.203342618384407,367015.33,1531496.1981000002
000333.SZ,20140321,7.43,7.77,7.01,7.24,7.41,-0.16999999999999993,-2.2941970310391353,317573.62,1318126.4757
000333.SZ,20140328,7.19,7.71,7.15,7.6,7.24,0.35999999999999943,4.972375690607727,242427.76,1020376.0822000001
000333.SZ,20140404,8.36,8.48,7.85,8.16,7.6,0.5600000000000005,7.368421052631585,1026703.59,4754846.6595
000333.SZ,20140411,8.14,8.56,8.05,8.49,8.16,0.33000000000000007,4.044117647058824,634327.08,2979450.797
000333.SZ,20140418,8.47,8.5,8.08,8.28,8.49,-0.21000000000000085,-2.4734982332155577,417779.45,1946959.8388
000333.SZ,20140425,8.19,8.43,7.82,8.33,8.28,0.05000000000000071,0.6038647342995256,499364.18,2309194.586
000333.SZ,20140430,8.33,8.49,7.93,7.99,8.33,-0.33999999999999986,-4.081632653061223,557191.47,1806049.727
000333.SZ,20140509,7.98,8.19,7.64,7.93,7.99,-0.0600000000000005,-0.7509386733416833,917081.94,1562888.5234
000333.SZ,20140516,8.03,8.15,7.83,7.92,7.93,-0.009999999999999787,-0.1261034047919267,512133.09,880007.6474
000333.SZ,20140523,7.78,7.86,7.55,7.82,7.92,-0.09999999999999964,-1.262626262626258,513416.16000000003,857056.7991000001
000333.SZ,20140530,7.86,8.14,7.78,8.06,7.82,0.2400000000000002,3.0690537084399003,628437.94,1082558.7835000001
000333.SZ,20140606,8.09,8.26,7.96,8.1,8.06,0.03999999999999915,0.49627791563274376,378711.03,663408.8371
000333.SZ,20140613,8.17,8.93,8.05,8.83,8.1,0.7300000000000004,9.012345679012352,1119026.6800000002,2056585.6385
000333.SZ,20140620,8.83,8.92,8.36,8.5,8.83,-0.33000000000000007,-3.737259343148359,867058.98,1616799.2878
000333.SZ,20140627,8.53,8.92,8.25,8.89,8.5,0.39000000000000057,4.588235294117654,768209.36,1421546.652
000333.SZ,20140704,8.89,9.15,8.69,9.05,8.89,0.16000000000000014,1.7997750281214864,927579.51,1792603.0207
000333.SZ,20140711,9.05,9.05,8.64,8.79,9.05,-0.26000000000000156,-2.872928176795597,619711.11,1179695.1984
000333.SZ,20140718,8.79,9.07,8.66,8.92,8.79,0.13000000000000078,1.478953356086471,620179.48,1185374.7234
000333.SZ,20140725,8.89,9.42,8.86,9.35,8.92,0.4299999999999997,4.82062780269058,924190.06,1820832.9244
000333.SZ,20140801,9.42,10.18,9.37,9.93,9.35,0.5800000000000001,6.203208556149733,1079537.97,2272449.5963
000333.SZ,20140808,9.93,10.27,9.66,9.82,9.93,-0.10999999999999943,-1.1077542799597124,982429.5700000001,2102028.2630000003
000333.SZ,20140815,9.81,9.89,9.66,9.79,9.82,-0.030000000000001137,-0.30549898167007267,738897.76,1557577.156
000333.SZ,20140822,9.82,10.55,9.82,10.49,9.79,0.7000000000000011,7.15015321756896,1062714.79,2333850.6382
000333.SZ,20140829,10.51,10.53,10.04,10.18,10.49,-0.3100000000000005,-2.9551954242135414,618251.39,1364680.5847999998
000333.SZ,20140905,10.18,10.43,10.1,10.3,10.18,0.120000000000001,1.1787819253438212,1003221.33,2223870.8588
000333.SZ,20140912,10.3,10.33,9.9,9.99,10.3,-0.3100000000000005,-3.009708737864082,822122.21,1782255.7135
000333.SZ,20140919,9.92,9.92,9.45,9.63,9.99,-0.35999999999999943,-3.603603603603598,979606.0700000001,2048268.0646000002
000333.SZ,20140926,9.61,9.74,9.31,9.51,9.63,-0.120000000000001,-1.2461059190031254,940598.77,1928231.1293
000333.SZ,20140930,9.43,9.46,9.12,9.21,9.51,-0.29999999999999893,-3.1545741324921024,783798.69,1557135.9219999998
000333.SZ,20141010,9.23,9.48,9.22,9.28,9.21,0.06999999999999851,0.7600434310531868,604187.89,1217917.6433
000333.SZ,20141017,9.23,9.49,9.07,9.45,9.28,0.16999999999999993,1.8318965517241375,1027554.1799999999,2063059.7219
000333.SZ,20141024,9.52,9.61,9.12,9.26,9.45,-0.1899999999999995,-2.0105820105820054,879945.67,1786557.4697
000333.SZ,20141031,9.19,9.7,8.98,9.67,9.26,0.41000000000000014,4.4276457883369345,1331057.8900000001,2692244.3228
000333.SZ,20141107,9.67,9.74,9.29,9.59,9.67,-0.08000000000000007,-0.8273009307135478,1324412.43,2723478.6645
000333.SZ,20141114,9.63,10.41,9.54,10.25,9.59,0.6600000000000001,6.882168925964548,2147563.2,4692805.5028
000333.SZ,20141121,10.25,10.36,9.78,10.09,10.25,-0.16000000000000014,-1.560975609756099,928776.56,2011590.21
000333.SZ,20141128,10.42,10.44,10.03,10.23,10.09,0.14000000000000057,1.3875123885034746,1558241.65,3447198.2397
000333.SZ,20141205,10.23,12.29,10.21,11.43,10.23,1.1999999999999993,11.730205278592369,3058615.37,7550564.9661
000333.SZ,20141219,12.58,13.14,11.58,12.79,11.43,1.3599999999999994,11.898512685914255,3653849.86,9721668.5507
000333.SZ,20141226,12.68,13.89,12.37,13.11,12.79,0.3200000000000003,2.501954652071934,2389130.6,6708725.203
000333.SZ,20141231,13.15,13.56,12.27,12.7,13.11,-0.41000000000000014,-3.1273836765827623,1171646.72,3216736.4288999997
000333.SZ,20150109,12.91,15.18,12.91,14.4,12.7,1.700000000000001,13.385826771653553,3177985.26,9860489.5393
000333.SZ,20150116,14.39,15.5,14.12,14.57,14.4,0.16999999999999993,1.180555555555555,1946641.18,6232289.4506
000333.SZ,20150123,13.89,14.54,13.11,14.12,14.57,-0.45000000000000107,-3.088538091969808,1978712.15,5984598.3094
000333.SZ,20150130,14.26,14.49,13.7,13.9,14.12,-0.21999999999999886,-1.558073654390927,1329227.27,4054420.7528
000333.SZ,20150206,13.66,14.11,13.2,13.47,13.9,-0.4299999999999997,-3.093525179856113,1073139.32,3167568.0745
000333.SZ,20150213,13.51,14.26,13.43,14.04,13.47,0.5699999999999985,4.231625835189298,941929.15,2846397.3703
000333.SZ,20150217,14.09,14.74,13.89,14.62,14.04,0.5800000000000001,4.131054131054132,578739.4199999999,1786660.8498999998
000333.SZ,20150227,14.77,14.97,14.41,14.56,14.62,-0.05999999999999872,-0.4103967168262566,753571.83,2386441.154
000333.SZ,20150306,14.6,14.73,13.52,13.62,14.56,-0.9400000000000013,-6.456043956043965,1355040.17,4126145.5888
000333.SZ,20150313,13.42,14.58,13.33,14.35,13.62,0.7300000000000004,5.359765051395011,1167177.22,3544258.859
000333.SZ,20150320,14.44,15.13,14.21,14.59,14.35,0.2400000000000002,1.6724738675958202,1571673.56,4972189.5712
000333.SZ,20150325,14.72,15.17,14.53,14.6,14.59,0.009999999999999787,0.06854009595613288,994965.27,3173018.8189999997
000333.SZ,20150403,16.06,16.06,15.05,15.68,14.6,1.08,7.397260273972603,2011244.3599999999,6799830.6808
000333.SZ,20150410,15.88,16.15,15.01,15.52,15.68,-0.16000000000000014,-1.020408163265307,1624541.78,5454244.4195
000333.SZ,20150417,15.6,16.9,14.75,16.56,15.52,1.0399999999999991,6.7010309278350455,2777767.32,9339190.2757
000333.SZ,20150424,16.53,18.0,16.03,16.76,16.56,0.20000000000000284,1.2077294685990512,2407222.63,8787704.3266
000333.SZ,20150430,16.94,18.0,16.74,17.58,16.76,0.8199999999999967,4.8926014319808875,2153877.73,8057104.7324
000333.SZ,20150508,17.57,17.57,16.03,16.74,17.58,-0.8399999999999999,-4.778156996587031,1781684.05,6239728.1485
000333.SZ,20150515,16.69,17.36,16.15,16.26,16.74,-0.4799999999999969,-2.8673835125447846,1618154.23,5714532.7697
000333.SZ,20150522,16.17,18.33,15.75,18.13,16.26,1.8699999999999974,11.500615006150044,2006726.07,7228904.2103
000333.SZ,20150529,18.14,19.73,16.78,17.59,18.13,-0.5399999999999991,-2.9784886927744023,2035337.27,7893412.0936
000333.SZ,20150605,17.65,18.83,16.76,17.92,17.59,0.33000000000000185,1.8760659465605563,1951687.8399999999,7436263.7011
000333.SZ,20150612,17.94,18.93,17.69,18.01,17.92,0.08999999999999986,0.502232142857142,2047390.47,7900254.5464
000333.SZ,20150619,18.04,18.11,15.69,16.65,18.01,-1.360000000000003,-7.55136035535815,1684290.17,6143679.2056
000333.SZ,20150626,16.63,18.96,15.79,16.36,16.65,-0.28999999999999915,-1.741741741741737,2147822.3,7953445.767100001
000333.SZ,20150703,17.12,17.97,15.45,15.83,16.36,-0.5299999999999994,-3.2396088019559866,3240104.1,11488051.4098
000333.SZ,20150710,17.38,17.73,13.79,17.71,15.83,1.8800000000000008,11.876184459886296,4023565.35,13450281.603500001
000333.SZ,20150717,17.73,18.72,16.08,17.32,17.71,-0.39000000000000057,-2.202145680406553,2327594.93,8518551.4685
000333.SZ,20150724,17.38,17.38,16.17,16.34,17.32,-0.9800000000000004,-5.658198614318708,1488220.75,5215602.7066
000333.SZ,20150731,16.12,16.27,14.53,15.76,16.34,-0.5800000000000001,-3.549571603427173,1825428.4100000001,5978623.802999999
000333.SZ,20150807,15.49,17.11,15.44,16.27,15.76,0.5099999999999998,3.2360406091370546,1219811.44,4157358.0049
000333.SZ,20150814,16.27,16.7,15.69,15.83,16.27,-0.4399999999999995,-2.704363859864779,1109365.63,3784543.0026000002
000333.SZ,20150821,15.8,15.8,13.31,13.35,15.83,-2.4800000000000004,-15.666456096020218,1226248.85,3768805.8445
000333.SZ,20150828,12.83,13.16,11.09,13.0,13.35,-0.34999999999999964,-2.621722846441945,2389442.14,6114289.953199999
000333.SZ,20150902,13.22,13.77,12.62,13.67,13.0,0.6699999999999999,5.153846153846153,1627793.53,4572416.5475
000333.SZ,20150911,13.57,13.78,12.41,12.96,13.67,-0.7099999999999991,-5.193855157278706,1148907.3699999999,3163604.7042
000333.SZ,20150918,13.03,13.04,11.74,12.31,12.96,-0.6500000000000004,-5.015432098765435,961571.14,2487862.7087
000333.SZ,20150925,12.14,12.82,11.86,11.93,12.31,-0.3800000000000008,-3.08692120227458,719439.78,1872916.5864
000333.SZ,20150930,11.94,12.07,11.64,12.0,11.93,0.07000000000000028,0.5867560771165155,346547.20999999996,862945.0516
000333.SZ,20151009,12.6,13.19,12.6,12.89,12.0,0.8900000000000006,7.416666666666671,523653.7,1420317.3493
000333.SZ,20151016,12.94,13.49,12.76,13.15,12.89,0.2599999999999998,2.0170674941815343,1089897.67,3003618.1517
000333.SZ,20151023,13.17,13.25,12.61,13.11,13.15,-0.040000000000000924,-0.3041825095057104,951357.2,2594825.1643
000333.SZ,20151030,13.41,13.5,12.66,13.32,13.11,0.21000000000000085,1.6018306636155673,1270574.25,3487179.3361
000333.SZ,20151106,13.16,14.51,13.11,14.32,13.32,1.0,7.5075075075075075,1369140.92,4011013.3692
000333.SZ,20151113,14.31,14.74,13.7,13.78,14.32,-0.5400000000000009,-3.7709497206703975,1024069.4299999999,3046657.5854
000333.SZ,20151120,13.64,14.02,13.27,13.4,13.78,-0.379999999999999,-2.757619738751807,1679656.51,4796039.1042
000333.SZ,20151127,13.39,13.76,12.84,12.89,13.4,-0.5099999999999998,-3.8059701492537297,1361099.57,3842101.6302
000333.SZ,20151204,12.97,14.42,12.44,13.83,12.89,0.9399999999999995,7.292474786656318,1516912.68,4331342.6462
000333.SZ,20151211,13.85,14.09,13.34,13.97,13.83,0.14000000000000057,1.012292118582795,1149647.72,3332807.3529000003
000333.SZ,20151218,13.87,14.57,13.8,14.13,13.97,0.16000000000000014,1.145311381531855,1038531.2,3113824.619
000333.SZ,20151225,14.17,15.82,14.13,15.29,14.13,1.1599999999999984,8.209483368719026,1347044.71,4324626.8696
000333.SZ,20151231,15.32,16.31,14.58,15.61,15.29,0.3200000000000003,2.092871157619361,1195402.74,3931806.8823999995
000333.SZ,20160108,15.61,15.78,13.66,14.17,15.61,-1.4399999999999995,-9.22485586162716,1152816.94,3542945.0455
000333.SZ,20160115,13.79,14.23,13.32,13.5,14.17,-0.6699999999999999,-4.728299223712067,1192950.58,3458064.5045
000333.SZ,20160122,13.19,13.92,12.6,12.88,13.5,-0.6199999999999992,-4.592592592592587,1044532.57,2910622.802
000333.SZ,20160129,12.94,13.08,11.96,12.99,12.88,0.10999999999999943,0.8540372670807409,729630.7,1936018.6139
000333.SZ,20160205,12.99,13.3,12.75,13.04,12.99,0.049999999999998934,0.38491147036180856,512736.02,1405074.9173
000333.SZ,20160219,12.81,13.45,12.7,13.12,13.04,0.08000000000000007,0.6134969325153381,503517.69,1388823.2989
000333.SZ,20160226,13.31,13.38,12.36,12.76,13.12,-0.35999999999999943,-2.743902439024386,549383.22,1503378.8641
000333.SZ,20160304,12.73,14.15,12.23,13.85,12.76,1.0899999999999999,8.5423197492163,1008419.76,2849870.6227
000333.SZ,20160311,13.88,14.23,13.45,13.79,13.85,-0.0600000000000005,-0.43321299638989536,471277.64,1369996.9003
000333.SZ,20160318,13.95,14.48,13.79,14.28,13.79,0.4900000000000002,3.5532994923857886,702935.8,2092348.0065000001
000333.SZ,20160325,14.34,15.05,14.16,14.93,14.28,0.6500000000000004,4.551820728291319,817759.6499999999,2499382.2336
000333.SZ,20160401,15.22,15.34,14.17,14.54,14.93,-0.39000000000000057,-2.6121902210314842,918250.35,2823197.6694
000333.SZ,20160408,14.39,14.73,14.19,14.27,14.54,-0.2699999999999996,-1.8569463548830785,485289.0,1480498.5729
000333.SZ,20160415,14.37,14.79,14.36,14.72,14.27,0.45000000000000107,3.1534688156972743,623857.46,1915677.4082
000333.SZ,20160422,14.72,14.72,14.03,14.64,14.72,-0.08000000000000007,-0.5434782608695656,602645.44,1823801.4674
000333.SZ,20160429,14.64,15.34,14.52,15.26,14.64,0.6199999999999992,4.234972677595623,818776.98,2570218.1731000002
000333.SZ,20160506,15.32,16.2,15.07,15.07,15.26,-0.1899999999999995,-1.2450851900393154,1156434.8399999999,3358411.5681
000333.SZ,20160513,14.87,16.69,14.8,15.92,15.07,0.8499999999999996,5.640345056403448,2015033.2199999997,4309671.9858
000333.SZ,20160517,15.92,16.29,15.77,15.81,15.92,-0.10999999999999943,-0.6909547738693431,367137.92,792910.0872
000333.SZ,20160603,17.1,17.36,16.55,17.09,15.81,1.2799999999999994,8.09614168247944,1546324.02,3529830.1157
000333.SZ,20160608,17.1,17.79,16.66,16.79,17.09,-0.3000000000000007,-1.7554125219426606,1097692.01,2549774.4986
000333.SZ,20160617,16.59,17.07,16.37,16.61,16.79,-0.17999999999999972,-1.0720667063728393,1214746.4500000002,2738721.2155
000333.SZ,20160624,16.48,17.2,16.44,16.9,16.61,0.28999999999999915,1.7459361830222706,1344498.07,3071182.6554
000333.SZ,20160701,16.78,18.23,16.78,17.83,16.9,0.9299999999999997,5.502958579881655,2234847.79,5268785.319
000333.SZ,20160708,17.78,18.57,17.66,17.88,17.83,0.05000000000000071,0.28042624789680715,2452265.02,5988554.8152
000333.SZ,20160715,18.03,21.89,17.89,21.21,17.88,3.330000000000002,18.624161073825515,4038736.6799999997,10909658.4449
000333.SZ,20160722,21.02,21.68,19.99,20.2,21.21,-1.0100000000000016,-4.761904761904769,2638932.08,7375321.4632
000333.SZ,20160729,20.0,21.32,19.52,20.88,20.2,0.6799999999999997,3.3663366336633653,3250297.16,8941815.2919
000333.SZ,20160805,20.76,21.16,19.97,20.71,20.88,-0.16999999999999815,-0.8141762452107192,2093443.06,5812902.0466
000333.SZ,20160812,20.7,20.77,19.55,20.02,20.71,-0.6900000000000013,-3.331723804925163,1905482.49,5205240.4471
000333.SZ,20160819,20.03,21.58,19.73,20.63,20.02,0.6099999999999994,3.046953046953044,2456960.58,6918316.0687
000333.SZ,20160826,20.63,20.79,19.99,20.15,20.63,-0.4800000000000004,-2.3267086766844423,1192515.6099999999,3279336.0936000003
000333.SZ,20160902,20.12,20.78,19.77,20.08,20.15,-0.07000000000000028,-0.3473945409429295,1455309.13,3966701.6481999997
000333.SZ,20160909,20.09,20.39,19.92,20.0,20.08,-0.0799999999999983,-0.39840637450198363,1169129.23,3181992.8076
000333.SZ,20160914,19.8,19.8,18.64,18.8,20.0,-1.1999999999999993,-5.9999999999999964,922060.12,2403453.0423
000333.SZ,20160923,18.8,19.52,18.8,19.44,18.8,0.6400000000000006,3.404255319148939,811213.25,2114217.2781
000333.SZ,20160930,19.43,20.12,19.07,20.0,19.44,0.5599999999999987,2.880658436213985,662202.9400000001,1752659.9717
000333.SZ,20161014,20.12,20.14,19.43,19.52,20.0,-0.4800000000000004,-2.400000000000002,999212.61,2668359.343
000333.SZ,20161021,19.6,19.64,19.24,19.53,19.52,0.010000000000001563,0.05122950819672931,908040.1,2384353.161
000333.SZ,20161028,19.64,19.9,19.54,19.81,19.53,0.2799999999999976,1.433691756272389,1153435.35,3074593.8814000003
000333.SZ,20161104,19.89,20.66,19.75,19.98,19.81,0.1700000000000017,0.858152448258464,1421452.2,3885361.642
000333.SZ,20161111,20.0,20.54,19.81,20.31,19.98,0.3299999999999983,1.6516516516516433,957283.14,2616526.252
000333.SZ,20161118,20.4,20.46,19.88,20.09,20.31,-0.21999999999999886,-1.0832102412604574,996331.92,2695073.698
000333.SZ,20161125,20.09,21.84,20.09,21.47,20.09,1.379999999999999,6.869089099054252,2113519.42,5979931.962
000333.SZ,20161202,21.73,23.88,21.32,22.11,21.47,0.6400000000000006,2.9809035863996303,4033701.27,12349705.741
000333.SZ,20161209,21.02,22.62,20.95,22.34,22.11,0.23000000000000043,1.0402532790592511,2021335.3399999999,5912114.965
000333.SZ,20161216,22.17,22.21,20.36,21.62,22.34,-0.7199999999999989,-3.2229185317815525,1625293.55,4666829.381999999
000333.SZ,20161223,21.47,21.69,20.74,20.83,21.62,-0.7900000000000027,-3.6540240518038973,902783.0900000001,2574883.79
000333.SZ,20161230,20.8,21.19,20.66,20.86,20.83,0.030000000000001137,0.1440230436869954,922088.62,2598016.8200000003
000333.SZ,20170106,21.21,22.2,21.19,21.76,20.86,0.9000000000000021,4.314477468839895,1188854.65,3489391.7810000004
000333.SZ,20170113,21.83,21.84,20.86,20.89,21.76,-0.870000000000001,-3.9981617647058867,1032518.05,2967567.111
000333.SZ,20170120,20.89,21.86,20.57,21.63,20.89,0.7399999999999984,3.542364767831491,1563279.68,4512431.114
000333.SZ,20170126,21.74,22.31,21.32,22.14,21.63,0.5100000000000016,2.35783633841887,1145588.58,3369226.987
000333.SZ,20170203,21.99,22.25,21.77,22.14,22.14,0.0,0.0,238409.76,708232.113
000333.SZ,20170210,22.14,22.57,21.87,22.3,22.14,0.16000000000000014,0.7226738934056014,1398348.04,4193738.512
000333.SZ,20170217,22.25,24.15,22.25,23.88,22.3,1.5799999999999983,7.085201793721965,1822333.0,5701708.333
000333.SZ,20170224,23.89,24.78,23.77,23.97,23.88,0.08999999999999986,0.3768844221105522,2043403.9500000002,6700284.665999999
000333.SZ,20170303,23.97,23.98,23.05,23.48,23.97,-0.48999999999999844,-2.044221944096781,1254424.83,3978764.773
000333.SZ,20170310,23.34,25.39,23.34,25.33,23.48,1.8499999999999979,7.879045996592835,1790886.54,5936272.9629999995
000333.SZ,20170317,25.38,25.76,24.68,24.73,25.33,-0.5999999999999979,-2.368732727990517,1925377.98,6541706.124
000333.SZ,20170324,24.77,26.4,24.43,25.85,24.73,1.120000000000001,4.5289122523251155,1903009.96,6518522.07
000333.SZ,20170331,25.85,26.17,24.29,24.65,25.85,-1.2000000000000028,-4.642166344294014,1950882.73,6574597.981
000333.SZ,20170407,24.6,25.26,24.28,24.91,24.65,0.26000000000000156,1.0547667342799252,1370986.49,4579160.632
000333.SZ,20170414,24.92,24.99,23.58,24.16,24.91,-0.75,-3.010839020473705,1635016.72,5343338.5770000005
000333.SZ,20170421,24.15,25.94,24.05,25.34,24.16,1.1799999999999997,4.8841059602648995,2071321.35,7046221.227
000333.SZ,20170428,25.17,26.06,24.4,24.92,25.34,-0.41999999999999815,-1.6574585635359043,2080360.21,7038606.165
000333.SZ,20170505,24.59,26.88,24.54,26.76,24.92,1.8399999999999999,7.383627608346709,1921631.48,6756891.3100000005
000333.SZ,20170512,26.72,27.7,25.59,27.24,26.76,0.4799999999999969,1.7937219730941585,1884137.3,6660880.575
000333.SZ,20170519,26.96,27.43,26.06,27.08,27.24,-0.16000000000000014,-0.5873715124816452,2538988.07,8887704.928
000333.SZ,20170526,26.88,27.87,26.82,27.18,27.08,0.10000000000000142,0.3692762186115267,2022415.15,7256156.837
000333.SZ,20170602,27.26,27.94,26.76,27.73,27.18,0.5500000000000007,2.023546725533483,1121063.69,4051427.627
000333.SZ,20170609,27.65,31.29,27.58,30.71,27.73,2.9800000000000004,10.746483952398126,2210182.77,8553284.102
000333.SZ,20170616,30.59,31.35,29.66,29.76,30.71,-0.9499999999999993,-3.093454900683814,2097691.7800000003,8342286.986
000333.SZ,20170623,30.17,33.96,30.11,33.89,29.76,4.129999999999999,13.877688172043007,2730427.29,11381654.523
000333.SZ,20170630,33.66,34.59,32.38,32.8,33.89,-1.0900000000000034,-3.2162879905576967,2530305.67,11006759.092
000333.SZ,20170707,32.65,32.76,31.18,31.72,32.8,-1.0799999999999983,-3.2926829268292637,2325642.64,9744878.395
000333.SZ,20170714,31.47,32.99,31.39,32.13,31.72,0.4100000000000037,1.2925598991172877,1917851.72,8085406.727
000333.SZ,20170721,32.08,32.38,30.86,31.93,32.13,-0.20000000000000284,-0.6224712107065137,1912900.93,7936015.688
000333.SZ,20170728,31.93,33.26,31.07,31.55,31.93,-0.379999999999999,-1.1901033510804855,1980704.42,8398781.324
000333.SZ,20170804,31.68,31.69,30.01,30.06,31.55,-1.490000000000002,-4.722662440570529,1594961.67,6473653.143999999
000333.SZ,20170811,29.98,31.51,29.47,30.2,30.06,0.14000000000000057,0.4657351962741203,1391359.76,5595528.157
000333.SZ,20170818,30.22,30.82,29.57,29.82,30.2,-0.379999999999999,-1.258278145695361,1208145.51,4762268.738
000333.SZ,20170825,29.81,32.0,29.68,31.93,29.82,2.1099999999999994,7.075788061703553,1381414.74,5648193.264
000333.SZ,20170901,32.0,32.45,30.77,31.12,31.93,-0.8099999999999987,-2.536799248355774,1512953.58,6285012.306
000333.SZ,20170908,31.11,31.85,30.95,31.23,31.12,0.10999999999999943,0.353470437017993,1059481.28,4363370.217
000333.SZ,20170915,31.44,32.12,30.24,32.03,31.23,0.8000000000000007,2.5616394492475205,1420187.85,5808772.313999999
000333.SZ,20170922,32.17,33.84,31.8,33.6,32.03,1.5700000000000003,4.901654698719951,1741484.1,7485342.172
000333.SZ,20170929,33.6,33.98,32.28,33.67,33.6,0.07000000000000028,0.20833333333333415,1232427.09,5366368.571
000333.SZ,20171013,34.14,36.7,33.89,36.33,33.67,2.6599999999999966,7.9002079002078895,1616956.74,7574160.051
000333.SZ,20171020,36.31,37.53,35.45,36.3,36.33,-0.030000000000001137,-0.08257638315442097,1304667.3900000001,6247208.241
000333.SZ,20171027,36.19,39.25,36.01,38.65,36.3,2.3500000000000014,6.473829201101933,1484523.4,7355577.5309999995
000333.SZ,20171103,39.01,39.89,38.02,38.59,38.65,-0.05999999999999517,-0.15523932729623588,1559948.97,7962674.555
000333.SZ,20171110,38.71,41.66,38.34,40.69,38.59,2.0999999999999943,5.441824306815222,2641014.79,13855005.898000002
000333.SZ,20171117,40.96,41.45,39.11,40.88,40.69,0.19000000000000483,0.4669451953797121,1969665.1400000001,10416461.233000001
000333.SZ,20171124,40.77,44.14,39.35,41.22,40.88,0.3399999999999963,0.8317025440313021,2603656.6,14338700.63
000333.SZ,20171201,40.69,40.69,38.25,38.54,41.22,-2.6799999999999997,-6.501698204754973,1720382.99,8882732.955
000333.SZ,20171208,38.64,40.03,37.37,38.43,38.54,-0.10999999999999943,-0.28541774779449774,1864204.33,9491430.637
000333.SZ,20171215,38.56,41.98,38.56,40.92,38.43,2.490000000000002,6.479313036690091,1691101.17,9064637.553
000333.SZ,20171222,40.54,43.23,40.54,43.11,40.92,2.1899999999999977,5.351906158357766,1523519.3800000001,8452985.833
000333.SZ,20171229,43.13,44.46,41.11,42.24,43.11,-0.8699999999999974,-2.0180932498260207,1697622.32,9535769.613
000333.SZ,20180105,42.78,44.35,42.23,44.16,42.24,1.9199999999999946,4.5454545454545325,1535504.82,8722481.43
000333.SZ,20180112,43.97,46.71,43.22,46.33,44.16,2.1700000000000017,4.913949275362324,1833841.29,10863094.875
000333.SZ,20180119,46.72,47.75,44.12,44.32,46.33,-2.009999999999998,-4.338441614504637,1608288.28,9649179.036
000333.SZ,20180126,44.64,47.77,44.64,47.24,44.32,2.9200000000000017,6.588447653429606,1787181.1,10892242.256000001
000333.SZ,20180202,47.22,47.38,44.3,45.64,47.24,-1.6000000000000014,-3.386960203217615,1635603.85,9744217.11
000333.SZ,20180209,44.89,45.37,38.21,39.61,45.64,-6.030000000000001,-13.212094653812448,3011950.79,16417242.092
000333.SZ,20180214,39.61,43.51,39.6,43.37,39.61,3.759999999999998,9.492552385761165,853056.5,4695794.66
000333.SZ,20180223,44.42,44.59,43.36,43.85,43.37,0.480000000000004,1.106755821996781,432028.98,2500299.22
000333.SZ,20180302,43.87,44.42,40.92,42.84,43.85,-1.009999999999998,-2.3033067274800407,1646644.18,9234760.293
000333.SZ,20180309,42.75,46.02,41.83,45.65,42.84,2.809999999999995,6.559290382819782,1383374.73,7973902.664
000333.SZ,20180316,46.47,47.65,45.34,45.48,45.65,-0.1700000000000017,-0.3723986856517014,1636289.46,9992560.653
000333.SZ,20180323,45.48,45.93,40.94,42.85,45.48,-2.6299999999999955,-5.782761653474045,1557492.6099999999,8884154.717
000333.SZ,20180330,42.29,42.96,39.63,41.55,42.85,-1.3000000000000043,-3.0338389731622035,2083428.08,11332213.98
000333.SZ,20180404,40.61,41.91,39.67,40.39,41.55,-1.1599999999999966,-2.7918170878459607,1100574.9100000001,5853207.762
000333.SZ,20180413,40.32,40.86,38.86,39.1,40.39,-1.2899999999999991,-3.193859866303538,1742115.88,9092713.064
000333.SZ,20180420,39.1,40.38,36.54,39.17,39.1,0.07000000000000028,0.1790281329923281,2038303.38,10248273.647
000333.SZ,20180427,39.55,41.05,38.52,39.38,39.17,0.21000000000000085,0.5361245851416921,1761284.94,9197461.962
000333.SZ,20180504,39.04,41.1,38.43,39.83,39.38,0.44999999999999574,1.1427120365667742,917595.5,4740171.705
000333.SZ,20180511,40.06,42.78,39.72,41.9,39.83,2.0700000000000003,5.1970876223951805,1279155.19,6835999.221
000333.SZ,20180518,42.09,43.54,40.86,42.01,41.9,0.10999999999999943,0.26252983293555954,1322929.8399999999,7182032.967
000333.SZ,20180525,42.39,42.52,39.21,39.44,42.01,-2.5700000000000003,-6.11759104975006,1235906.2,6435140.291999999
000333.SZ,20180601,39.68,41.51,38.88,40.65,39.44,1.2100000000000009,3.06795131845842,1496941.05,7752272.741
000333.SZ,20180608,41.24,43.22,41.1,42.61,40.65,1.9600000000000009,4.821648216482167,1789104.32,9746480.739
000333.SZ,20180615,42.61,45.25,42.58,43.87,42.61,1.259999999999998,2.9570523351325937,2192909.6,12388726.05
000333.SZ,20180622,42.95,43.69,40.8,41.82,43.87,-2.049999999999997,-4.672897196261676,1553676.32,8497532.98
000333.SZ,20180629,41.86,42.2,38.59,40.71,41.82,-1.1099999999999994,-2.6542324246771867,1653678.74,8553871.191
000333.SZ,20180706,40.47,40.47,35.08,36.95,40.71,-3.759999999999998,-9.236059936133623,3072904.5500000003,14527091.645
000333.SZ,20180713,37.33,38.47,36.22,37.29,36.95,0.3399999999999963,0.9201623815967422,1909370.57,9144835.165
000333.SZ,20180720,37.64,38.07,35.26,36.3,37.29,-0.990000000000002,-2.6548672566371736,1828185.35,8493498.831
000333.SZ,20180727,36.15,37.92,35.62,36.79,36.3,0.490000000000002,1.3498622589531737,2182647.12,10390806.309
000333.SZ,20180803,36.95,37.5,32.28,32.65,36.79,-4.140000000000001,-11.253057896167439,2228807.77,10019474.745000001
000333.SZ,20180810,32.75,35.71,32.58,35.06,32.65,2.4100000000000037,7.381316998468618,2083998.1,9156817.191
000333.SZ,20180817,34.77,34.96,31.97,32.05,35.06,-3.010000000000005,-8.585282373074744,1567488.3199999998,6697651.945
000333.SZ,20180824,32.05,33.39,31.58,32.25,32.05,0.20000000000000284,0.6240249609984488,1454765.42,6055162.32
000333.SZ,20180831,32.62,34.22,31.65,32.43,32.25,0.17999999999999972,0.55813953488372,1603477.43,6788851.757999999
000333.SZ,20180907,32.34,33.11,31.15,31.41,32.43,-1.0199999999999996,-3.1452358926919506,1172230.6600000001,4831508.37
000333.SZ,20181102,28.92,32.43,26.58,31.95,31.41,0.5399999999999991,1.719197707736387,3359633.0999999996,12668998.254
000333.SZ,20181109,31.81,32.3,30.95,31.0,31.95,-0.9499999999999993,-2.9733959311424076,1529509.36,6207113.394
000333.SZ,20181116,31.0,33.16,30.41,32.74,31.0,1.740000000000002,5.612903225806458,1209636.75,4952020.474
000333.SZ,20181123,32.66,33.13,31.03,31.09,32.74,-1.6500000000000021,-5.039706780696402,1119884.23,4583320.251
000333.SZ,20181130,30.87,31.56,29.84,30.16,31.09,-0.9299999999999997,-2.991315535541974,916047.15,3616111.022
000333.SZ,20181207,31.18,31.96,29.82,30.0,30.16,-0.16000000000000014,-0.5305039787798413,1371577.89,5471814.726
000333.SZ,20181214,29.62,31.45,28.42,30.99,30.0,0.9899999999999984,3.2999999999999945,1942530.2,7482346.699999999
000333.SZ,20181221,31.16,31.31,29.08,29.56,30.99,-1.4299999999999997,-4.614391739270732,1281727.51,4957674.066
000333.SZ,20181228,29.18,29.67,28.3,28.73,29.56,-0.8299999999999983,-2.8078484438430253,950725.39,3540704.337
000333.SZ,20190104,29.0,29.14,27.91,28.83,28.73,0.09999999999999787,0.3480682213713814,628975.86,2298350.613
000333.SZ,20190111,29.36,31.14,28.58,31.06,28.83,2.2300000000000004,7.734998265695459,1847648.13,7132862.57
000333.SZ,20190118,31.11,32.82,30.65,32.8,31.06,1.7399999999999984,5.6020605280102975,1519753.33,6227142.205
000333.SZ,20190125,32.9,33.36,31.73,32.66,32.8,-0.14000000000000057,-0.4268292682926847,1218182.2,5080508.202
000333.SZ,20190201,32.88,34.69,32.32,34.5,32.66,1.8400000000000034,5.63380281690142,1705514.19,7316671.408
000333.SZ,20190215,34.27,36.88,34.22,35.29,34.5,0.7899999999999991,2.2898550724637654,1670664.37,7703496.1219999995
000333.SZ,20190222,35.7,36.97,34.57,35.55,35.29,0.259999999999998,0.7367526211391273,1409708.42,6471716.912
000333.SZ,20190301,37.03,38.5,36.4,37.86,35.55,2.3100000000000023,6.497890295358657,2149388.67,10285155.61
000333.SZ,20190308,38.28,39.13,35.62,35.7,37.86,-2.1599999999999966,-5.7052297939778045,2143045.85,10343806.079
000333.SZ,20190315,35.74,37.87,35.49,37.36,35.7,1.6599999999999966,4.649859943977582,2067637.99,9686841.803
000333.SZ,20190322,37.03,38.8,36.87,37.89,37.36,0.5300000000000011,1.4186295503212023,1589168.51,7743081.473999999
000333.SZ,20190329,37.17,38.1,35.79,37.99,37.89,0.10000000000000142,0.26392187912378307,1420623.5,6754075.164000001
000333.SZ,20190404,38.43,42.08,38.39,41.82,37.99,3.8299999999999983,10.081600421163458,2447422.88,12787834.371
000333.SZ,20190412,41.82,43.93,39.34,39.98,41.82,-1.8400000000000034,-4.399808703969401,2319977.97,12428026.68
000333.SZ,20190419,40.57,43.46,39.48,42.94,39.98,2.960000000000001,7.403701850925465,1712055.19,9062897.479
000333.SZ,20190426,42.87,42.87,38.4,38.49,42.94,-4.449999999999996,-10.363297624592445,1780451.08,9225869.617
000333.SZ,20190430,38.49,41.7,38.48,40.85,38.49,2.3599999999999994,6.131462717588983,907442.39,4704184.982
000333.SZ,20190507,38.9,40.14,38.2,39.56,40.85,-1.2899999999999991,-3.157894736842103,1381087.2,6972216.416
000333.SZ,20190524,40.15,41.49,38.2,38.84,39.56,-0.7199999999999989,-1.8200202224469129,1524250.78,7781369.295
000333.SZ,20190531,38.84,40.12,38.1,39.68,38.84,0.8399999999999963,2.162718846549939,1417598.23,7066176.357
000333.SZ,20190606,39.84,40.8,39.1,39.3,39.68,-0.38000000000000256,-0.9576612903225871,806992.84,4024735.1610000003
000333.SZ,20190614,39.65,41.52,39.48,40.46,39.3,1.1600000000000037,2.951653944020366,1168466.5699999998,5935844.215
000333.SZ,20190621,40.7,43.16,40.32,41.69,40.46,1.2299999999999969,3.0400395452298485,1587674.74,8318848.222999999
000333.SZ,20190628,41.47,42.1,40.8,41.49,41.69,-0.19999999999999574,-0.47973135044374127,1424787.7,7379070.449
000333.SZ,20190705,42.38,44.41,42.21,44.22,41.49,2.729999999999997,6.579898770788134,2178763.47,11854793.758
000333.SZ,20190712,43.78,44.22,42.69,43.83,44.22,-0.39000000000000057,-0.8819538670284952,1148530.02,6243857.569
000333.SZ,20190719,43.61,44.25,41.62,42.08,43.83,-1.75,-3.992699064567648,1116575.3900000001,5957005.419
000333.SZ,20190726,42.16,43.12,41.6,42.75,42.08,0.6700000000000017,1.5922053231939206,809866.62,4309857.529
000333.SZ,20190802,42.92,44.53,40.84,42.2,42.75,-0.5499999999999972,-1.2865497076023324,1357481.26,7320790.9629999995
000333.SZ,20190809,41.31,42.12,39.46,40.98,42.2,-1.220000000000006,-2.890995260663521,1056656.77,5423408.828
000333.SZ,20190816,40.8,41.35,38.89,40.26,40.98,-0.7199999999999989,-1.756954612005854,1152959.05,5801200.509
000333.SZ,20190823,40.64,42.12,40.44,41.8,40.26,1.5399999999999991,3.825136612021856,999933.34,5169019.899
000333.SZ,20190830,40.96,42.72,40.51,42.23,41.8,0.4299999999999997,1.0287081339712911,1248909.68,6487333.534
000333.SZ,20190906,42.96,44.0,42.78,43.37,42.23,1.1400000000000006,2.6995027231825732,1691490.72,9181395.321
000333.SZ,20190912,43.76,43.92,42.52,43.28,43.37,-0.0899999999999963,-0.20751671662438623,935686.9099999999,5044066.609999999
000333.SZ,20190920,43.53,43.53,41.68,42.16,43.28,-1.1200000000000045,-2.5878003696857776,1149239.01,6090945.778
000333.SZ,20190927,42.12,42.12,40.4,41.06,42.16,-1.0999999999999943,-2.609108159392776,1152260.39,5928284.837
000333.SZ,20190930,40.88,41.43,40.73,40.88,41.06,-0.17999999999999972,-0.4383828543594732,163708.44,840760.127
000333.SZ,20191011,41.12,42.44,41.0,42.34,40.88,1.4600000000000009,3.5714285714285734,1000349.82,5231411.112
000333.SZ,20191018,42.67,43.36,41.96,42.12,42.34,-0.22000000000000597,-0.5196032120925979,1004245.63,5375013.624
000333.SZ,20191025,42.16,43.33,42.16,43.04,42.12,0.9200000000000017,2.184235517568855,821241.97,4405229.856
000333.SZ,20191101,43.2,47.61,42.45,47.12,43.04,4.079999999999998,9.479553903345721,1956656.89,10933784.618999999
000333.SZ,20191108,47.65,48.65,46.97,47.7,47.12,0.5800000000000054,1.2308998302207246,1505521.89,8973211.127
000333.SZ,20191115,46.93,46.97,44.49,45.25,47.7,-2.450000000000003,-5.136268343815519,1378009.33,7820338.055
000333.SZ,20191122,45.25,46.41,44.37,44.59,45.25,-0.6599999999999966,-1.4585635359115947,978202.95,5551519.0200000005
000333.SZ,20191129,44.59,45.89,42.95,43.45,44.59,-1.1400000000000006,-2.556627046422966,1115592.12,6172941.874
000333.SZ,20191206,43.67,45.4,43.2,44.97,43.45,1.519999999999996,3.4982738780207043,1106648.38,6104001.242000001
000333.SZ,20191213,45.29,46.81,44.95,46.73,44.97,1.759999999999998,3.91372025794974,966873.77,5555839.03
000333.SZ,20191220,46.49,47.45,46.2,46.25,46.73,-0.4799999999999969,-1.0271774020971471,1024952.86,5974391.533
000333.SZ,20191227,46.66,46.66,45.43,45.77,46.25,-0.4799999999999969,-1.037837837837831,900678.4,5168107.998
000333.SZ,20200103,45.61,47.98,45.33,46.62,45.77,0.8499999999999943,1.8571116451824212,1014090.3,5942379.4120000005
000333.SZ,20200110,46.25,48.4,44.81,48.0,46.62,1.3800000000000026,2.9601029601029656,1343960.9500000002,7872427.904
000333.SZ,20200117,48.41,48.81,47.11,48.26,48.0,0.259999999999998,0.5416666666666625,1073858.51,6432247.331
000333.SZ,20200123,48.65,48.78,44.01,44.09,48.26,-4.169999999999995,-8.640696228760868,1486485.55,8484749.151
000333.SZ,20200207,39.68,43.17,39.68,42.27,44.09,-1.8200000000000003,-4.127920163302337,2195906.25,11410102.499
000333.SZ,20200214,41.85,44.3,41.38,43.0,42.27,0.7299999999999969,1.7269931393423157,1603618.19,8622182.567
000333.SZ,20200221,42.68,43.99,42.54,43.43,43.0,0.4299999999999997,0.9999999999999993,1562626.3,8435203.852
000333.SZ,20200228,44.3,44.3,42.24,42.45,43.43,-0.9799999999999969,-2.2565047202394584,1729518.08,9410107.563
000333.SZ,20200306,42.45,45.45,42.45,44.65,42.45,2.1999999999999957,5.182567726737328,1678979.5699999998,9238429.43
000333.SZ,20200313,43.53,44.55,40.06,41.53,44.65,-3.1199999999999974,-6.987681970884653,1720719.6,9196638.358
000333.SZ,20200320,41.77,41.82,38.01,39.25,41.53,-2.280000000000001,-5.490007223693718,2381755.56,11871204.592
000333.SZ,20200327,38.01,40.37,37.05,39.57,39.25,0.3200000000000003,0.8152866242038225,1779363.97,8614690.032
000333.SZ,20200403,39.05,39.49,38.01,38.71,39.57,-0.8599999999999994,-2.173363659337881,1261692.6400000001,6107841.359
000333.SZ,20200410,39.37,40.45,38.44,39.43,38.71,0.7199999999999989,1.8599845001291626,1228614.37,6016984.852
000333.SZ,20200417,39.68,41.03,39.37,40.08,39.43,0.6499999999999986,1.6484909967030141,1646415.26,8241176.722
000333.SZ,20200424,40.24,41.92,40.0,41.61,40.08,1.5300000000000011,3.8173652694610807,1030788.69,5272909.755
000333.SZ,20200430,41.02,43.33,40.61,43.01,41.61,1.3999999999999986,3.3645758231194387,1013628.79,5310239.271
000333.SZ,20200508,42.41,45.19,42.17,45.07,43.01,2.0600000000000023,4.7895838177168155,951941.75,5218597.123
000333.SZ,20200515,45.28,46.81,45.14,45.57,45.07,0.5,1.1093854004881296,1298653.92,7487691.264
000333.SZ,20200522,46.01,47.72,45.3,45.7,45.57,0.13000000000000256,0.2852754004827794,1140938.67,6637418.191
000333.SZ,20200529,46.65,47.51,44.92,47.22,45.7,1.519999999999996,3.326039387308525,990398.29,5766026.284
000333.SZ,20200605,47.45,49.22,47.45,48.44,47.22,1.2199999999999989,2.583650995340955,950054.62,5630488.82
000333.SZ,20200612,48.81,50.59,48.07,49.29,48.44,0.8500000000000014,1.7547481420313822,1176290.9100000001,7099639.937
000333.SZ,20200619,48.56,49.29,46.97,49.12,49.29,-0.1700000000000017,-0.3448975451410057,1315880.33,7696313.845
000333.SZ,20200624,48.98,49.45,48.06,49.06,49.12,-0.05999999999999517,-0.12214983713354066,601263.55,3570348.31
000333.SZ,20200703,49.06,52.55,48.24,51.27,49.06,2.210000000000001,4.504688136975134,1740982.49,10708498.944
000333.SZ,20200710,51.61,55.51,51.37,52.1,51.27,0.8299999999999983,1.6188804369026688,1960046.17,12589013.902999999
000333.SZ,20200717,51.7,52.99,49.9,52.51,52.1,0.4099999999999966,0.7869481765834867,1895052.8199999998,11910879.447
000333.SZ,20200724,52.51,57.91,52.0,54.65,52.51,2.1400000000000006,4.075414206817751,2129753.59,14365712.492
000333.SZ,20200731,55.56,60.6,53.25,58.96,54.65,4.310000000000002,7.886550777676125,1456057.17,10158227.397
000333.SZ,20200807,59.17,61.42,56.58,57.97,58.96,-0.990000000000002,-1.6791044776119437,1299577.49,9282965.399
000333.SZ,20200814,57.69,60.39,56.84,59.2,57.97,1.230000000000004,2.1217871312748042,1028315.87,7296008.168
000333.SZ,20200821,59.49,60.64,56.41,57.01,59.2,-2.190000000000005,-3.6993243243243326,1036992.34,7349882.788000001
000333.SZ,20200828,56.95,58.67,55.13,57.75,57.01,0.740000000000002,1.2980178915979688,1257417.92,8688190.878
000333.SZ,20200904,58.37,60.39,56.04,56.53,57.75,-1.2199999999999989,-2.1125541125541107,1331912.21,9441641.494
000333.SZ,20200911,55.96,56.43,53.07,54.38,56.53,-2.1499999999999986,-3.8032902883424704,1415706.06,9383996.975
000333.SZ,20200918,54.46,59.15,54.4,57.75,54.38,3.3699999999999974,6.197131298271418,1290571.54,9033845.934
000333.SZ,20200925,57.73,58.98,57.04,57.77,57.75,0.020000000000003126,0.034632034632040044,798595.72,5620898.568
000333.SZ,20200930,57.77,60.5,57.49,59.66,57.77,1.8899999999999935,3.2715942530725175,629187.46,4546201.773
000333.SZ,20201009,60.04,60.94,60.0,60.31,59.66,0.6500000000000057,1.0895072075092285,251587.47,1853607.137
000333.SZ,20201016,59.66,63.24,59.41,61.47,60.31,1.1599999999999966,1.9233957884264574,1053192.15,7887553.899
000333.SZ,20201023,61.48,64.56,61.23,61.72,61.47,0.25,0.40670245648283715,883769.5700000001,6774419.587
000333.SZ,20201030,61.61,67.79,60.48,63.99,61.72,2.270000000000003,3.677900194426447,1216253.37,9495938.559
000333.SZ,20201106,64.93,75.02,64.92,74.07,63.99,10.079999999999991,15.752461322081562,2087687.52,17790194.485
000333.SZ,20201113,74.33,77.62,71.09,74.38,74.07,0.3100000000000023,0.41852301876603526,1663439.83,14906010.540000001
000333.SZ,20201120,75.19,78.33,71.54,75.26,74.38,0.8800000000000097,1.1831137402527692,1766702.5,16115341.878
000333.SZ,20201127,74.37,76.98,70.68,72.15,75.26,-3.1099999999999994,-4.1323412171140035,1853646.8599999999,16600612.448
000333.SZ,20201204,71.75,74.44,70.87,72.61,72.15,0.45999999999999375,0.6375606375606289,1485012.49,13122968.958
000333.SZ,20201211,73.04,73.13,68.54,69.03,72.61,-3.5799999999999983,-4.930450351191293,1508373.55,12889569.216
000333.SZ,20201218,70.57,74.6,68.48,73.38,69.03,4.349999999999994,6.301607996523242,1594849.6400000001,13935119.615
000333.SZ,20201225,73.73,77.42,71.52,76.9,73.38,3.5200000000000102,4.7969473971109435,1399805.52,12730845.902
000333.SZ,20201231,76.82,81.34,76.76,80.89,76.9,3.989999999999995,5.1885565669700835,1111653.75,10680079.503
000333.SZ,20210108,81.27,86.83,79.71,84.65,80.89,3.760000000000005,4.648287798244536,1832269.19,18654208.741
000333.SZ,20210115,84.8,86.86,79.53,81.92,84.65,-2.730000000000004,-3.2250443000590714,1771928.63,18042657.276
000333.SZ,20210122,81.67,83.43,77.64,82.64,81.92,0.7199999999999989,0.8789062499999987,1748930.67,17194902.986
000333.SZ,20210129,82.99,84.53,76.98,79.16,82.64,-3.480000000000004,-4.211035818005813,1751335.9100000001,17126024.984
000333.SZ,20210205,79.16,82.5,77.78,79.91,79.16,0.75,0.9474482061647298,1662949.57,16203500.836
000333.SZ,20210210,79.92,88.75,77.57,88.01,79.91,8.100000000000009,10.136403453885633,1451357.17,14603270.241999999
000333.SZ,20210219,88.02,88.22,78.07,80.52,88.01,-7.490000000000009,-8.510396545847073,1634306.17,16155857.217999998
000333.SZ,20210226,79.94,81.02,72.99,76.49,80.52,-4.030000000000001,-5.004967709885745,3529780.96,32909881.781000003
000333.SZ,20210305,76.75,78.75,70.69,73.54,76.49,-2.9499999999999886,-3.856713295855653,2030669.4,18684726.018
000333.SZ,20210312,72.72,73.72,67.13,70.64,73.54,-2.9000000000000057,-3.943432145771016,2262186.14,19247243.971
000333.SZ,20210319,69.69,71.49,66.56,70.1,70.64,-0.5400000000000063,-0.7644394110985365,1863055.01,15591170.614
000333.SZ,20210326,69.84,70.28,65.16,67.39,70.1,-2.7099999999999937,-3.8659058487874374,1477511.43,12096104.907
000333.SZ,20210402,67.35,72.72,66.56,71.58,67.39,4.189999999999998,6.2175396943166605,1563602.34,13084083.123
000333.SZ,20210409,71.62,72.06,65.93,66.11,71.58,-5.469999999999999,-7.641799385303156,1061942.68,8771429.355
000333.SZ,20210416,65.98,66.77,64.19,65.66,66.11,-0.45000000000000284,-0.680683708969903,1005026.4299999999,8001498.051
000333.SZ,20210423,65.74,69.02,64.92,68.91,65.66,3.25,4.949741090466038,1433417.8399999999,11635628.094999999
000333.SZ,20210430,69.22,69.85,65.08,65.88,68.91,-3.030000000000001,-4.3970396168915995,1667592.1,13585371.908
000333.SZ,20210507,64.35,65.55,61.63,61.69,65.88,-4.189999999999998,-6.360048573163324,928454.6000000001,7149755.322000001
000333.SZ,20210514,62.31,65.08,60.5,62.81,61.69,1.1200000000000045,1.8155292591992291,1730503.6,13279189.625999998
000333.SZ,20210521,63.27,68.29,62.86,67.01,62.81,4.200000000000003,6.686833306798285,2149255.35,17122959.575
000333.SZ,20210528,67.9,69.87,66.52,67.82,67.01,0.8099999999999881,1.2087748097298732,1821570.53,15140079.243999999
000333.SZ,20210604,67.96,67.96,64.15,65.15,67.82,-2.6699999999999875,-3.9368917723385253,2039924.86,16149015.285
000333.SZ,20210611,65.17,65.19,61.62,62.03,65.15,-3.1200000000000045,-4.788948580199546,1635517.78,12334428.415
000333.SZ,20210618,61.92,63.14,60.35,61.86,62.03,-0.1700000000000017,-0.2740609382556855,1583073.16,11650709.047
000333.SZ,20210625,61.88,62.45,59.26,61.33,61.86,-0.5300000000000011,-0.8567733591981912,2021351.87,14654682.851
000333.SZ,20210702,61.34,61.94,59.14,59.6,61.33,-1.7299999999999969,-2.8208054785586123,1790691.1099999999,12876365.365
000333.SZ,20210709,58.91,60.31,55.98,58.0,59.6,-1.6000000000000014,-2.684563758389264,2401613.92,16598828.092
000333.SZ,20210716,58.37,61.47,57.67,58.42,58.0,0.4200000000000017,0.7241379310344856,1990155.73,14152171.469
000333.SZ,20210723,58.5,58.93,55.75,56.13,58.42,-2.289999999999999,-3.9198904484765476,1905097.0,13057987.644
000333.SZ,20210730,54.97,55.38,51.22,53.23,56.13,-2.9000000000000057,-5.166577587742751,2479148.02,15732415.05
000333.SZ,20210806,53.23,60.57,52.46,58.97,53.23,5.740000000000002,10.78339282359572,2668942.91,18390098.442
000333.SZ,20210813,58.34,61.65,58.15,60.02,58.97,1.0500000000000043,1.78056638968968,1731347.49,12440744.173
000333.SZ,20210820,60.02,63.28,58.5,60.35,60.02,0.3299999999999983,0.5498167277574113,2033292.5299999998,14970688.227
000333.SZ,20210827,60.1,60.81,56.48,56.83,60.35,-3.520000000000003,-5.832642916321464,1434292.96,9930987.751
000333.SZ,20210903,56.96,58.78,54.63,58.71,56.83,1.8800000000000026,3.3081119127221585,2028710.6099999999,13725510.281
000333.SZ,20210910,58.78,61.97,58.77,60.69,58.71,1.9799999999999969,3.3725089422585537,1486604.24,10783967.195
000333.SZ,20210917,60.62,60.93,55.15,57.22,60.69,-3.469999999999999,-5.7175811501071,1471917.24,10015466.472000001
000333.SZ,20210924,56.16,57.17,55.22,56.33,57.22,-0.8900000000000006,-1.5554002097168833,712832.3400000001,4758448.853
000333.SZ,20210930,56.32,59.62,55.97,58.34,56.33,2.010000000000005,3.5682584768329577,1194278.34,8329008.025
000333.SZ,20211008,58.84,60.84,58.47,60.77,58.34,2.4299999999999997,4.165238258484743,416133.73,2987690.472
000333.SZ,20211015,60.94,61.27,58.38,59.51,60.77,-1.2600000000000051,-2.073391476057273,977626.21,6962769.915999999
000333.SZ,20211022,59.51,62.87,57.01,62.45,59.51,2.940000000000005,4.9403461603092005,1728282.17,12311529.283
000333.SZ,20211029,62.02,62.28,55.36,57.64,62.45,-4.810000000000002,-7.702161729383509,2065525.92,14330791.571999999
000333.SZ,20211105,59.74,61.96,58.1,59.3,57.64,1.6599999999999966,2.879944482997912,1732316.5499999998,12408140.982
000333.SZ,20211112,59.2,61.93,57.01,60.49,59.3,1.1900000000000048,2.006745362563246,1244102.44,8789341.733
000333.SZ,20211119,60.35,61.61,58.1,58.67,60.49,-1.8200000000000003,-3.0087617788064147,1015442.63,7254761.666
000333.SZ,20211126,58.45,58.98,57.48,57.68,58.67,-0.990000000000002,-1.6874041247656415,1028116.73,7142557.098999999
000333.SZ,20211203,56.99,57.96,55.89,56.29,57.68,-1.3900000000000006,-2.4098474341192797,965578.91,6538944.751
000333.SZ,20211210,56.29,60.98,56.25,60.27,56.29,3.980000000000004,7.07052762480015,1870955.81,13220081.428
000333.SZ,20211217,60.98,63.09,57.58,57.58,60.27,-2.690000000000005,-4.463248714119802,1321182.2,9501812.849
000333.SZ,20211224,57.74,61.08,57.68,60.49,57.58,2.9100000000000037,5.053838138242452,1109324.1,7891358.836
000333.SZ,20211231,60.52,63.33,60.27,61.87,60.49,1.3799999999999955,2.281368821292768,1439210.42,10672575.073
000333.SZ,20220107,62.03,66.91,61.69,65.2,61.87,3.3300000000000054,5.382253111362544,1703217.5699999998,13059682.936999999
000333.SZ,20220114,65.55,67.79,59.85,60.35,65.2,-4.850000000000001,-7.4386503067484675,1551403.96,11678753.286
000333.SZ,20220121,60.43,66.07,60.12,64.89,60.35,4.539999999999999,7.52278376139188,1629783.31,12358895.06
000333.SZ,20220128,64.37,66.24,61.21,61.36,64.89,-3.530000000000001,-5.439975342887966,1129132.0899999999,8570804.231
000333.SZ,20220211,62.45,64.6,60.75,62.14,61.36,0.7800000000000011,1.2711864406779678,1437491.26,10700461.564
000333.SZ,20220218,61.61,61.86,59.77,61.19,62.14,-0.9500000000000028,-1.528805922111366,945402.8899999999,6866572.275
000333.SZ,20220225,61.02,61.04,56.55,57.1,61.19,-4.089999999999996,-6.684098708939364,1309258.3,9100338.007000001
000333.SZ,20220304,56.58,57.33,54.56,54.99,57.1,-2.1099999999999994,-3.6952714535901916,1705338.08,11336031.132
000333.SZ,20220311,54.13,54.13,47.45,49.77,54.99,-5.219999999999999,-9.492635024549916,2446915.84,14692799.683
000333.SZ,20220318,48.63,50.02,45.47,49.37,49.77,-0.4000000000000057,-0.8036970062286631,2238968.97,12812719.74
000333.SZ,20220325,49.48,49.92,46.98,47.02,49.37,-2.3499999999999943,-4.7599756937411275,1233144.52,7143762.32
000333.SZ,20220401,46.83,49.66,45.65,49.12,47.02,2.0999999999999943,4.466184602296883,1516372.6,8573788.103
000333.SZ,20220408,48.66,49.61,47.64,48.05,49.12,-1.0700000000000003,-2.178338762214984,803779.2999999999,4664371.643999999
000333.SZ,20220415,48.16,49.71,46.33,49.16,48.05,1.1099999999999994,2.3100936524453686,1487123.48,8516018.353
000333.SZ,20220422,49.04,49.36,45.83,47.75,49.16,-1.4099999999999966,-2.868185516680221,1064502.64,6079442.191
000333.SZ,20220429,47.4,48.19,42.33,47.85,47.75,0.10000000000000142,0.20942408376963648,2161187.15,11692572.339
000333.SZ,20220506,48.66,49.77,48.1,48.78,47.85,0.9299999999999997,1.943573667711598,680077.2,3980735.1610000003
000333.SZ,20220513,47.99,48.21,46.1,47.79,48.78,-0.990000000000002,-2.029520295202956,1345094.27,7592543.3
000333.SZ,20220520,48.21,49.24,46.38,47.69,47.79,-0.10000000000000142,-0.20924879681942127,1205699.76,6811637.589
000333.SZ,20220527,47.23,47.36,43.42,44.53,47.69,-3.1599999999999966,-6.626127070664703,1819652.85,9803258.398
000333.SZ,20220602,44.55,45.91,44.43,45.45,44.53,0.9200000000000017,2.0660229059061344,1139388.92,6093786.323
000333.SZ,20220610,45.47,46.53,44.61,45.19,45.45,-0.2600000000000051,-0.5720572057205833,1607065.47,8449575.144
000333.SZ,20220617,44.8,47.92,43.34,47.36,45.19,2.1700000000000017,4.801947333480863,2565280.84,13586884.564
000333.SZ,20220624,47.7,50.98,47.7,49.99,47.36,2.6300000000000026,5.553209459459465,2636140.0300000003,15052353.876
000333.SZ,20220701,50.42,52.46,50.3,50.84,49.99,0.8500000000000014,1.7003400680136054,2033225.28,12094185.932
000333.SZ,20220708,49.76,53.18,49.76,50.66,50.84,-0.18000000000000682,-0.35405192761606374,1329959.53,7884361.342
000333.SZ,20220715,50.38,52.65,47.69,47.74,50.66,-2.9199999999999946,-5.7639163047769335,1917430.15,11117251.481
000333.SZ,20220722,47.74,48.73,46.7,47.64,47.74,-0.10000000000000142,-0.2094679514034382,999950.62,5515439.175000001
000333.SZ,20220729,47.65,50.04,47.37,47.55,47.64,-0.09000000000000341,-0.18891687657431447,1251346.59,7031269.919
000333.SZ,20220805,47.78,47.82,45.04,45.81,47.55,-1.7399999999999949,-3.659305993690841,1099215.5,5841206.16
000333.SZ,20220812,45.45,46.23,44.77,45.97,45.81,0.1599999999999966,0.3492687186203811,941038.54,4944329.651000001
000333.SZ,20220819,45.98,46.6,45.07,45.5,45.97,-0.46999999999999886,-1.0224059169023252,858064.0700000001,4533341.653
000333.SZ,20220826,45.37,46.31,44.08,45.17,45.5,-0.3299999999999983,-0.7252747252747215,1044665.36,5452644.188
000333.SZ,20220902,44.62,48.0,44.55,46.4,45.17,1.2299999999999969,2.7230462696479893,1839673.46,9879886.967
000333.SZ,20220909,45.92,48.11,45.73,47.95,46.4,1.5500000000000043,3.34051724137932,1255728.0899999999,6795307.046
000333.SZ,20220916,47.95,49.47,47.48,47.67,47.95,-0.28000000000000114,-0.5839416058394183,1083135.57,6069350.115
000333.SZ,20220923,47.28,47.95,44.11,44.4,47.67,-3.270000000000003,-6.859660163624929,1398619.85,7388918.812
000333.SZ,20220930,44.11,44.97,42.64,42.64,44.4,-1.759999999999998,-3.9639639639639594,1197592.44,6075426.487
000333.SZ,20221014,42.64,43.23,40.65,41.5,42.64,-1.1400000000000006,-2.673545966228894,1311994.55,6305297.666999999
000333.SZ,20221021,41.26,41.64,37.85,38.05,41.5,-3.450000000000003,-8.3132530120482,1700562.67,7801535.476
000333.SZ,20221028,37.79,38.33,35.13,35.25,38.05,-2.799999999999997,-7.358738501971083,1864537.63,7905585.835
000333.SZ,20221104,35.22,37.49,34.67,37.27,35.25,2.020000000000003,5.7304964539007175,1952432.0899999999,8110646.961
000333.SZ,20221111,37.19,39.95,36.76,39.46,37.27,2.1899999999999977,5.876039710222693,1918971.3399999999,8421375.319
000333.SZ,20221118,41.44,42.88,40.91,41.49,39.46,2.030000000000001,5.1444500760263585,2125940.64,10257241.705
000333.SZ,20221125,41.05,41.05,39.59,40.38,41.49,-1.1099999999999994,-2.6753434562545175,1184252.1400000001,5494417.046
000333.SZ,20221202,39.5,42.66,39.12,41.55,40.38,1.1699999999999946,2.8974739970282184,1334908.67,6378162.882999999
000333.SZ,20221209,41.94,46.99,41.86,46.96,41.55,5.410000000000004,13.02045728038509,2213087.76,11418448.612
000333.SZ,20221216,46.44,48.26,45.64,46.7,46.96,-0.259999999999998,-0.553662691652466,1509168.77,8162423.99
000333.SZ,20221223,46.7,47.03,44.36,45.3,46.7,-1.4000000000000057,-2.9978586723768856,955521.4600000001,5020869.981000001
000333.SZ,20221230,45.56,45.86,44.12,44.8,45.3,-0.5,-1.1037527593818985,738182.8099999999,3844401.3109999998
000333.SZ,20230106,44.97,47.7,44.3,46.71,44.8,1.9100000000000037,4.263392857142866,914187.32,4903502.035
000333.SZ,20230113,46.79,48.43,46.18,48.39,46.71,1.6799999999999997,3.5966602440590876,984848.88,5371966.583000001
000333.SZ,20230120,48.46,50.59,48.45,49.36,48.39,0.9699999999999989,2.004546393883031,951939.61,5469555.5709999995
000333.SZ,20230203,49.68,50.23,45.71,46.1,49.36,-3.259999999999998,-6.604538087520255,1332019.37,7311703.098
000333.SZ,20230210,45.67,45.67,43.66,44.64,46.1,-1.4600000000000009,-3.1670281995661624,1189154.03,6113652.22
000333.SZ,20230217,44.54,45.53,43.93,44.43,44.64,-0.21000000000000085,-0.47043010752688363,1075307.08,5556352.524
000333.SZ,20230224,44.54,46.6,44.2,45.82,44.43,1.3900000000000006,3.128516767949585,1278129.8800000001,6780148.828
000333.SZ,20230303,45.49,48.29,44.85,47.74,45.82,1.9200000000000017,4.190309908336975,1249396.28,6758440.31
000333.SZ,20230310,47.43,47.57,44.12,44.24,47.74,-3.5,-7.331378299120233,921307.64,4884297.404
000333.SZ,20230317,44.11,45.18,42.94,43.53,44.24,-0.7100000000000009,-1.604882459312841,892353.78,4550170.658
000333.SZ,20230324,43.4,45.2,43.33,45.05,43.53,1.519999999999996,3.4918447048012773,786589.88,4049212.759
000333.SZ,20230331,45.05,47.39,44.16,46.54,45.05,1.490000000000002,3.3074361820199822,1233854.42,6542618.488
000333.SZ,20230407,47.57,47.91,46.48,47.29,46.54,0.75,1.6115169746454665,864881.49,4729089.756
000333.SZ,20230414,47.05,49.08,46.55,46.65,47.29,-0.6400000000000006,-1.3533516599703965,1028602.0800000001,5686615.666
000333.SZ,20230421,46.62,50.68,46.61,49.16,46.65,2.509999999999998,5.3804930332261485,1608103.8199999998,9153782.862
000333.SZ,20230428,48.6,50.81,48.13,49.1,49.16,-0.05999999999999517,-0.12205044751829774,1323560.1,7558235.17
000333.SZ,20230505,49.48,50.55,46.77,47.85,49.1,-1.25,-2.545824847250509,610688.49,3405156.6679999996
000333.SZ,20230512,47.85,49.72,46.6,48.27,47.85,0.4200000000000017,0.8777429467084674,856556.03,4753720.525
000333.SZ,20230519,48.31,49.5,47.18,48.26,48.27,-0.010000000000005116,-0.020716801325885884,682093.73,3798109.121
000333.SZ,20230526,48.26,49.25,45.56,46.93,48.26,-1.3299999999999983,-2.75590551181102,857686.04,4711812.877
000333.SZ,20230602,46.93,47.31,44.07,47.04,46.93,0.10999999999999943,0.2343916471340282,1624157.32,8338585.475
000333.SZ,20230609,47.68,52.45,46.85,50.95,47.04,3.9100000000000037,8.312074829931982,1997288.05,11021563.195
000333.SZ,20230616,50.96,53.57,50.58,52.99,50.95,2.039999999999999,4.003925417075562,1617544.5,9283623.627
000333.SZ,20230621,52.67,54.12,51.49,52.92,52.99,-0.07000000000000028,-0.13210039630118942,984224.0599999999,5715721.834000001
000333.SZ,20230630,54.33,54.96,52.49,53.5,52.92,0.5799999999999983,1.095993953136807,1686378.06,9972032.381000001
000333.SZ,20230707,53.47,54.83,51.94,52.44,53.5,-1.0600000000000023,-1.9813084112149575,1188596.29,6980167.022
000333.SZ,20230714,52.5,52.96,50.89,52.18,52.44,-0.259999999999998,-0.49580472921433644,941009.5,5376464.958
000333.SZ,20230721,51.94,53.26,50.55,51.88,52.18,-0.29999999999999716,-0.5749329244921372,869576.52,4975200.309
000333.SZ,20230728,51.88,54.32,50.97,54.25,51.88,2.3699999999999974,4.568234387047027,1071906.28,6297527.4
000333.SZ,20230804,55.35,55.66,51.75,52.59,54.25,-1.6599999999999966,-3.059907834101376,1195071.06,7012266.881
000333.SZ,20230811,52.48,52.84,50.07,50.11,52.59,-2.480000000000004,-4.715725423084244,1082133.49,6114060.171
000333.SZ,20230818,49.49,50.8,49.29,49.75,50.11,-0.35999999999999943,-0.7184194771502682,799261.85,4401999.399
000333.SZ,20230825,49.59,50.84,48.5,50.18,49.75,0.4299999999999997,0.8643216080402005,940261.14,5128968.193
000333.SZ,20230901,52.03,53.12,50.44,52.6,50.18,2.4200000000000017,4.822638501394982,1286882.48,7307582.216
000333.SZ,20230908,53.12,53.39,50.68,50.92,52.6,-1.6799999999999997,-3.1939163498098853,783274.53,4496999.921
000333.SZ,20230915,51.13,52.41,50.22,50.66,50.92,-0.2600000000000051,-0.5106048703849275,679596.19,3843746.3430000003
000333.SZ,20230922,50.67,51.98,50.13,51.8,50.66,1.1400000000000006,2.2502960915909997,871134.19,4915869.318
000333.SZ,20230928,51.66,51.94,50.32,50.38,51.8,-1.4199999999999946,-2.741312741312731,714866.27,4017400.1500000004
000333.SZ,20231013,50.36,50.95,49.42,49.93,50.38,-0.45000000000000284,-0.8932115919015539,1011778.0700000001,5578112.9629999995
000333.SZ,20231020,49.76,50.84,48.02,48.29,49.93,-1.6400000000000006,-3.284598437812939,837733.44,4580896.898
000333.SZ,20231027,48.13,49.04,47.25,48.8,48.29,0.509999999999998,1.0561192793538994,1082250.0,5731701.914
000333.SZ,20231103,48.43,49.62,47.85,47.95,48.8,-0.8499999999999943,-1.741803278688513,970556.31,5173418.397
000333.SZ,20231110,48.13,48.43,47.45,47.85,47.95,-0.10000000000000142,-0.20855057351408013,923761.1,4879134.721
000333.SZ,20231117,47.8,47.8,46.02,47.09,47.85,-0.759999999999998,-1.5882967607105496,1178495.9,6052284.695
000333.SZ,20231124,46.8,48.3,46.8,47.65,47.09,0.5599999999999952,1.1892121469526336,696797.6399999999,3654906.207
000333.SZ,20231201,47.61,47.95,45.7,45.9,47.65,-1.75,-3.6726128016789086,946035.26,4881721.827
000333.SZ,20231208,45.84,46.38,44.27,45.71,45.9,-0.18999999999999773,-0.4139433551198207,1105163.04,5524091.98
000333.SZ,20231215,45.27,46.81,44.69,45.7,45.71,-0.00999999999999801,-0.021877050973524416,922985.4199999999,4686746.611
000333.SZ,20231222,45.43,48.12,45.18,47.92,45.7,2.219999999999999,4.857768052516408,1148283.57,5908183.866
000333.SZ,20231229,47.78,49.93,47.61,49.61,47.92,1.6899999999999977,3.526711185308843,984394.72,5276745.157
000333.SZ,20240105,49.61,50.92,49.13,50.49,49.61,0.8800000000000026,1.7738359201773888,1013407.49,5569055.679
000333.SZ,20240112,50.49,50.64,49.14,49.94,50.49,-0.5500000000000043,-1.0893246187363919,1128355.93,6212956.687
000333.SZ,20240119,49.8,52.02,49.63,50.98,49.94,1.0399999999999991,2.0824989987985565,1487287.26,8354789.773
000333.SZ,20240126,50.74,52.44,49.76,52.22,50.98,1.240000000000002,2.4323264025107925,1490019.27,8419836.139
000333.SZ,20240202,52.58,54.01,52.04,52.89,52.22,0.6700000000000017,1.2830333205668358,1497068.67,8769792.063000001
000333.SZ,20240208,52.67,56.63,52.5,54.75,52.89,1.8599999999999994,3.5167328417470207,1650257.52,9907992.794
000333.SZ,20240223,56.03,56.8,53.87,54.14,54.75,-0.6099999999999994,-1.1141552511415516,1554766.0499999998,9445803.54
000333.SZ,20240301,54.35,58.58,54.35,58.54,54.14,4.399999999999999,8.127077946065754,1692457.94,10534169.012
000333.SZ,20240308,59.02,60.52,57.62,60.02,58.54,1.480000000000004,2.528185855825084,1515921.62,9861399.647
000333.SZ,20240315,60.01,60.02,57.21,58.13,60.02,-1.8900000000000006,-3.1489503498833735,1684856.62,10803407.659
000333.SZ,20240322,58.01,58.02,54.6,56.86,58.13,-1.2700000000000031,-2.1847583003612647,1924325.51,11922703.453
000333.SZ,20240329,56.47,59.69,56.1,58.32,56.86,1.4600000000000009,2.5677101653183274,1577541.38,10067888.958
000333.SZ,20240403,58.57,60.75,58.21,60.59,58.32,2.270000000000003,3.892318244170102,760513.52,5014629.049
000333.SZ,20240412,60.59,60.7,58.62,58.92,60.59,-1.6700000000000017,-2.7562304010562824,1107338.98,7234322.087
000333.SZ,20240419,58.92,64.77,58.76,63.56,58.92,4.640000000000001,7.875084860828243,1638792.41,11222068.355
000333.SZ,20240426,63.75,64.64,60.61,62.08,63.56,-1.480000000000004,-2.328508495909383,1442037.8599999999,9868531.632000001
000333.SZ,20240430,62.02,64.61,60.66,63.36,62.08,1.2800000000000011,2.061855670103095,903582.41,6252388.263
000333.SZ,20240510,64.02,65.69,63.25,65.27,63.36,1.9099999999999966,3.0145202020201967,1453330.67,10354795.392
000333.SZ,20240517,65.27,66.45,63.06,64.49,65.27,-0.7800000000000011,-1.1950360042898747,1637291.3399999999,11414615.701000001
000333.SZ,20240524,63.52,64.35,61.62,63.15,64.49,-1.3399999999999963,-2.077841525817951,1431301.63,9495949.525
000333.SZ,20240531,63.04,64.72,61.19,61.39,63.15,-1.759999999999998,-2.787015043547107,1193400.26,7903097.851
000333.SZ,20240607,61.5,62.85,60.1,61.77,61.39,0.38000000000000256,0.6189933213878523,1783770.6099999999,11572010.352
000333.SZ,20240614,61.14,63.04,60.19,62.19,61.77,0.4199999999999946,0.6799417192811957,1248063.5699999998,8095348.098
000333.SZ,20240621,62.34,62.34,59.53,60.62,62.19,-1.5700000000000003,-2.524521627271266,1341426.91,8606599.645
000333.SZ,20240628,60.39,62.37,60.17,61.14,60.62,0.5200000000000031,0.8578027053777684,1325447.3900000001,8553441.692
000333.SZ,20240705,60.94,61.98,59.47,60.67,61.14,-0.46999999999999886,-0.768727510631336,1210631.8,7724594.209
000333.SZ,20240712,60.29,61.81,59.27,61.62,60.67,0.9499999999999957,1.565848030327997,1087116.96,6973120.009
000333.SZ,20240719,61.41,61.77,58.45,60.29,61.62,-1.3299999999999983,-2.1583901330736746,1402449.65,8900720.136
000333.SZ,20240726,60.15,61.28,55.83,59.57,60.29,-0.7199999999999989,-1.194227898490627,1718648.48,10583663.738
000333.SZ,20240802,59.06,61.3,57.45,59.71,59.57,0.14000000000000057,0.2350176263219751,1281317.7,8049799.502
000333.SZ,20240809,59.28,60.95,56.16,57.35,59.71,-2.3599999999999994,-3.9524367777591682,1273028.13,7774367.678
000333.SZ,20240816,57.35,58.91,57.15,58.53,57.35,1.1799999999999997,2.0575414123801217,752423.39,4610676.8440000005
000333.SZ,20240823,58.48,62.53,58.46,62.05,58.53,3.519999999999996,6.014009909448139,1182693.31,7530227.132
000333.SZ,20240830,62.51,63.18,60.08,61.38,62.05,-0.6699999999999946,-1.0797743755036175,1412868.0,9219219.695
000333.SZ,20240906,61.14,63.23,59.63,59.74,61.38,-1.6400000000000006,-2.671880091234931,1443458.8900000001,9364348.351
000333.SZ,20240913,58.16,60.46,56.59,60.2,59.74,0.46000000000000085,0.7700033478406443,1966392.8900000001,12140167.673
000333.SZ,20240920,60.31,62.85,59.06,62.62,60.2,2.4199999999999946,4.019933554817266,1169153.49,7609674.398
000333.SZ,20240927,63.0,72.42,62.75,69.2,62.62,6.580000000000005,10.507824976046,2878974.21,20295475.529
000333.SZ,20240930,69.35,72.9,68.28,72.1,69.2,2.8999999999999915,4.1907514450866925,1251664.92,9344041.944
000333.SZ,20241011,79.31,79.31,70.17,72.77,72.1,0.6700000000000017,0.9292649098474366,3301529.57,26135535.637000002
000333.SZ,20241018,73.02,75.16,68.87,71.11,72.77,-1.6599999999999966,-2.281159818606564,2003718.33,15186481.222
000333.SZ,20241025,71.43,73.73,69.47,71.35,71.11,0.23999999999999488,0.33750527351989157,1397261.11,10556034.917
000333.SZ,20241101,71.56,71.65,66.72,68.49,71.35,-2.8599999999999994,-4.008409250175192,1898983.56,13850756.392
000333.SZ,20241108,68.39,69.92,66.25,68.8,68.49,0.3100000000000023,0.45262082055774905,2316334.33,16655023.146
000333.SZ,20241115,67.52,70.99,67.13,68.49,68.8,-0.3100000000000023,-0.45058139534884056,2227232.73,16276127.542
000333.SZ,20241122,68.41,69.18,66.56,66.73,68.49,-1.759999999999991,-2.5697182070375106,1377395.46,9833626.469999999
000333.SZ,20241129,66.46,68.61,65.74,66.48,66.73,-0.25,-0.3746440881162895,1525671.6099999999,10772672.517
000333.SZ,20241206,66.5,69.32,65.63,69.06,66.48,2.5799999999999983,3.8808664259927768,2027458.02,14426633.037
000333.SZ,20241213,68.26,72.67,67.6,70.15,69.06,1.0900000000000034,1.5783376773819917,1960817.5,14592908.324000001
000333.SZ,20241220,70.24,71.31,68.87,70.15,70.15,0.0,0.0,1248078.42,9234695.303
000333.SZ,20241227,70.15,72.61,70.1,71.49,70.15,1.3399999999999892,1.9101924447612102,1238072.57,9339079.158
000333.SZ,20250103,71.1,73.18,70.05,70.8,71.49,-0.6899999999999977,-0.9651699538396948,1239580.1600000001,9368942.768
000333.SZ,20250110,70.79,74.89,70.41,72.39,70.8,1.5900000000000034,2.2457627118644115,1582607.57,12160310.119
000333.SZ,20250117,71.67,72.06,69.61,70.48,72.39,-1.9099999999999966,-2.638485978726339,1222682.4100000001,9109782.468
000333.SZ,20250124,71.19,72.75,68.52,69.03,70.48,-1.4500000000000028,-2.057321225879686,1356982.73,10020541.522
000333.SZ,20250127,69.07,70.43,68.84,70.03,69.03,1.0,1.4486455164421266,280115.16,2066038.991
000333.SZ,20250207,69.58,69.85,67.71,69.62,70.03,-0.4099999999999966,-0.5854633728402064,1004535.49,7269611.44
000333.SZ,20250214,69.5,70.02,68.16,68.72,69.62,-0.9000000000000057,-1.2927319735708211,1492178.01,10869908.024
000333.SZ,20250221,68.49,68.87,66.55,66.92,68.72,-1.7999999999999972,-2.619324796274734,1900565.77,13558974.232
000333.SZ,20250228,66.97,69.67,65.12,69.25,66.92,2.3299999999999983,3.481769276748354,2598461.53,18482380.233
000333.SZ,20250307,68.92,69.19,66.6,67.11,69.25,-2.1400000000000006,-3.0902527075812283,1709749.37,12204835.891999999
000333.SZ,20250314,67.12,68.35,66.18,68.13,67.11,1.019999999999996,1.519892713455515,1505637.6099999999,10654540.108
000333.SZ,20250321,68.75,73.88,67.87,71.36,68.13,3.230000000000004,4.740936445031563,3163128.98,23762005.389
000333.SZ,20250328,70.98,73.47,70.93,72.87,71.36,1.5100000000000051,2.1160313901345362,1454932.5999999999,11137090.548999999
000333.SZ,20250403,72.9,76.31,69.34,69.54,72.87,-3.3299999999999983,-4.569781803211195,2076025.98,15880558.322
000333.SZ,20250411,64.67,67.86,62.58,66.82,69.54,-2.720000000000013,-3.9114178889847757,2950944.2,20441615.913
000333.SZ,20250418,67.04,68.09,66.06,67.23,66.82,0.4100000000000108,0.613588745884482,1309627.85,9262995.188
000333.SZ,20250425,67.1,69.38,66.83,68.96,67.23,1.7299999999999898,2.57325598691059,1032317.39,7445912.6729999995
000333.SZ,20250430,69.57,71.21,69.01,69.79,68.96,0.8300000000000125,1.2035962877030344,952734.24,7037775.9350000005
000333.SZ,20250509,70.37,72.07,69.3,71.85,69.79,2.059999999999988,2.9517122796962143,1169407.46,8738476.194
000333.SZ,20250516,72.14,73.51,71.64,72.61,71.85,0.7600000000000051,1.0577592205984763,1263575.63,9682389.955
000333.SZ,20250523,72.46,76.29,72.32,74.78,72.61,2.1700000000000017,2.988569067621542,1280300.06,10071800.162
000333.SZ,20250530,74.62,75.93,73.57,74.94,74.78,0.1599999999999966,0.2139609521262324,1155997.07,9117078.313000001
000333.SZ,20250606,74.94,74.94,71.14,71.76,74.94,-3.1799999999999926,-4.243394715772608,1440824.76,10941726.544
000333.SZ,20250613,71.33,72.52,70.21,71.03,71.76,-0.730000000000004,-1.017279821627653,1698594.42,12579691.987
000333.SZ,20250620,71.15,72.62,70.41,71.93,71.03,0.9000000000000057,1.2670702520062025,1193005.71,8580366.487
000333.SZ,20250627,71.55,73.13,71.01,71.83,71.93,-0.10000000000000853,-0.13902405116086267,1174687.65,8536267.315
000333.SZ,20250704,71.8,73.38,71.35,73.02,71.83,1.1899999999999977,1.6566894055408572,1036260.94,7519232.847
000333.SZ,20250711,72.74,72.99,70.88,72.03,73.02,-0.9899999999999949,-1.3557929334428853,1296440.09,9363751.745000001
000333.SZ,20250718,72.02,73.63,71.53,72.38,72.03,0.3499999999999943,0.4859086491739474,1156449.09,8438408.311999999
000333.SZ,20250725,72.16,73.49,71.81,72.31,72.38,-0.06999999999999318,-0.096711798839449,1571308.36,11480109.771
000333.SZ,20250801,72.37,72.46,69.44,70.35,72.31,-1.960000000000008,-2.7105517909003014,2168654.74,15449008.207
000333.SZ,20250808,70.11,71.48,69.76,71.13,70.35,0.7800000000000011,1.108742004264394,1015673.06,7243878.154
000333.SZ,20250815,70.86,72.59,70.75,71.85,71.13,0.7199999999999989,1.0122311261071262,1403295.03,10125752.017
000333.SZ,20250822,71.86,73.17,71.06,71.64,71.85,-0.20999999999999375,-0.2922755741127262,2213773.12,15975568.199000001
000333.SZ,20250829,71.67,74.37,71.67,73.25,71.64,1.6099999999999994,2.247347850362925,2652247.43,19515900.077
000333.SZ,20250905,74.53,76.66,73.06,75.74,73.25,2.489999999999995,3.399317406143338,2994839.69,22585725.37
000333.SZ,20250912,76.19,77.59,74.94,75.1,75.74,-0.6400000000000006,-0.8449960390810677,2255761.7,17304082.036
000333.SZ,20250919,74.73,75.48,72.73,73.89,75.1,-1.2099999999999937,-1.611185086551257,2503253.94,18646672.04
000333.SZ,20250926,74.34,74.43,72.1,73.74,73.89,-0.15000000000000568,-0.20300446609826184,2163092.36,15875508.021
000333.SZ,20250930,73.97,74.08,72.1,72.21,73.74,-1.5300000000000011,-2.0748576078112304,972047.46,7122459.698000001
000333.SZ,20251010,71.9,73.27,70.93,72.38,72.21,0.1700000000000017,0.23542445644647794,1049244.3399999999,7614823.237
000333.SZ,20251017,70.93,73.23,70.58,72.35,72.38,-0.030000000000001137,-0.041447913788340895,2000303.23,14524511.759
000333.SZ,20251024,72.63,74.53,71.94,74.14,72.35,1.7900000000000063,2.4740843123704304,1567273.75,11548687.612
000333.SZ,20251031,74.27,76.35,73.04,75.92,74.14,1.7800000000000011,2.400863231723767,1857191.49,13983357.608
000333.SZ,20251107,75.91,76.95,73.84,75.72,75.92,-0.20000000000000284,-0.263435194942048,1470259.25,11184440.335
000333.SZ,20251114,75.78,80.05,75.48,78.74,75.72,3.019999999999996,3.988378235604855,1963060.35,15444372.245000001
000333.SZ,20251121,78.74,79.29,77.0,78.75,78.74,0.010000000000005116,0.012700025400057298,1412838.15,11038197.96
000333.SZ,20251128,78.6,80.73,77.61,79.86,78.75,1.1099999999999994,1.4095238095238087,1477205.99,11691533.86
000333.SZ,20251205,79.8,83.17,79.17,82.23,79.86,2.3700000000000045,2.9676934635612375,1585574.3699999999,12927988.769
000333.SZ,20251212,83.0,83.1,79.18,79.32,82.23,-2.910000000000011,-3.538854432688813,1477467.88,11872498.148
000333.SZ,20251219,79.69,81.1,78.8,79.45,79.32,0.13000000000000966,0.16389309127585688,1302175.1600000001,10430613.895
000333.SZ,20251226,79.3,80.31,78.18,78.87,79.45,-0.5799999999999983,-0.7300188797986132,1157629.63,9155092.229
000333.SZ,20251231,78.79,80.28,77.85,78.15,78.87,-0.7199999999999989,-0.9128946367440075,758354.29,5963725.499
000333.SZ,20260109,80.04,80.5,77.39,79.77,78.15,1.6199999999999903,2.0729366602687014,1953057.5,15431609.442
000333.SZ,20260116,79.78,79.79,75.91,77.31,79.77,-2.4599999999999937,-3.0838661150808497,2742592.6999999997,21222938.505
000333.SZ,20260123,77.37,79.37,76.71,76.78,77.31,-0.5300000000000011,-0.6855516750743773,1877565.85,14623420.295
000333.SZ,20260130,76.8,79.0,75.0,77.59,76.78,0.8100000000000023,1.0549622297473331,2582824.8,19837265.117
000333.SZ,20260206,77.6,81.16,77.0,79.54,77.59,1.9500000000000028,2.513210465266146,1821819.29,14418567.689
000333.SZ,20260213,79.18,80.28,78.41,79.05,79.54,-0.4900000000000091,-0.6160422428966672,1282806.85,10190365.175
000333.SZ,20260227,80.2,80.77,78.5,78.64,79.05,-0.4099999999999966,-0.518659076533835,992912.38,7902755.0479999995
