ts_code,ann_date,f_ann_date,end_date,report_type,comp_type,end_type,basic_eps,diluted_eps,total_revenue,revenue,int_income,prem_earned,comm_income,n_commis_income,n_oth_income,n_oth_b_income,prem_income,out_prem,une_prem_reser,reins_income,n_sec_tb_income,n_sec_uw_income,n_asset_mg_income,oth_b_income,fv_value_chg_gain,invest_income,ass_invest_income,forex_gain,total_cogs,oper_cost,int_exp,comm_exp,biz_tax_surchg,sell_exp,admin_exp,fin_exp,assets_impair_loss,prem_refund,compens_payout,reser_insur_liab,div_payt,reins_exp,oper_exp,compens_payout_refu,insur_reser_refu,reins_cost_refund,other_bus_cost,operate_profit,non_oper_income,non_oper_exp,nca_disploss,total_profit,income_tax,n_income,n_income_attr_p,minority_gain,oth_compr_income,t_compr_income,compr_inc_attr_p,compr_inc_attr_m_s,ebit,ebitda,insurance_exp,undist_profit,distable_profit,rd_exp,fin_exp_int_exp,fin_exp_int_inc,transfer_surplus_rese,transfer_housing_imprest,transfer_oth,adj_lossgain,withdra_legal_surplus,withdra_legal_pubfund,withdra_biz_devfund,withdra_rese_fund,withdra_oth_ersu,workers_welfare,distr_profit_shrhder,prfshare_payable_dvd,comshare_payable_dvd,capit_comstock_div,continued_net_profit,update_flag
600030.SH,20251025,20251025,20250930,1,4,3,1.51,1.51,55814696246.7,55814696246.7,14592798081.28,,,24561418588.63,30306806767.22,272517746.22,,,,,10939083773.8,3689251707.18,8703007148.59,454865165.92,-756058761.42,32837574064.74,478941059.42,-2198201733.69,25506583756.77,,13828674610.13,,362821336.25,,24344266484.8,,,,,,,,25506583756.77,,,,182347419.7,30308112489.93,83230778.76,16637159.72,,30374706108.97,6459089718.09,23915616390.88,23158914572.54,756701818.34,-324917069.21,23590699321.67,22839904086.95,750795234.72,,,,,,,,,,,,,,,,,,,,,,,23915616390.88,1
600030.SH,20250829,20250829,20250630,1,4,2,0.89,0.89,33039304701.06,33039304701.06,9505553030.02,,,14819205449.54,17877134310.22,183148981.72,,,,,6402078880.99,2097920356.99,5443812874.29,304357413.4,-1520858749.81,20898550853.62,325299919.4,-1822542258.62,15358216865.8,,9283796520.4,,210733747.27,,15324611924.13,,,,,,,,15358216865.8,,,,121208431.68,17681087835.26,80718553.59,15892016.63,,17745914372.22,3599683025.44,14146231346.78,13719079187.22,427152159.56,261225869.14,14407457215.92,13986697537.98,420759677.94,,,,,,,,,,,,,,,,,,,,,,,14146231346.78,1
600030.SH,20250430,20250430,20250331,1,4,1,0.42,0.42,17761364917.53,17761364917.53,4757310900.49,,,7296401374.85,9171869019.49,85726541.34,,,,,3325009099.25,975557871.62,2563377858.13,1580788566.28,-5557287976.63,14498009593.37,78723799.38,77062668.36,9541326349.98,,4959278402.24,,98695355.9,,7638451271.81,,,,,,,,9541326349.98,,,,1495062024.94,8220038567.55,77874051.23,430050.34,,8297482568.44,1535665980.9,6761816587.54,6545117520.29,216699067.25,39387282.74,6801203870.28,6585910240.29,215293629.99,,,,,,,,,,,,,,,,,,,,,,,6761816587.54,1
600030.SH,20250327,20250327,20241231,1,4,4,1.41,1.41,63789215688.23,63789215688.23,19941479819.24,,,26081624664.11,30783625486.42,596878411.18,,,,,10712763561.82,4159191856.95,10505938039.64,6437064339.07,-6023331456.68,32485942803.7,117569441.57,3427890922.57,35282999519.5,,18857700209.43,,318622996.54,,30084233738.63,,,,,,,,35282999519.5,,,,5840185927.89,28506216168.73,236129824.34,323870733.51,,28418475259.56,5829018459.63,22589456799.93,21703696593.02,885760206.91,1308280.39,22590765080.32,21702862352.45,887902727.87,,,,,,,,,,,,,,,,,,,,,,,22589456799.93,1
600030.SH,20241030,20241030,20240930,1,4,3,1.09,1.09,46141632672.22,46141632672.22,14745626573.39,,,18104284412.67,22850007625.9,547203441.67,,,,,7154379239.84,2818764684.57,7478567943.36,4815193636.96,10732583925.65,11096874716.2,165894347.46,278252430.36,24127224220.45,,13826276135.03,,221040007.5,,20137649255.66,,,,,,,,24127224220.45,,,,4267990195.29,22014408451.77,17567792.71,106741501.06,,21925234743.42,4474322580.21,17450912163.21,16798864246.61,652047916.6,-484936391.37,16965975771.84,16320179383.91,645796387.93,,,,,,,,,,,,,,,,,,,,,,,17450912163.21,1
600030.SH,20240829,20240829,20240630,1,4,2,0.69,0.69,30183442433.74,30183442433.74,10324498721.23,,,12008310080.41,14187530326.19,565566074.94,,,,,4879646075.34,1735085894.46,4914304854.16,3437176986.96,3061655412.35,8887555571.0,218538646.84,1499823133.17,16140670131.52,,9208507606.11,,138248217.6,,13476981193.67,,,,,,,,16140670131.52,,,,2871610912.02,14042772302.22,15090559.23,105888728.0,,13951974133.45,2970036278.6,10981937854.85,10569764458.88,412173395.97,288798442.13,11270736296.98,10860948463.64,409787833.34,,,,,,,,,,,,,,,,,,,,,,,10981937854.85,1
600030.SH,20240427,20240427,20240331,1,4,1,0.32,0.32,13754570045.36,13754570045.36,5187153628.57,,,5900634798.54,6642211406.16,173286313.49,,,,,2441695662.01,869137919.91,2358338898.79,1059661149.85,3237806308.78,2281853706.12,59937195.69,872168011.48,7120341943.31,,4861804624.27,,75537905.88,,6178177422.93,,,,,,,,7120341943.31,,,,886374836.36,6634228102.05,1655126.2,4505611.48,,6631377616.77,1469233245.67,5162144371.1,4958574616.76,203569754.34,288650106.84,5450794477.94,5248359730.51,202434747.43,,,,,,,,,,,,,,,,,,,,,,,5162144371.1,0
600030.SH,20240427,20240427,20240331,1,4,1,0.32,0.32,13754570045.36,13754570045.36,5187153628.57,,,5900634798.54,6642211406.16,173286313.49,,,,,2441695662.01,869137919.91,2358338898.79,1059661149.85,3237806308.78,2281853706.12,59937195.69,872168011.48,7120341943.31,,4861804624.27,,75537905.88,,6178177422.93,,,,,,,,7120341943.31,,,,886374836.36,6634228102.05,1655126.2,4505611.48,,6631377616.77,1469233245.67,5162144371.1,4958574616.76,203569754.34,288650106.84,5450794477.94,5248359730.51,202434747.43,,,,,,,,,,,,,,,,,,,,,,,5162144371.1,1
600030.SH,20240327,20240327,20231231,1,4,4,1.3,1.3,60067992766.11,60067992766.11,21608951183.94,,,27201936531.31,23876176564.86,465481635.69,,,,,10222605007.29,6293256117.21,9848549746.53,5426270589.61,3573683091.94,18913561707.79,641460652.44,534699342.7,33954316840.16,,17579860467.92,,357583877.09,,28992491572.35,,,,,,,,33954316840.16,,,,4960788953.92,26113675925.95,173570333.56,101793210.27,,26185453049.24,5646107820.23,20539345229.01,19720547412.84,818797816.17,916785510.98,21456130739.99,20620739395.88,835391344.11,,,,,,,,,,,,,,,,,,,,,,,20539345229.01,1
600030.SH,20231031,20231031,20230930,1,4,3,1.08,1.08,45806736635.58,45806736635.58,16370368172.07,,,21050582107.28,18915481330.34,292123817.48,,,,,7833463940.37,5258308862.77,7397012414.77,2854583430.17,4655256238.3,11631053629.33,506061752.62,2027322559.49,23993500437.79,,13092154586.8,,285558707.88,,21112638255.04,,,,,,,,23993500437.79,,,,2562459612.69,21813236197.79,51679091.29,39945345.62,,21824969943.46,4756641232.96,17068328710.5,16413947438.56,654381271.94,599318005.2,17667646715.7,16986977377.19,680669338.51,,,,,,,,,,,,,,,,,,,,,,,17068328710.5,1
600030.SH,20230830,20230830,20230630,1,4,2,0.75,0.75,31499960023.94,31499960023.94,10734329378.5,,,14540410406.56,13229925905.46,171693938.48,,,,,5289700580.96,3823760487.84,4968072891.83,1777908513.2,1709606028.27,10194524693.83,365034690.78,921817056.42,16375164977.49,,8610920241.3,,202062617.63,,14183493895.31,,,,,,,,16375164977.49,,,,1606214574.72,15124795046.45,9495218.12,36511196.67,,15097779067.9,3345868347.97,11751910719.93,11305770956.89,446139763.04,987846108.11,12739756828.04,12261678854.97,478077973.07,,,,,,,,,,,,,,,,,,,,,,,11751910719.93,1
600030.SH,20230428,20230428,20230331,1,4,1,0.36,0.36,15348206851.13,15348206851.13,5264179042.57,,,7327947881.56,7077209044.82,83800645.64,,,,,2591552611.49,1980239831.28,2497861971.38,444018788.66,907532024.74,5820175443.44,114872403.52,149905010.75,8017667773.07,,4681347260.84,,100148883.82,,7319037220.42,,,,,,,,8017667773.07,,,,360218143.02,7330539078.06,3003213.99,-3286463.32,,7336828755.37,1706584265.08,5630244490.29,5417237420.11,213007070.18,41683609.04,5671928099.33,5465490776.7,206437322.63,,,,,,,,,,,,,,,,,,,,,,,5630244490.29,1
600030.SH,20230331,20230331,20221231,1,4,4,1.42,1.42,65108507999.21,65108507999.21,21023810114.58,,,31942810007.97,19908131945.36,370345809.07,,,,,11168877536.1,8653871899.68,10939895251.68,7822124007.37,-13659870646.09,31969568614.67,673389919.6,883524229.44,36298395363.0,,-15218022267.0,,375476255.78,,28655152932.24,,,,,,,,36298395363.0,,,,7451778198.3,28810112636.21,285716296.38,145624666.57,,28950204266.02,6781417187.34,22168787078.68,21317422282.16,851364796.52,1037149447.51,23205936526.19,22262775309.36,943161216.83,52338655834.16,54076956672.22,,,,,,,,,,,,,,,,,,,,,22168787078.68,0
600030.SH,20230331,20230331,20221231,1,4,4,1.42,1.42,65108507999.21,65108507999.21,21023810114.58,,,31942810007.97,19908131945.36,370345809.07,,,,,11168877536.1,8653871899.68,10939895251.68,7822124007.37,-13659870646.09,31969568614.67,673389919.6,883524229.44,36298395363.0,,15218022267.0,,375476255.78,,28655152932.24,,,,,,,,36298395363.0,,,,7451778198.3,28810112636.21,285716296.38,145624666.57,,28950204266.02,6781417187.34,22168787078.68,21317422282.16,851364796.52,1037149447.51,23205936526.19,22262775309.36,943161216.83,,,,,,,,,,,,,,,,,,,,,,,22168787078.68,1
600030.SH,20221029,20221029,20220930,1,4,3,1.11,1.11,49821498122.3,49821498122.3,15712503986.26,,,24074541794.58,14927980154.08,228522591.23,,,,,8791174969.9,6271223001.95,8083330614.58,6880565962.84,-10851959085.4,23152077514.88,-108167399.79,2146923741.25,27420275554.18,,11545571184.23,,283987770.96,,20166257850.64,,,,,,,,27420275554.18,,,,6652043371.61,22401222568.12,253990505.72,49091006.53,,22606122067.31,5407522061.32,17198600005.99,16567546038.1,631053967.89,1250025995.79,18448626001.78,17795462420.71,653163581.07,,,,,,,,,,,,,,,,,,,,,,,17198600005.99,1
600030.SH,20220830,20220830,20220630,1,4,2,0.76,0.76,34885387537.72,34885387537.72,10410152194.0,,,15420507005.94,10692750586.36,168746944.01,,,,,5886312418.21,3452978800.79,5434224822.78,6202540554.27,2043038194.99,7189428875.93,-229451912.64,1105556667.61,19644581819.91,,7671815858.87,,188178471.29,,13309971838.53,,,,,,,,19644581819.91,,,,6033793610.26,15240805717.81,210081148.97,50298472.54,,15400588394.24,3789769613.98,11610818780.26,11196326779.84,414492000.42,428541744.07,12039360524.33,11689695167.35,349665356.98,13984008705.25,14821728468.23,,,,,,,,,,,,,,,,,,,,,11610818780.26,1
600030.SH,20220429,20220429,20220331,1,4,1,0.36,0.36,15216257790.55,15216257790.55,4947048589.2,,,8212986800.16,3652731017.61,128268037.3,,,,,3185643971.39,1827527557.81,2776240363.3,2472961797.48,353671219.61,3070105423.66,72589312.5,8114871.29,8125026739.01,,3941202376.6,,93856177.4,,6111131302.23,,,,,,,,8125026739.01,,,,2344693760.18,7091231051.54,6246868.0,16942421.53,,7080535498.01,1661560105.52,5418975392.49,5229072056.83,189903335.66,-164692533.73,5254282858.76,5069461850.02,184821008.74,,,,,,,,,,,,,,,,,,,,,,,5418975392.49,1
600030.SH,20220429,20220429,20220331,1,4,1,0.36,0.36,15216257790.55,15216257790.55,4947048589.2,,,8212986800.16,3652731017.61,128268037.3,,,,,3185643971.39,1827527557.81,2776240363.3,2472961797.48,353671219.61,3070105423.66,72589312.5,8114871.29,8125026739.01,,3941202376.6,,93856177.4,,6111131302.23,,,,,,,,8125026739.01,,,,2344693760.18,7091231051.54,6246868.0,16942421.53,,7080535498.01,1661560105.52,5418975392.49,5229072056.83,189903335.66,-164692533.73,5254282858.76,5069461850.02,184821008.74,,,,,,,,,,,,,,,,,,,,,,,5418975392.49,0
600030.SH,20220329,20220329,20211231,1,4,4,1.77,1.77,76523716526.93,76523716526.93,20574930713.22,,,34554169864.84,24589599114.23,889540896.08,,,,,13962545242.06,8155822760.26,11702041416.98,12931996658.78,5306729885.74,18265665970.71,889723898.89,-138198767.78,44098226916.57,,15237438928.06,,423169278.18,,28128885863.18,,,,,,,,44098226916.57,,,,12042455762.7,32425489610.36,75998735.06,607693016.81,,31893795328.61,7888714419.11,24005080909.5,23099624927.77,905455981.73,-1089657186.67,22915423722.83,22029606104.11,885817618.72,32062624345.82,33694608487.37,,,,,,,,,,,,,,,,,,,,,24005080909.5,1
600030.SH,20220329,20220329,20211231,1,4,4,1.77,1.77,76523716526.93,76523716526.93,20574930713.22,,,34554169864.84,24589599114.23,889540896.08,,,,,13962545242.06,8155822760.26,11702041416.98,12931996658.78,5306729885.74,18265665970.71,889723898.89,-138198767.78,44098226916.57,,15237438928.06,,423169278.18,,28128885863.18,,,,,,,,44098226916.57,,,,12042455762.7,32425489610.36,75998735.06,607693016.81,,31893795328.61,7888714419.11,24005080909.5,23099624927.77,905455981.73,-1089657186.67,22915423722.83,22029606104.11,885817618.72,32062624345.82,33694608487.37,,,,,,,,,,,,,,,,,,,,,24005080909.5,0
600030.SH,20211029,20211029,20210930,1,4,3,1.36,1.36,57811543804.57,57811543804.57,15843297695.93,,,25597257515.76,17128842604.67,602552863.16,,,,,10879431053.4,5644061972.96,8579472091.76,11301812109.06,128236056.05,15925581698.17,649749755.96,252947950.97,33931255674.97,,11457113257.69,,328741571.55,,20297424907.76,,,,,,,,33931255674.97,,,,10699259245.9,23880288129.6,29360226.01,74002117.44,,23835646238.17,5539831686.66,18295814551.51,17645144597.36,650669954.15,-1035405813.7,17260408737.81,16620751293.33,639657444.48,,,,,,,,,,,,,,,,,,,,,,,18295814551.51,0
600030.SH,20210820,20210820,20210630,1,4,2,0.94,0.94,37720623459.15,37720623459.15,9855886502.89,,,16010064223.0,12304681816.69,264616647.38,,,,,6741864066.04,3306766633.47,5571844419.11,7346955982.31,1836523107.53,10019827080.76,427533871.28,45594075.48,21378047051.48,,7532348418.36,,210350142.15,,13345700573.82,,,,,,,,21378047051.48,,,,7082339334.93,16342576407.67,18077484.8,69430931.82,,16291222960.65,3696873257.0,12594349703.65,12197983849.06,396365854.59,-1354715200.2,11239634503.45,10854938387.07,384696116.38,31142610346.61,31924453567.84,,,,,,,,,,,,,,,,,,,,,12594349703.65,1
600030.SH,20210429,20210429,20210331,1,4,1,0.4,0.4,16396868531.02,16396868531.02,4759819651.23,,,8075071695.38,4478355972.02,149191109.11,,,,,3522030829.75,1593105135.21,2788220167.1,2925078414.28,-373742999.84,4277966339.54,29621857.42,321053970.36,9560391104.07,,3692266092.78,,105663556.07,,6286082805.28,,,,,,,,9560391104.07,,,,2775887305.17,6836477426.95,11889232.6,5979690.19,,6842386969.36,1499126973.16,5343259996.2,5164799333.48,178460662.72,-925399171.74,4417860824.46,4240561969.28,177298855.18,,,,,,,,,,,,,,,,,,,,,,,5343259996.2,1
600030.SH,20210429,20210429,20210331,1,4,1,0.4,0.4,16396868531.02,16396868531.02,4759819651.23,,,8075071695.38,4478355972.02,149191109.11,,,,,3522030829.75,1593105135.21,2788220167.1,2925078414.28,-373742999.84,4277966339.54,29621857.42,321053970.36,9560391104.07,,3692266092.78,,105663556.07,,6286082805.28,,,,,,,,9560391104.07,,,,2775887305.17,6836477426.95,11889232.6,5979690.19,,6842386969.36,1499126973.16,5343259996.2,5164799333.48,178460662.72,-925399171.74,4417860824.46,4240561969.28,177298855.18,,,,,,,,,,,,,,,,,,,,,,,5343259996.2,0
600030.SH,20210319,20210319,20201231,1,4,4,1.16,1.16,54382730241.56,54382730241.56,15527762569.22,,,26764047167.74,18905771087.4,572141441.78,,,,,11256683437.02,6881554913.92,8006199673.75,6698087738.91,-6391105422.48,24883520433.6,585756428.45,-329368300.02,33744484298.55,,12940796879.93,,398254387.66,,20144546139.07,,,,,,,,33744484298.55,,,,6125946297.13,20638245943.01,78823057.99,246611221.58,,20470457779.42,4953916724.67,15516541054.75,14902324215.75,614216839.0,-668241580.46,14848299474.29,14264790315.06,583509159.23,40370586881.32,41977944080.73,,,,,,,,,,,,,,,,,,,,,15516541054.75,1
600030.SH,20210319,20210319,20201231,1,4,4,1.16,1.16,54382730241.56,54382730241.56,15527762569.22,,,26764047167.74,18905771087.4,572141441.78,,,,,11256683437.02,6881554913.92,8006199673.75,6698087738.91,-6391105422.48,24883520433.6,585756428.45,-329368300.02,33744484298.55,,12940796879.93,,398254387.66,,20144546139.07,,,,,,,,33744484298.55,,,,6125946297.13,20638245943.01,78823057.99,246611221.58,,20470457779.42,4953916724.67,15516541054.75,14902324215.75,614216839.0,-668241580.46,14848299474.29,14264790315.06,583509159.23,14488993121.46,16096350320.87,,,,,,,,,,,,,,,,,,,,,15516541054.75,0
600030.SH,20201030,20201030,20200930,1,4,3,0.99,0.99,41994620928.37,41994620928.37,11181532007.78,,,18841130568.48,16922896044.3,362526578.13,,,,,8534884855.54,4492638032.57,5394239764.28,4761629372.78,742741805.49,15445764003.96,312018631.32,237062153.34,25016862783.97,,9350040486.84,,297333170.44,,14933843795.37,,359249164.86,,,,,,25016862783.97,,,,4399102794.65,16977758144.4,61296925.23,58323811.04,,16980731258.59,3868223964.8,13112507293.79,12660811986.98,451695306.81,-255653129.11,12856854164.68,12418130692.14,438723472.54,,,,,,,,,,,,,,,,,,,,,,,13112507293.79,1
600030.SH,20201030,20201030,20200930,1,4,3,0.99,0.99,41994620928.37,41994620928.37,11181532007.78,,,18841130568.48,16922896044.3,362526578.13,,,,,8534884855.54,4492638032.57,5394239764.28,4761629372.78,742741805.49,15445764003.96,312018631.32,237062153.34,25016862783.97,,9350040486.84,,297333170.44,,14933843795.37,,359249164.86,,,,,,25016862783.97,,,,4399102794.65,16977758144.4,61296925.23,58323811.04,,16980731258.59,3868223964.8,13112507293.79,12660811986.98,451695306.81,-255653129.11,12856854164.68,12418130692.14,438723472.54,,,,,,,,,,,,,,,,,,,,,,,13112507293.79,0
600030.SH,20200825,20200825,20200630,1,4,2,0.7,0.7,26743555665.56,26743555665.56,6957480416.38,,,10826568650.75,12504314353.11,233955610.58,,,,,5008405370.28,2220929171.01,3290032689.15,2836257662.77,3756765438.35,8130287114.9,91804295.6,288585305.58,14866875586.68,,6147109806.87,,185972583.15,,9777495813.06,,,,,,,,14866875586.68,,,,2602302052.19,11876680078.88,43631639.82,46567912.63,,11873743806.07,2653479640.43,9220264165.64,8925877416.81,294386748.83,-206670452.2,9013593713.44,8713894656.97,299699056.47,20988586311.11,21843557927.5,,,,,,,,,,,,,,,,,,,,,9220264165.64,1
600030.SH,20200825,20200825,20200630,1,4,2,0.7,0.7,26743555665.56,26743555665.56,6957480416.38,,,10826568650.75,12504314353.11,233955610.58,,,,,5008405370.28,2220929171.01,3290032689.15,2836257662.77,3756765438.35,8130287114.9,91804295.6,288585305.58,14866875586.68,,6147109806.87,,185972583.15,,9777495813.06,,,,,,,,14866875586.68,,,,2602302052.19,11876680078.88,43631639.82,46567912.63,,11873743806.07,2653479640.43,9220264165.64,8925877416.81,294386748.83,-206670452.2,9013593713.44,8713894656.97,299699056.47,8694366697.37,9549338313.76,,,,,,,,,,,,,,,,,,,,,9220264165.64,0
600030.SH,20200429,20200429,20200331,1,4,1,0.32,0.32,12852369126.5,12852369126.5,3484496441.19,,,5256535968.34,6004720802.1,62071042.27,,,,,2680492035.38,891060967.53,1617370842.05,1339740003.69,1343385533.42,4350510578.4,-30144016.64,230805071.68,7319360520.68,,3171053046.55,,91260965.98,,4353202019.34,,,,,,,,7319360520.68,,,,1277668961.42,5533008605.82,11123393.41,11253950.3,,5532878048.93,1309621456.66,4223256592.27,4075530540.79,147726051.48,-480548306.34,3742708285.93,3566231086.68,176477199.25,,,,,,,,,,,,,,,,,,,,,,,4223256592.27,0
600030.SH,20200320,20200320,20191231,1,4,4,1.01,1.01,43139697642.01,43139697642.01,13257055674.83,,,18022178985.83,17389482278.24,311146842.16,,,,,7424968288.74,4465279339.28,5706832375.04,5994593703.7,-2055398363.41,18747889883.6,801121105.17,236838830.57,26128905191.25,,11212466158.43,,292697028.42,,17562366097.38,,,,,,,,26128905191.25,,,,5683446861.54,17010792450.76,36456301.62,52612670.1,,16994636082.28,4346199630.5,12648436451.78,12228609723.82,419826727.96,874729231.54,13523165683.32,13001195710.01,521969973.31,12330376437.66,13868774423.44,,,,,,,,,,,,,,,,,,,,,12648436451.78,0
600030.SH,20200320,20200320,20191231,1,4,4,1.01,1.01,43139697642.01,43139697642.01,13257055674.83,,,18022178985.83,17389482278.24,311146842.16,,,,,7424968288.74,4465279339.28,5706832375.04,5994593703.7,-2055398363.41,18747889883.6,801121105.17,236838830.57,26128905191.25,,11212466158.43,,292697028.42,,17562366097.38,,,,,,,,26128905191.25,,,,5683446861.54,17010792450.76,36456301.62,52612670.1,,16994636082.28,4346199630.5,12648436451.78,12228609723.82,419826727.96,874729231.54,13523165683.32,13001195710.01,521969973.31,34755308754.52,36293706740.3,,,,,,,,,,,,,,,,,,,,,12648436451.78,1
600030.SH,20191031,20191031,20190930,1,4,3,0.87,0.87,32773899542.7,32773899542.7,9955780886.03,,,13146841283.92,12834208752.77,220589109.49,,,,,5702730962.6,2980792371.31,4100513980.6,5227573864.32,-289992319.65,12416788915.12,487893074.34,402792294.6,18328412042.62,,8169916134.85,,209819308.66,,12118774746.53,,,,,,,,18328412042.62,,,,5006984754.83,14445487500.08,28749270.53,23108829.37,,14451127941.24,3597990175.76,10853137765.48,10522213379.91,330924385.57,904877892.23,11758015657.71,11415598121.56,342417536.15,,,,,,,,,,,,,,,,,,,,,,,10853137765.48,0
600030.SH,20190823,20190823,20190630,1,4,2,0.53,0.53,21791181444.02,21791181444.02,6630448691.52,,,8554095590.26,7956964154.27,140691652.97,,,,,3799017975.21,1803677341.22,2666474786.81,4043195417.52,-796443268.8,8270736371.23,300121489.71,289391914.94,12861228306.57,,5252830756.58,,141452341.99,,8062884086.7,,,,,,,,12861228306.57,,,,3902503764.55,8929953137.45,18216911.24,15905626.67,,8932264422.02,2268265012.12,6663999409.9,6445621808.26,218377601.64,635774940.24,7299774350.14,7085306055.0,214468295.14,18370520147.02,19109636216.76,,,,,,,,,,,,,,,,,,,,,6663999409.9,1
600030.SH,20190823,20190823,20190630,1,4,2,0.53,0.53,21791181444.02,21791181444.02,6630448691.52,,,8554095590.26,7956964154.27,140691652.97,,,,,3799017975.21,1803677341.22,2666474786.81,4043195417.52,-796443268.8,8270736371.23,300121489.71,289391914.94,12861228306.57,,-5252830756.58,,141452341.99,,8062884086.7,,,,,,,,12861228306.57,,,,3902503764.55,8929953137.45,18216911.24,15905626.67,,8932264422.02,2268265012.12,6663999409.9,6445621808.26,218377601.64,635774940.24,7299774350.14,7085306055.0,214468295.14,18370520147.02,19109636216.76,,,,,,,,,,,,,,,,,,,,,6663999409.9,0
600030.SH,20190430,20190430,20190331,1,4,1,0.35,0.35,10522437259.53,10522437259.53,3115571338.23,,,4343153053.06,5094886476.36,50230701.85,,,,,1949599082.94,988771829.03,1296806564.72,608354288.86,488306698.01,4599635437.99,165276962.77,-43409868.23,4786767210.34,,2595176595.41,,69914922.06,,4171312848.16,,,,,,,,4786767210.34,,,,558123587.01,5735670049.19,9846963.79,8109643.21,,5737407369.77,1380393715.41,4357013654.36,4257600288.26,99413366.1,513342036.14,4870355690.5,4778594118.75,91761571.75,,,,,,,,,,,,,,,,,,,,,,,4357013654.36,0
600030.SH,20190322,20190322,20181231,1,4,4,0.77,0.77,37220708075.49,37220708075.49,13654421869.47,,,17426808059.89,9848883233.33,223657272.95,,,,,7428875737.35,3638976474.48,5833853736.42,7635620928.34,1706194764.9,7071309759.79,731654656.04,849404620.8,25185229078.97,,11232012896.96,,255150662.36,,15307536637.07,,,,,,,,25185229078.97,,,,7411963655.39,12035478996.52,471939756.89,41847356.13,,12465571397.28,2589143479.89,9876427917.39,9389895989.94,486531927.45,-964090240.41,8912337676.98,8372395784.28,539941892.7,8349878849.19,9314948923.71,,,,,,,,,,,,,,,,,,,,,9876427917.39,0
600030.SH,20181031,20181031,20180930,1,4,3,0.6,0.6,27209287878.05,27209287878.05,10062614155.72,,,12905445993.85,7927850012.34,169136310.39,,,,,5847770717.5,2429720857.02,4142128975.02,5046712225.64,2975162822.7,4029531869.35,456759123.3,748387233.03,17600069785.28,,8564198199.11,,195213760.04,,11295089636.97,,,,,,,,17600069785.28,,,,4877575915.25,9609218092.77,56018857.45,27993057.89,,9637243892.33,1954592131.11,7682651761.22,7314589126.02,368062635.2,761149938.98,8443801700.2,8022833575.16,420968125.04,,,,,,,,,,,,,,,,,,,,,,,7682651761.22,0
600030.SH,20180824,20180824,20180630,1,4,2,0.46,0.46,19992553276.41,19992553276.41,6934879819.51,,,9096882510.81,5765166657.95,106989427.57,,,,,4112284724.76,1750042862.86,2911435086.66,4301634106.67,3239083032.64,2095348497.38,385837414.47,323745700.36,12628458865.02,,-6002988821.31,,134765547.24,,7597256104.97,,,,,,,,12628458865.02,,,,4194644679.1,7364094411.39,45599914.96,15274917.43,,7394419408.92,1571638438.51,5822780970.41,5565152037.49,257628932.92,-302133795.0,5520647175.41,5280416365.66,240230809.75,18267202177.67,18767867144.18,,,,,,,,,,,,,,,,,,,,,5822780970.41,0
600030.SH,20180824,20180824,20180630,1,4,2,0.46,0.46,19992553276.41,19992553276.41,6934879819.51,,,9096882510.81,5769135088.3,106989427.57,,,,,4112284724.76,1750042862.86,2911435086.66,4301634106.67,3239083032.64,2095348497.38,385837414.47,323745700.36,12628458865.02,,6002988821.31,,134765547.24,,7597256104.97,,,,,,,,12628458865.02,,,,4194644679.1,7364094411.39,45599914.96,15274917.43,,7394419408.92,1571638438.51,5822780970.41,5565152037.49,257628932.92,-302133795.0,5520647175.41,5280416365.66,240230809.75,,,,,,,,,,,,,,,,,,,,,,,5822780970.41,1
600030.SH,20180428,20180428,20180331,1,4,1,0.22,0.22,9711536102.96,9711536102.96,,,,4484188532.22,2317594124.78,-1118250.28,,,,,2134102698.15,736362603.54,1486409815.53,2271823123.51,2266908322.64,231570749.97,112577343.59,-179766697.55,6087927803.15,,,,67806202.12,,3754754330.03,,-7574102.79,,,,,,6087927803.15,,,,2272941373.79,3623608299.81,29230788.23,8408855.41,,3644430232.63,846180959.16,2798249273.47,2689748826.38,108500447.09,-620677771.89,2177571501.58,2086326101.72,91245399.86,,,,,,,,,,,,,,,,,,,,,,,2798249273.47,0
600030.SH,20180323,20180323,20171231,1,4,4,0.94,0.94,43291634080.53,43291634080.53,,,,18957035118.72,13727713774.92,461328920.07,,,,,8045228545.43,4405776192.68,5695389431.29,8535137391.69,842716446.33,12474528495.55,604048798.77,-50860087.03,27043303413.33,,,,256035102.98,,16992699847.45,,1720759991.28,,,,,,27043303413.33,,,,8073808471.62,16248330667.2,162456193.09,237006289.04,,16173780571.25,4196310907.47,11977469663.78,11433264545.6,544205118.18,-220466065.78,11757003598.0,11352579094.91,404424503.09,25905220973.21,26905415159.34,,,,,,,,,,,,,,,,,,,,,11977469663.78,0
600030.SH,20171031,20171031,20170930,1,4,3,0.65,0.65,28499383217.93,28499383217.93,,,,13886110217.04,7198327664.04,383561560.87,,,,,6271050828.4,3047758941.86,3908125382.38,5710506329.89,-470756575.71,7338351955.69,289458001.13,-52829276.81,17477260388.9,,,,189190766.89,,11715369891.32,,245754961.67,,,,,,17477260388.9,,,,5326944769.02,11022122829.03,105658023.98,211688596.85,,10916092256.16,2577753372.17,8338338883.99,7927026699.6,411312184.39,654638036.31,8992976920.3,8571559670.35,421417249.95,,,,,,,,,,,,,,,,,,,,,,,,0
600030.SH,20170826,20170826,20170630,1,4,2,0.41,0.41,18694198555.24,18694198555.24,,,,9053180707.83,4579104419.9,217871251.82,,,,,3999761097.29,1842121513.08,2669469628.42,3957824719.74,294083244.36,4214109440.54,243970831.73,-146959516.82,11680573806.06,,,,123459076.91,,7557410590.39,,259750670.84,,,,,,11680573806.06,,,,3739953467.92,7013624749.18,31967309.21,209403623.19,,6836188435.2,1653387223.21,5182801211.99,4926508888.61,256292323.38,328111910.7,5510913122.69,5232775193.75,278137928.94,10934471643.48,11418526043.34,,,,,,,,,,,,,,,,,,,,,,0
600030.SH,20170429,20170429,20170331,1,4,1,0.19,0.19,8615360581.55,8615360581.55,,,,4537227640.25,2131343513.62,70790172.71,,,,,2057711917.14,911087600.55,1328264884.95,1308189059.19,300904227.93,1805153267.22,67804934.52,-45504154.24,5215578093.65,,,,61566581.45,,3867918512.02,,48694113.7,,,,,,5215578093.65,,,,1237398886.48,3399782487.9,36321187.34,195223025.9,,3240880649.34,809148272.06,2431732377.28,2300788701.58,130943675.7,663304463.17,3095036840.45,2938133002.48,156903837.97,,,,,,,,,,,,,,,,,,,,,,,,0
600030.SH,20170323,20170323,20161231,1,4,4,0.86,0.86,38001923489.02,38001923489.02,,,,22443661464.68,9114487536.16,380438784.41,,,,,9495164020.75,5388618394.16,6378681540.24,4476059840.47,-1413026237.44,10027505677.07,349410989.09,119569312.12,23799764776.58,,,,796683365.58,,16972070386.07,,1935389968.87,,,,,,23799764776.58,,,,4095621056.06,14202158712.44,198270141.67,137870262.14,,14262558591.97,3281418513.65,10981140078.32,10365168588.41,615971489.91,-818682875.57,10162457202.75,9599526699.51,562930503.24,20041017831.89,20932981273.54,,,,,,,,,,,,,,,,,,,,,,0
600030.SH,20161029,20161029,20160930,1,4,3,0.66,0.66,27040087385.45,27040087385.45,,,,16315828008.63,6255083035.5,421309157.31,,,,,6924895929.45,3931283349.6,4620781026.68,3179078476.97,-767370051.2,6574200772.37,177486582.25,26943157.02,16028936597.61,,,,715069217.93,,11593099764.31,,962998295.71,,,,,,16028936597.61,,,,2757769319.66,11011150787.84,89485900.65,111016652.1,,10989620036.39,2637055483.59,8352564552.8,7940947372.83,411617179.97,-1582932117.32,6769632435.48,6372009822.64,397622612.84,,,,,,,,,,,,,,,,,,,,,,,,0
600030.SH,20160825,20160825,20160630,1,4,2,0.43,0.43,18159324638.04,18159324638.04,,,,11274067124.48,4486818144.05,305979186.79,,,,,4697123707.66,2936398092.77,3117522561.44,1729562617.7,-1276968987.43,5422472829.47,45990562.46,35335115.22,10791773672.26,,,,664639708.47,,7912715517.29,,790835015.59,,,,,,10791773672.26,,,,1423583430.91,7367550965.78,61784224.65,99429800.84,,7329905389.59,1835556807.34,5494348582.25,5242131127.62,252217454.63,-2134668688.62,3359679893.63,3123845693.06,235834200.57,9575497842.99,9988935003.52,,,,,,,,,,,,,,,,,,,,,,0
600030.SH,20160430,20160430,20160331,1,4,1,0.14,0.14,7600171887.8,7600171887.8,,,,5438756000.45,1245833946.15,149986612.2,,,,,2310713293.74,1254177657.64,1665895576.9,743169721.97,-309814420.45,1489703768.16,-10456648.0,-84042013.76,5203065158.45,,,,465939925.58,,3671864483.84,,472077639.26,,,,,,5203065158.45,,,,593183109.77,2397106729.35,19514421.58,3806188.11,,2412814962.82,622241157.67,1790573805.15,1641316388.53,149257416.62,-1747199802.47,43374002.68,-78159814.21,121533816.89,,,,,,,,,,,,,,,,,,,,,,,,0
600030.SH,20160324,20160324,20151231,1,4,4,1.71,1.71,56013436032.55,56013436032.55,,,,29631446349.45,20586952052.63,472795340.92,,,,,18367147729.0,4477177296.24,6105808373.49,3476829929.73,1354760180.55,18800784634.52,645531201.53,-41388103.36,28359249667.07,,,,2767979517.56,,20106004521.74,,2481231038.96,,,,,,28359249667.07,,,,3004034588.81,27654186365.48,104369252.45,471411326.57,,27287144291.36,6926800324.64,20360343966.72,19799793374.33,560550592.39,2334232663.31,22694576630.03,22063367269.28,631209360.75,33029424741.02,33714526842.28,,,,,,,,,,,,,,,,,,,,,,0
600030.SH,20151030,20151030,20150930,1,4,3,1.4,1.4,42408377774.78,42408377774.78,,,,22050512540.9,15465476947.19,267696321.88,,,,,14309857534.47,2967062308.59,4287410171.59,2872102833.18,1621902.03,15149931160.0,103330528.55,46227563.28,20384552932.67,,,,2166909968.55,,14840423714.28,,772812738.54,,,,,,20384552932.67,,,,2604406511.3,22023824842.11,46630196.89,14652762.94,,22055802276.06,5657894600.04,16397907676.02,15985958005.38,411949670.64,460059569.3,16857967245.32,16443116700.04,414850545.28,,,,,,,,,,,,,,,,,,,,,,,,0
600030.SH,20150825,20150825,20150630,1,4,2,1.13,1.13,31111400607.54,31111400607.54,,,,14955112629.12,,,,,,,9987840608.28,1843628362.84,2940729411.81,2259621787.35,3763688832.13,8655517871.39,401710467.65,-103707284.87,14196554136.34,,,,1456474674.89,,10491215606.46,,155043177.52,,,,,,14196554136.34,,,,2093820677.47,16914846471.2,21442324.69,9569599.95,,16926719195.94,4184416573.08,12742302622.86,12470273746.27,272028876.59,874099086.57,13616401709.43,13289061314.25,327340395.18,19142667148.67,19461845727.69,,,,,,,,,,,,,,,,,,,,,,0
600030.SH,20150430,20150430,20150331,1,4,1,0.35,0.35,9933044180.84,9933044180.84,,,,5431494334.37,,,,,,,3464279666.36,746174525.36,1127103417.23,82247134.7,-257315712.03,4282540466.96,89438160.6,-82757651.59,4735151110.67,,,,580289961.91,,4097839618.16,,55399265.02,,,,,,4735151110.67,,,,1622265.58,5197893070.17,1796396.39,839937.61,,5198849528.95,1257847890.71,3941001638.24,3817045866.76,123955771.48,1123598494.44,5064600132.68,4898854973.82,165745158.86,,,,,,,,,,,,,,,,,,,,,,,,0
600030.SH,20150324,20150324,20141231,1,4,4,1.03,1.03,29197531133.19,29197531133.19,,,,17116361593.05,,,,,,,8833773251.21,3472039660.75,4297726993.59,393336685.36,522481206.73,10311260180.81,629405830.11,-95924596.9,16017252099.17,,,,1257024611.32,,14146623974.84,,599974864.51,,,,,,16017252099.17,,,,13628648.5,13180279034.02,2257400503.91,15732871.88,,15421946666.05,3560447445.12,11861499220.93,11337193825.46,524305395.47,2026174673.27,13887673894.2,13384116118.34,503557775.86,13759938460.05,14495785072.19,,,,,,,,,,,,,,,,,,,,,,0
600030.SH,20141031,20141031,20140930,1,4,3,0.58,0.58,17378576340.41,17378576340.41,,,,10333654553.97,,,,,,,5533654699.98,1763396819.35,2840430113.45,250756696.5,691211057.34,5694685892.94,145326043.28,-58822537.93,10566887841.23,,,,761896415.36,,9519112386.23,,279722811.36,,,,,,10566887841.23,,,,6156228.28,6811688499.18,2246706209.78,13132855.41,,9045261853.55,2297702173.18,6747559680.37,6364814413.35,382745267.02,822961517.03,7570521197.4,7219461401.61,351059795.79,,,,,,,,,,,,,,,,,,,,,,,,0
600030.SH,20140829,20140829,20140630,1,4,2,0.37,0.37,10534815536.17,10534815536.17,,,,6182319364.67,,,,,,,3323927904.11,895958871.71,1838535416.37,172185504.93,681516415.11,3307296896.99,25132315.87,-68184877.08,6932541376.4,,,,482258633.06,,6165710341.27,,279617283.25,,,,,,6932541376.4,,,,4955118.82,3602274159.77,2230949021.79,9232241.84,,5823990939.72,1490480507.31,4333510432.41,4075619673.27,257890759.14,74245665.86,4407756098.27,4195738373.19,212017725.08,3881587256.36,4266645606.94,,,,,,,,,,,,,,,,,,,,,,0
600030.SH,20140430,20140430,20140331,1,4,1,0.12,0.12,4741247813.17,4741247813.17,,,,3075695078.1,,,,,,,1757893285.33,409633944.05,816032369.27,94430315.74,135141051.31,1305222631.71,-27052417.98,-74400457.46,2849984935.36,,,,225635295.39,,2619990958.22,,1045838.19,,,,,,2849984935.36,,,,3312843.56,1891262877.81,8021103.32,1194969.8,,1898089011.33,470016603.06,1428072408.27,1310356263.18,117716145.09,-239409176.04,1188663232.23,1107019847.17,81643385.06,,,,,,,,,,,,,,,,,,,,,,,,0
600030.SH,20140328,20140328,20131231,1,4,4,0.48,0.48,16115272156.7,16115272156.7,,,,9638159347.03,,,,,,,5633534642.34,2119888820.35,1360488644.16,235587115.39,-565374027.84,6035887139.45,211013960.31,-58397218.96,9255648993.83,,,,772601362.05,,8080921782.92,,352784351.81,,,,,,9255648993.83,,,,49341497.05,6859623162.87,53467598.43,66999594.73,,6846091166.57,1538044291.09,5308046875.48,5243916979.11,64129896.37,-646866123.36,4661180752.12,4619078648.05,42102104.07,7259363873.22,7833571071.55,,,,,,,,,,,,,,,,,,,,,,0
600030.SH,20131031,20131031,20130930,1,4,3,0.34,0.34,10335116051.15,10335116051.15,,,,5499135395.08,,,,,,,3618639968.42,657923352.46,315668779.06,116782801.68,-419966245.46,4601414776.98,345453139.38,-124982683.07,5615851913.85,,,,446992544.95,,4960849377.23,,196160276.45,,,,,,5615851913.85,,,,11849715.22,4719264137.3,22436117.28,14121072.07,,4727579182.51,1004598061.16,3722981121.35,3696696746.0,26284375.35,141976005.84,3864957127.19,3813004431.08,51952696.11,,,,,,,,,,,,,,,,,,,,,,,,0
600030.SH,20130830,20130830,20130630,1,4,2,0.19,0.19,6041342351.56,6041342351.56,,,,3133547009.49,,,,,,,1952614345.8,358757216.17,199054004.38,40580575.73,-346352697.39,2912173382.51,257496319.0,-116391221.36,3334416253.53,,,,267260904.64,,2862737442.81,,196690310.13,,,,,,3334416253.53,,,,7727595.95,2706926098.03,16532582.05,6926136.22,,2716532543.86,605604053.5,2110928490.36,2109673579.87,1254910.49,-810110505.72,1300817984.64,1299559598.45,1258386.19,2911193319.75,3133033092.72,,,,,,,,,,,,,,,,,,,,,,0
600030.SH,20130426,20130426,20130331,1,4,1,0.09,0.09,2952567401.13,2952567401.13,,,,1462160699.34,,,,,,,988783531.56,169307514.42,87710524.74,12553500.52,175985549.93,1109737283.63,14308911.35,-22852887.92,1617742479.73,,,,103926046.27,,1510192905.95,,47836.19,,,,,,1617742479.73,,,,3575691.32,1334824921.4,5589315.9,330187.52,,1340084049.78,335237461.42,1004846588.36,975325826.07,29520762.29,-48530711.81,956315876.55,926762247.67,29553628.88,,,,,,,,,,,,,,,,,,,,,,,,0
600030.SH,20130328,20130328,20121231,1,4,4,0.38,0.38,11693881925.78,11693881925.78,,,,6288890072.58,,,,,,,2927046477.62,1790083948.35,198091960.91,75155928.2,416773726.44,3663411592.35,432167426.23,25160000.7,6263189004.07,,,,400887979.18,,5820003284.32,,30038736.55,,,,,,6263189004.07,,,,12259004.02,5430692921.71,61029519.62,4453345.66,,5487269095.67,1180466077.73,4306803017.94,4237418476.37,69384541.57,386693625.76,4693496643.7,4624148543.29,69348100.41,5476873349.34,5901599506.22,,,,,,,,,,,,,,,,,,,,,,0
600030.SH,20121031,20121031,20120930,1,4,3,0.27,0.27,8147546875.77,8147546875.77,,,,4488397140.97,,,,,,,2241331224.89,1378416787.69,141654210.06,52858964.57,-117515773.44,2669879986.39,247066462.23,76595384.43,4421493441.97,,,,282261406.01,,4133655497.28,,-3528029.14,,,,,,4421493441.97,,,,9104567.82,3726053433.8,44343800.96,2941612.08,,3767455622.68,851608091.11,2915847531.57,2920392432.0,-4544900.43,-381793213.22,2534054318.35,2538628056.63,-4573738.28,,,,,,,,,,,,,,,,,,,,,,,,0
600030.SH,20120831,20120831,20120630,1,4,2,0.2,0.2,5788191322.7,5788191322.7,,,,2879632091.61,,,,,,,1560522903.39,895537152.85,95605676.34,34400534.9,259336345.69,1867601288.44,251683863.14,53047329.96,2918390428.22,,,,184944643.81,,2730910592.0,,-3414939.25,,,,,,2918390428.22,,,,5950131.66,2869800894.48,35956668.56,1368969.12,,2904388593.92,657029476.11,2247359117.81,2248748385.64,-1389267.83,67161370.29,2314520488.1,2315841990.59,-1321502.49,2872336086.89,3082881708.59,,,,,,,,,,,,,,,,,,,,,,0
600030.SH,20120428,20120428,20120331,1,4,1,0.08,0.08,2389079331.44,2389079331.44,,,,1204368540.96,,,,,,,748495316.07,300488533.69,48556520.76,11521369.67,338877048.7,481264226.11,77712314.24,1189456.14,1284694748.22,,,,71252463.51,,1210263152.74,,457361.84,,,,,,1284694748.22,,,,2721770.13,1104384583.22,22286750.04,449390.21,,1126221943.05,261815478.81,864406464.24,863255136.29,1151327.95,42185923.55,906592387.79,905340116.8,1252270.99,,,,,,,,,,,,,,,,,,,,,,,,0
600030.SH,20120330,20120330,20111231,1,4,4,1.23,1.23,25033193809.54,25033193809.54,,,,8645748343.02,,,,,,,3570675276.28,1485366587.57,217759537.19,206106653.31,-755001289.65,15563360057.26,415763040.5,-28466603.18,10021953997.25,,,,488343292.79,,8013240245.37,,1513624671.79,,,,,,10021953997.25,,,,6745787.3,15011239812.29,30973126.95,11209539.51,,15031003399.73,2426514537.84,12604488861.89,12576482780.31,28006081.58,-2872623608.16,9731865253.73,9715170511.16,16694742.57,16536973877.43,16844354593.71,,,,,,,,,,,,,,,,,,,,,,0
600030.SH,20111029,20111029,20110930,1,4,3,0.34,0.34,9449919982.79,9449919982.79,,,,6619103204.68,,,,,,,2904618560.05,1124429686.23,162579442.21,82675938.63,-768211233.6,2452555831.85,43226552.34,8327943.76,4933372613.41,,,,399198554.13,,4535833791.53,,-5552616.5,,,,,,4933372613.41,,,,3892884.25,4516547369.38,7895730.53,8285981.49,,4516157118.42,1177432985.45,3338724132.97,3333392815.18,5331317.79,-3144592272.1,194131860.87,200716890.19,-6585029.32,,,,,,,,,,,,,,,,,,,,,,,,0
600030.SH,20110820,20110820,20110630,1,4,2,0.3,0.3,7508196461.76,7508196461.76,,,,4381828572.04,,,,,,,2042093512.2,580899854.42,106799429.92,67687871.25,-322831821.51,2666524804.62,819958.42,11781159.82,3508471364.76,,,,288367677.14,,3223302480.84,,-5218548.36,,,,,,3508471364.76,,,,2019755.14,3999725097.0,4934619.05,8048282.34,,3996611433.71,1013748227.36,2982863206.35,2973413091.48,9450114.87,-777164310.63,2205698895.72,2207540699.62,-1841803.9,4001744852.14,4134641209.49,,,,,,,,,,,,,,,,,,,,,,0
600030.SH,20110430,20110430,20110331,1,4,1,0.14,0.14,3446968325.77,3446968325.77,,,,2187889838.03,,,,,,,1088330540.17,235743760.86,54244047.35,29356101.83,-252846337.26,1121389894.45,24524605.13,3655360.29,1670383958.66,,,,157095982.84,,1514871654.16,,-2598555.91,,,,,,1670383958.66,,,,1014877.57,1776584367.11,1631484.03,1590038.82,,1776625812.32,415873424.68,1360752387.64,1357200798.07,3551589.57,232356259.69,1593108647.33,1594556307.46,-1447660.13,,,,,,,,,,,,,,,,,,,,,,,,0
600030.SH,20110409,20110409,20101231,1,4,4,1.14,1.14,27794902050.93,27794902050.93,,,,14858427127.13,,,,,,,7808647115.0,2903052886.54,180891705.18,101175116.3,565099652.44,10959790650.74,24287544.48,7167600.78,11525721636.77,,,,961660148.57,,10535353736.74,,17524763.52,,,,,,11525721636.77,,,,11182987.94,16269180414.16,85506126.22,34745811.58,,16319940728.8,4183889585.22,12136051143.58,11311343211.09,824707932.49,797328056.17,12933379199.75,12151478408.97,781900790.78,16268893519.57,16638684050.95,,,,,,,,,,,,,,,,,,,,,,0
600030.SH,20101030,20101030,20100930,1,4,3,0.4,0.4,12421095885.75,12421095885.75,,,,9952418530.3,,,,,,,5576599970.87,1388376227.4,130495923.29,86991033.78,207953991.51,1121769785.93,-32974856.84,5763873.39,6442212041.59,,,,553763229.71,,5888245472.16,,-8231123.55,,,,,,6442212041.59,,,,8434463.27,5978883844.16,72961583.31,10586381.15,,6041259046.32,1420065788.26,4621193258.06,4023183372.9,598009885.16,1233799232.31,5854992490.37,5243068110.12,611924380.25,,,,,,,,,,,,,,,,,,,,,,,,0
600030.SH,20100828,20100828,20100630,1,4,2,0.26,0.26,7905360342.49,7905360342.49,,,,6702983611.02,,,,,,,3739903636.69,994003596.58,86290870.98,83165522.9,52722378.67,355562843.87,-38909199.87,9453359.6,3987337712.57,,,,373566114.37,,3614856775.66,,-8590129.18,,,,,,3987337712.57,,,,7504951.72,3918022629.92,70846933.41,6184746.72,,3982684816.61,927138116.55,3055546700.06,2628487137.05,427059563.01,-804612972.64,2250933727.42,1837768506.21,413165221.21,3925527581.64,4114756411.08,,,,,,,,,,,,,,,,,,,,,,0
600030.SH,20100430,20100430,20100331,1,4,1,0.23,0.23,4063327703.44,4063327703.44,,,,3236131800.83,,,,,,,1909918585.77,334124341.98,41300926.25,31178831.1,182452210.56,263211403.36,3629175.25,3929190.81,2007746848.12,,,,182174479.49,,1831231758.06,,-8575626.73,,,,,,2007746848.12,,,,2916237.3,2055580855.32,13637037.31,1736544.53,,2067481348.1,441768125.33,1625713222.77,1498868266.36,126844956.41,233777284.51,1859490507.28,1692187377.09,167303130.19,,,,,,,,,,,,,,,,,,,,,,,,0
600030.SH,20100331,20100331,20091231,1,4,4,1.35,1.35,22006522161.88,22006522161.88,,,,16919087748.72,,,,,,,10921849766.77,2401334045.91,146085929.38,151369186.04,51537690.04,3478916119.19,102738620.75,4250425.63,8746139656.21,,,,1033641061.87,,8016052577.94,,-315269418.47,,,,,,8746139656.21,,,,11715434.87,13260382505.67,114331465.07,72722170.24,,13301991800.5,3213795680.48,10088196120.02,8984029173.87,1104166946.15,755402528.31,10843598648.33,9696064948.35,1147533699.98,12958203610.89,13276985305.54,,,,,,,,,,,,,,,,,,,,,,0
600030.SH,20091031,20091031,20090930,1,4,3,0.95,0.95,15222223916.43,15222223916.43,,,,11729671037.62,,,,,,,8293836223.24,1037870557.93,166036906.83,96103215.75,-85680688.62,2536221868.15,25000287.2,381608.77,5844930694.24,,,,705434475.2,,5471742551.74,,-341059271.96,,,,,,5844930694.24,,,,8812939.26,9377293222.19,52191146.22,11125006.34,,9418359362.07,2288326948.05,7130032414.02,6290655470.63,839376943.39,-225213199.32,6904819214.7,6080023230.66,824795984.05,,,,,,,,,,,,,,,,,,,,,,,,0
600030.SH,20090815,20090815,20090630,1,4,2,0.58,0.58,8991769935.81,8991769935.81,,,,6972630663.29,,,,,,,4903797294.06,588673497.39,103534145.54,24943905.74,19066847.65,1338156046.55,37982490.45,1022657.7,3238987126.57,,,,409869899.48,,3164140421.8,,-340909977.97,,,,,,3238987126.57,,,,5886783.26,5752782809.24,5048134.88,2444563.38,,5755386380.74,1420514941.75,4334871438.99,3826664604.75,508206834.24,,,,,5419089649.68,5573090403.33,,,,,,,,,,,,,,,,,,,,,,0
600030.SH,20090430,20090430,20090331,1,4,1,0.23,0.23,3459093210.43,3459093210.43,,,,2871153751.97,,,,,,,2089606191.57,117800514.08,26970676.8,15085305.03,-18935088.98,285488306.04,-4605791.93,612954.46,1187493545.17,,,,162685742.54,,1308479434.85,,-286623733.59,,,,,,1187493545.17,,,,2952101.37,2271599665.26,169791.68,527826.12,,2271241630.82,553025395.39,1718216235.43,1504410155.03,213806080.4,,,,,,,,,,,,,,,,,,,,,,,,,,,,0
600030.SH,20090430,20090430,20081231,1,4,4,1.1,1.1,17708257237.07,17708257237.07,,,,12798440201.9,,,,,,,7457115659.74,1782839232.91,149874003.51,71133896.72,-3341380871.12,6451468331.36,632516.05,22990078.34,8164957297.98,,,,784757902.07,,6658158630.15,,709335931.04,,,,,,8164957297.98,,,,12704834.72,9543299939.09,41094398.64,23017500.07,,9561376837.66,1511147565.56,8050229272.1,7305001010.04,745228262.06,,,,,10265340704.85,10562977652.04,,,,,,,,,,,,,,,,,,,,,,0
600030.SH,20081030,20081030,20080930,1,4,3,0.89,0.89,13901222140.87,13901222140.87,,,,9890094429.24,,,,,,,5928912536.06,1247574855.9,130763649.65,78364870.28,-3412179034.23,6011810827.91,-124297.53,31041083.1,5760939941.14,,,,635844763.07,,5067468907.53,,47623131.4,,,,,,5760939941.14,,,,10003139.14,8140282199.73,6362377.29,20709163.36,,8125935413.66,1700666015.54,6425269398.12,5897702989.09,527566409.03,,,,,,,,,,,,,,,,,,,,,,,,,,,,0
600030.SH,20080809,20080809,20080630,1,4,2,0.72,0.72,10912688931.75,10912688931.75,,,,7589617492.14,,,,,,,4615899738.82,932382135.09,106631998.32,30519497.36,-3504692043.36,5923156692.57,-124297.53,30891016.25,4372924666.79,,,,496032950.97,,3873904685.62,,-3964158.62,,,,,,4372924666.79,,,,6951188.82,6539764264.96,4500026.67,19412445.37,,6524851846.26,1356191920.87,5168659925.39,4769337305.1,399322620.29,,,,,6542751295.16,6673132500.57,,,,,,,,,,,,,,,,,,,,,,0
600030.SH,20080428,20080428,20080331,1,4,1,0.76,0.76,5792974346.04,5792974346.04,,,,4237525040.81,,,,,,,2588603793.22,603507591.8,66795819.52,17307125.27,-913861048.04,2081371220.75,,-32144909.34,2217235667.61,,,,291468273.03,,1927151351.84,,-3722151.17,,,,,,2217235667.61,,,,2338193.91,3575738678.43,2585586.74,5961148.13,,3572363117.04,810265626.85,2762097490.19,2521618564.72,240478925.47,,,,,,,,,,,,,,,,,,,,,,,,,,,,0
600030.SH,20080317,20080317,20071231,1,4,4,4.01,4.01,30871114124.31,30871114124.31,,,,18956119725.89,,,,,,,13377642352.73,2193889909.68,161536389.77,47704515.03,3351154147.58,7575636114.89,9108856.41,-50417759.77,11008179276.94,,,,1321633464.72,,9530748419.98,,146837212.94,,,,,,11008179276.94,,,,8960179.3,19862934847.37,59203782.12,17965875.74,,19904172753.75,6358386888.46,13545785865.29,12388521279.25,1157264586.04,,,,,20018732239.61,20230427527.85,,,,,,,,,,,,,,,,,,,,,,0
600030.SH,20071026,20071026,20070930,1,4,3,2.77,2.77,19352429194.76,19352429194.76,,,,13237485963.84,,,,,,,10358031463.68,1057583925.81,110415921.85,29528032.4,978603440.24,4549894366.28,,-26490859.37,6397752540.25,,,,886238094.69,,5535563635.14,,-30405539.32,,,,,,6397752540.25,,,,6356349.74,12954676654.51,4131315.85,15498045.92,,12943309924.44,3489946260.18,9453363664.26,8362951404.08,1090412260.18,,,,,,,,,,,,,,,,,,,,,,,,,,,,0
600030.SH,20070815,20070815,20070630,1,4,2,1.41,1.41,10639086908.35,10639086908.35,,,,8139544276.97,,,,,,,6636147922.28,473444090.42,66221846.22,112452837.81,5180048.95,2083169451.53,,-31435641.42,3707872672.45,,,,531849409.73,,3198063132.12,,-27614557.8,,,,,,3707872672.45,,,,5574688.4,6931214235.9,1264791.13,10465885.4,,6922013141.63,1896723140.89,5025290000.74,4208211452.92,817078547.82,,,,,6909174366.5,7018199902.19,,,,,,,,,,,,,,,,,,,,,,0
600030.SH,20070427,20070427,20070331,1,4,1,0.42,0.42,3339031596.23,3339031596.23,,,,2455420766.19,,,,,,,2066838714.45,225704070.0,17996745.19,37626643.44,55373936.63,710998225.31,0.0,-202024.7,1565776895.81,,,,171082448.49,,1393374013.67,,-334659.67,,,,,,1565776895.81,,,,1655093.32,1773254700.42,307173.57,1163825.65,,1772398048.34,374269030.96,1398129017.38,1254344294.64,143784722.74,,,,,,,,,,,,,,,,,,,,,,,,,,,,0
600030.SH,20080317,20070316,20061231,1,4,4,0.89,0.89,5990851441.14,5990851441.14,,,,3768117785.11,,,,,,,2652706017.95,976310758.52,35018330.5,237183871.69,176389769.57,1564406231.61,31082326.64,-17240303.71,2606323659.31,,,,277699300.84,,2179865815.44,,142643213.37,,,,,,2606323659.31,,,,6115329.66,3384527781.83,26245447.65,11868746.32,,3398904483.16,812635703.93,2586268779.23,2434646513.02,151622266.21,,,,,3533286324.86,3730604343.17,,,,,,,,,,,,,,,,,,,,,,0
600030.SH,20071026,20061031,20060930,1,4,3,0.48,0.48,3199356856.0,3199356856.0,,,,2110170451.17,,,,,,,1744613032.97,338012285.3,22956740.0,81219752.63,346226713.2,505765880.15,,-581868.88,1523810231.58,,,,137388492.82,,1386052547.42,,-739.49,,,,,,1523810231.58,,,,369930.83,1675546624.42,10889291.03,4261924.65,,1682173990.8,305368505.65,1376805485.15,1270546303.4,106259181.75,,,,,,,,,,,,,,,,,,,,,,,,,,,,0
600030.SH,20070815,20060816,20060630,1,4,2,0.26,0.26,1975994579.33,1975994579.33,,,,1255476838.76,,,,,,,1112208932.69,109962592.4,13355085.42,45094055.57,197033468.57,409374151.09,,-318053.44,938931527.71,,,,85641120.85,,853029873.28,,-906.65,,,,,,938931527.71,,,,261440.23,1037063051.62,1685452.94,1342924.13,,1037405580.43,181875274.11,855530306.32,775833190.68,79697115.64,,,,,1037323585.2,1133123924.8,,,,,,,,,,,,,,,,,,,,,,0
600030.SH,20070427,20060427,20060331,1,4,1,0.05,0.05,467568571.4,467568571.4,,,,243996030.62,,,,,,,234287193.76,5949997.5,3758839.36,29874059.92,62872100.33,95809627.38,0.0,-241538.7,315119238.68,,,,19893728.72,,295170017.05,,-861.74,,,,,,315119238.68,,,,56354.65,152449332.72,185420.55,215831.88,,152418921.39,21801730.19,130617191.2,125119311.42,5497879.78,,,,,,,,,,,,,,,,,,,,,,,,,,,,0
600030.SH,20060329,20060329,20051231,1,4,4,,,1027210141.98,1027210141.98,,,320519109.56,302825940.81,,,,,,,,184503258.42,14554524.54,295884575.63,,307293349.97,,-292828.6,604123233.06,,,17693168.75,38779062.64,587494130.28,587494130.28,,-22154916.04,,,,,,604123233.06,,,,4956.18,423086908.92,4376265.84,47964660.13,,379498514.63,49880733.45,329617781.18,400041572.7,-70423791.52,,,,,-204250349.97,-204250349.97,,126235233.37,526276806.07,,,,,,,,40004157.27,20002078.64,,,,,426266412.89,,124075000.0,,,0
600030.SH,20051028,20051028,20050930,1,4,3,,,363929296.4,363929296.4,,,221754894.95,,,,,,,,,,,,,135622576.64,,-204442.65,,,,12231776.73,18047659.6,390872840.25,,,-116851532.76,,,,,,,,,,,165340677.16,1488869.98,3676283.38,,144382219.88,1041216.28,143341003.6,140443298.38,2897705.22,,,,,,,,,,,,,,,,,,,,,,,,,,,,0
600030.SH,20050812,20050812,20050630,1,4,2,,,188626429.43,188626429.43,,,122609999.37,,,,,,,,,,,,,81500129.82,,637.83,,,,7103505.14,10304595.27,231544360.35,,,-77518697.48,,,,,,,,,,,73741632.06,678535.95,3534276.63,,66904459.04,,66904459.04,66220679.33,683779.71,,,,,-60326031.33,-60326031.33,,,,,,,,,,,,,,,,,,,,,,0
600030.SH,20050429,20050429,20050331,1,4,1,,,60500101.69,60500101.69,,,57007622.11,,,,,,,,,,,,,13283622.51,,-2571.21,,,,3441309.08,4289839.59,110417225.48,,,-70069734.98,,,,,,,,,,,-44692132.7,261676.16,3292971.25,,9062684.68,949797.31,8112887.37,8270642.62,-157755.25,,,,,,,,,,,,,,,,,,,,,,,,,,,,0
600030.SH,20050420,20050420,20041231,1,4,4,,,965905711.85,965905711.85,,,381311362.08,327946329.02,,,,,,,,187587948.03,7034289.23,253746549.55,,305328830.66,,-254366.73,745473728.92,,,53365033.06,35596690.8,523475608.24,523475608.24,,186401429.88,,,,,,745473728.92,,,,,220431982.93,4061112.45,8677930.63,,215815164.75,42318074.71,173497090.04,165685280.91,7811809.13,,,,,-170007228.49,-170007228.49,,274936272.69,440621553.6,,,,,,,,16568528.09,8284264.05,,,,,399200233.37,,272965000.0,,,0
600030.SH,20041030,20041030,20040930,1,4,3,,,623943697.94,623943697.94,,,299709422.9,,,,,,,,,,,,,125057604.76,,-2866.96,,,,41978280.56,27437141.67,376937695.05,,,128756810.5,,,,,,,,,,,370486196.65,1203110.08,925756.32,,116949135.15,19640664.1,97308471.05,94285836.47,3022634.58,,,,,,,,,,,,,,,,,,,,,,,,,,,,0
600030.SH,20040826,20040826,20040630,1,4,2,,,486919937.42,486919937.42,,,228645768.93,,,,,,,,,,,,,101049248.58,,-2861.16,,,,30271686.5,22068762.38,257924552.34,,,156557658.54,,,,,,,,,,,339005924.63,1111475.06,131266.89,,82379225.68,22220990.42,60158235.26,56522959.6,3635275.66,,,,,176654936.2,176654936.2,,,,,,,,,,,,,,,,,,,,,,0
600030.SH,20040429,20040429,20040331,1,4,1,,,174724110.31,174724110.31,,,113030325.4,,,,,,,,,,,,,6802511.21,,,,,,14746098.29,7444449.08,102741350.71,,,15032000.01,,,,,,,,,,,48427936.52,62776.79,32506.88,,26623695.21,10111416.78,16512278.43,16512278.43,,,,,,,,,,,,,,,,,,,,,,,,,,,,,0
600030.SH,20040329,20040329,20031231,1,4,4,,,843855616.43,843855616.43,,,256467594.43,218625780.85,,,,,,,,209515632.53,8385300.36,257708867.57,,248721147.17,,154541.2,427356057.25,,,37841813.58,34112524.04,502149435.69,502149435.69,,-113043126.39,,,,,,427356057.25,,,,4137223.91,416499559.18,2791333.23,5757810.5,,413533081.91,48043787.09,365489294.82,365489294.82,,,,,,-232397592.57,-110899194.3,,93871968.22,459361263.04,,,,,,,,36548929.48,18274464.74,,,,,367988939.34,,93052666.65,,,0
600030.SH,20031029,20031029,20030930,1,4,3,,,449728153.2,449728153.2,,,182601707.26,,,,,,,,,,,,,107352325.49,,,,,,26358115.66,17866163.07,353572449.8,,,-57144444.94,,,,,,,,,,,215232514.05,1475515.02,4173178.45,,162326970.07,5436170.21,156890799.86,156890799.86,,,,,,,,,,,,,,,,,,,,,,,,,,,,,0
600030.SH,20030815,20030815,20030630,1,4,2,,,294682550.32,294682550.32,,,133691974.91,,,,,,,,,,,,,85882227.3,,,,,,19242921.7,11031856.47,244544836.29,,,-91423081.57,,,,,,,,,,,157635241.86,576948.03,2940204.43,,160812839.73,5235752.64,155577087.09,155577087.09,,,,,,19862935.86,82930916.9,,,,,,,,,,,,,,,,,,,,,,0
600030.SH,20030415,20030415,20030331,1,4,1,,,72354983.43,72354983.43,,,51597002.33,,,,,,,,,,,,,8375309.79,,,,,,7332573.34,4541243.52,108282633.33,,,-89535280.25,,,,,,,,,,,-41576670.9,363429.02,61453.2,,35344031.86,1401597.84,33942434.02,33942434.02,,,,,,,,,,,,,,,,,,,,,,,,,,,,,0
600030.SH,20030415,20030415,20021231,1,4,4,,,762588776.71,762588776.71,,,263758018.6,235698186.36,,,,,,,,,27694207.37,277371996.19,,67263820.42,,42436.92,615604295.23,,,28059832.24,37449227.83,565850258.51,565850258.51,,,,,,,,615604295.23,,,,12304808.89,146984481.48,1662144.66,4118973.56,,144527652.58,34451830.97,110075821.61,110075821.61,,,,,,-434620800.38,-307232762.72,,11315102.01,121390923.62,,,,,,,,11007582.16,5503791.08,,,,,93871968.22,,93052666.65,,,0
600030.SH,20031029,20031029,20020930,1,4,3,,,545347178.1,545347178.1,,,219759537.82,197435264.29,27389506.8,,,,,,,,,,,27387209.98,,2296.82,,,,22324273.53,22360900.78,423664908.3,,,-78073193.09,,,,,,,,,,,77580287.2,1172423.82,1306322.04,,128132372.09,22797748.71,105334623.38,105334623.38,,,,,,,,,,,,,,,,,,,,,,,,,,,,,0
600030.SH,20021213,20021213,20020630,1,4,2,,,425760718.18,425760718.18,,,162024782.1,,,,,,,,,,,,,21740928.94,,,,,,14667291.23,18485388.12,279560774.53,,,,,,,,,,,,,,182670670.85,124880.79,1089386.22,,181706165.42,21185708.84,160520456.58,160520456.58,,,,,,113047264.3,174273976.45,,,,,,,,,,,,,,,,,,,,,,0
600030.SH,20021213,20021213,20011231,1,4,4,,,1829383368.84,1829383368.84,,,480217852.21,437804116.74,,,,,,,,,287383396.21,511342368.54,,621166269.96,,-19976.82,983008908.31,,,42413735.47,108716237.75,757164721.4,757164721.4,,,,,,,,983008908.31,,,,117127949.16,846374460.53,2350514.0,16287377.39,,832437597.14,201167988.74,631269608.4,631269608.4,,,,,,163923952.82,281823907.85,,861284811.06,1489232743.28,,,,,,,-3321676.18,63126960.85,31563480.41,,,,,1331415341.17,,1318900000.0,,,0
600030.SH,20021213,20021213,20001231,1,4,4,,,2193922318.93,2193922318.93,,,550236115.27,519999284.85,,,,,,,,,224794043.94,392750951.79,,1161597528.15,,-19322.76,715285819.48,,,30236830.42,170587904.42,590444763.05,590444763.05,,,,,,,,715285819.48,,,,-45746847.99,1478636499.45,2362173.87,61991100.99,,1419007572.33,289508722.25,1129498850.08,1129498850.08,,,,,,812208057.99,884115758.87,,318832930.71,1446688562.53,,,,,,,-1643218.26,112949885.01,56474942.5,,,,,1164313850.01,,303029038.95,,,0
600030.SH,20021213,20021213,19991231,1,4,4,,,984151301.32,984151301.32,,,313036118.61,299968843.75,,,,,,,,,81413657.29,185469930.67,,394091032.01,,-19284.5,383452381.64,,,13067274.86,74573646.26,313614730.29,313614730.29,,,,,,,,383452381.64,,,,-4735994.91,600698919.68,1656397.88,2376999.01,,599978318.55,211955248.33,388023070.22,388023070.22,,,,,,269280919.62,326040161.01,,225347767.25,613370837.47,,,,,,,,38802307.02,19401153.51,,,,,516365069.92,,120795098.75,76737040.46,,0
