ts_code,trade_date,close,prev_close,pct_chg,amount,is_limit_up,is_limit_down,is_break,limit_streak
000001.SZ,20260227,10.9,10.87,0.002759889604415866,68703338.56,0,0,0,0
000002.SZ,20260227,4.84,4.82,0.004149377593360981,35880240.0,0,0,0,0
000009.SZ,20260227,9.55,9.5,0.0052631578947368585,8527920.75,0,0,0,0
000021.SZ,20260227,34.4,34.69,-0.00835975785528964,126315537.83,0,0,0,0
000027.SZ,20260227,7.02,6.89,0.018867924528301883,5584195.78,0,0,0,0
000032.SZ,20260227,20.65,19.69,0.0487557135601826,19865594.0,0,0,0,0
000034.SZ,20260227,40.63,38.47,0.056147647517546195,35190479.66,0,0,0,0
000039.SZ,20260227,13.5,13.52,-0.0014792899408283544,27682605.18,0,0,0,0
000050.SZ,20260227,10.15,10.07,0.00794438927507457,11662002.63,0,0,0,0
000060.SZ,20260227,8.26,7.79,0.060333761232349126,39036139.93,0,0,0,0
000062.SZ,20260227,25.3,24.84,0.0185185185185186,10444459.61,0,0,0,0
000063.SZ,20260227,38.65,38.57,0.002074150894477489,122585594.15,0,0,0,0
000088.SZ,20260227,4.7,4.61,0.019522776572667988,5788952.66,0,0,0,0
000100.SZ,20260227,4.97,4.82,0.03112033195020736,62526776.14,0,0,0,0
000155.SZ,20260227,14.45,13.89,0.0403167746580273,27755089.0,0,0,0,0
000157.SZ,20260227,9.99,10.0,-0.0010000000000000009,35607364.21,0,0,0,0
000301.SZ,20260227,13.02,12.98,0.0030816640986131016,26390243.46,0,0,0,0
000333.SZ,20260227,78.64,79.25,-0.0076971608832807625,90281349.62,0,0,0,0
000338.SZ,20260227,27.86,29.22,-0.04654346338124571,320256829.04,0,0,0,0
000400.SZ,20260227,31.9,32.0,-0.0031250000000000444,28891049.08,0,0,0,0
000408.SZ,20260227,86.16,87.0,-0.0096551724137931,139915017.02,0,0,0,0
000415.SZ,20260227,5.26,5.3,-0.007547169811320753,11337464.06,0,0,0,0
000423.SZ,20260227,54.37,54.35,0.0003679852805886785,4696614.0,0,0,0,0
000425.SZ,20260227,12.26,12.36,-0.008090614886731351,45526204.39,0,0,0,0
000426.SZ,20260227,55.19,52.14,0.058496355964710256,218901323.08,0,0,0,0
000429.SZ,20260227,12.23,12.03,0.01662510390689942,1819063.52,0,0,0,0
000513.SZ,20260227,35.44,35.38,0.0016958733747878263,2730102.06,0,0,0,0
000519.SZ,20260227,20.28,20.01,0.013493253373313419,24259721.92,0,0,0,0
000528.SZ,20260227,11.94,11.88,0.005050505050504972,4288462.74,0,0,0,0
000537.SZ,20260227,9.0,8.81,0.02156640181611791,3840884.0,0,0,0,0
000538.SZ,20260227,56.05,56.25,-0.003555555555555645,36235692.6,0,0,0,0
000539.SZ,20260227,5.1,4.96,0.028225806451612767,4992656.71,0,0,0,0
000559.SZ,20260227,20.07,19.44,0.03240740740740744,324052376.73,0,0,0,0
000563.SZ,20260227,3.61,3.57,0.011204481792717047,5716369.26,0,0,0,0
000568.SZ,20260227,110.5,111.0,-0.0045045045045044585,48539282.5,0,0,0,0
000582.SZ,20260227,11.41,10.77,0.059424326833797725,21328931.5,0,0,0,0
000591.SZ,20260227,5.83,5.63,0.035523978685612745,40017017.25,0,0,0,0
000596.SZ,20260227,121.21,120.8,0.00339403973509933,13437876.12,0,0,0,0
000598.SZ,20260227,7.38,7.27,0.015130674002751032,3741482.39,0,0,0,0
000617.SZ,20260227,9.09,9.0,0.010000000000000009,36760542.52,0,0,0,0
000623.SZ,20260227,19.03,18.83,0.010621348911311834,12122170.0,0,0,0,0
000625.SZ,20260227,11.06,11.05,0.0009049773755656076,25530017.75,0,0,0,0
000629.SZ,20260227,4.25,4.09,0.03911980440097795,21050496.75,0,0,0,0
000630.SZ,20260227,7.93,7.59,0.044795783926218746,162228064.96,0,0,0,0
000651.SZ,20260227,37.45,37.59,-0.003724394785847296,73191711.75,0,0,0,0
000657.SZ,20260227,66.22,60.2,0.09999999999999987,86821042.0,1,0,0,0
000661.SZ,20260227,95.77,98.5,-0.027715736040609174,55490847.11,0,0,0,0
000683.SZ,20260227,9.37,9.41,-0.004250797024442199,11110547.06,0,0,0,0
000703.SZ,20260227,12.84,12.51,0.026378896882494063,8912342.0,0,0,0,0
000708.SZ,20260227,18.03,17.33,0.040392383150606115,20445066.36,0,0,0,0
000709.SZ,20260227,2.67,2.62,0.01908396946564883,10078836.52,0,0,0,0
000723.SZ,20260227,5.24,5.02,0.04382470119521931,20555307.0,0,0,0,0
000725.SZ,20260227,4.48,4.33,0.03464203233256358,131109943.0,0,0,0,0
000729.SZ,20260227,12.92,12.58,0.027027027027026973,159246466.25,0,0,0,0
000733.SZ,20260227,57.74,58.13,-0.006709100292447978,14020548.33,0,0,0,0
000738.SZ,20260227,27.86,28.65,-0.027574171029668415,32789687.0,0,0,0,0
000739.SZ,20260227,18.07,18.16,-0.004955947136563887,3425168.16,0,0,0,0
000768.SZ,20260227,30.83,31.01,-0.005804579168010471,21787985.66,0,0,0,0
000785.SZ,20260227,2.96,2.94,0.006802721088435382,4051474.65,0,0,0,0
000786.SZ,20260227,27.99,28.25,-0.009203539823008922,10715657.36,0,0,0,0
000792.SZ,20260227,38.2,39.01,-0.020763906690592027,132787562.2,0,0,0,0
000807.SZ,20260227,31.2,30.99,0.006776379477250849,57125261.8,0,0,0,0
000825.SZ,20260227,5.29,5.14,0.029182879377432025,10336458.81,0,0,0,0
000830.SZ,20260227,18.69,18.16,0.029185022026431806,15295547.0,0,0,0,0
000831.SZ,20260227,64.98,60.33,0.07707608155146706,166022725.71,0,0,0,0
000858.SZ,20260227,104.05,103.88,0.0016365036580670012,89153658.99,0,0,0,0
000876.SZ,20260227,8.71,8.63,0.009269988412514474,15211424.0,0,0,0,0
000878.SZ,20260227,25.6,24.17,0.05916425320645424,83377003.0,0,0,0,0
000883.SZ,20260227,4.75,4.67,0.017130620985010614,3999838.0,0,0,0,0
000887.SZ,20260227,21.8,21.48,0.014897579143389184,14895272.73,0,0,0,0
000893.SZ,20260227,56.5,56.16,0.006054131054131107,12033086.0,0,0,0,0
000895.SZ,20260227,26.28,26.27,0.0003806623524933439,18525080.16,0,0,0,0
000898.SZ,20260227,2.7,2.64,0.022727272727272707,4489810.9,0,0,0,0
000921.SZ,20260227,23.74,23.71,0.001265288907633888,5434352.14,0,0,0,0
000932.SZ,20260227,6.71,6.63,0.012066365007541435,26555051.0,0,0,0,0
000933.SZ,20260227,32.45,31.8,0.020440251572327206,57776995.6,0,0,0,0
000937.SZ,20260227,5.76,5.65,0.019469026548672552,3436257.0,0,0,0,0
000938.SZ,20260227,25.95,25.73,0.008550330353672697,48620091.84,0,0,0,0
000951.SZ,20260227,20.66,20.71,-0.002414292612264668,5161171.52,0,0,0,0
000958.SZ,20260227,6.65,6.5,0.023076923076923217,7961577.57,0,0,0,0
000959.SZ,20260227,5.72,5.68,0.007042253521126751,3458334.0,0,0,0,0
000960.SZ,20260227,44.36,40.33,0.09992561368708164,39577992.0,1,0,0,0
000963.SZ,20260227,35.94,35.73,0.005877413937867448,17552819.6,0,0,0,0
000967.SZ,20260227,8.37,8.12,0.030788177339901468,9138789.0,0,0,0,0
000975.SZ,20260227,30.98,30.68,0.009778357235984414,56265402.0,0,0,0,0
000977.SZ,20260227,63.88,63.07,0.012842872998255928,82626381.82,0,0,0,0
000983.SZ,20260227,7.34,7.15,0.02657342657342654,21589039.08,0,0,0,0
000987.SZ,20260227,9.64,9.45,0.020105820105820182,13983955.54,0,0,0,0
000997.SZ,20260227,25.17,25.38,-0.008274231678486843,7083061.0,0,0,0,0
000999.SZ,20260227,28.88,28.71,0.005921281783350718,17390796.48,0,0,0,0
001213.SZ,20260227,4.21,4.18,0.0071770334928229484,2757099.78,0,0,0,0
001221.SZ,20260227,69.68,71.74,-0.028714803456927673,2430485.56,0,0,0,0
001286.SZ,20260227,10.66,10.3,0.03495145631067964,5510018.38,0,0,0,0
001389.SZ,20260227,119.74,117.67,0.01759156964391928,32657215.0,0,0,0,0
001391.SZ,20260227,5.99,5.95,0.006722689075630228,11962081.0,0,0,0,0
001696.SZ,20260227,21.2,21.44,-0.011194029850746356,13405383.0,0,0,0,0
001965.SZ,20260227,9.69,9.63,0.006230529595015355,18314606.22,0,0,0,0
001979.SZ,20260227,9.91,10.0,-0.009000000000000008,39469341.0,0,0,0,0
002001.SZ,20260227,31.5,31.06,0.014166130070830674,82197161.5,0,0,0,0
002007.SZ,20260227,15.47,15.48,-0.0006459948320413078,4664379.3,0,0,0,0
002008.SZ,20260227,72.3,69.72,0.037005163511187655,95824243.0,0,0,0,0
002025.SZ,20260227,52.88,53.32,-0.008252063015753874,13184767.9,0,0,0,0
002027.SZ,20260227,7.07,7.14,-0.009803921568627416,68691381.27,0,0,0,0
002028.SZ,20260227,214.43,227.32,-0.056704205525250684,64114967.92,0,0,0,0
002032.SZ,20260227,44.5,44.12,0.008612873980054392,2227707.0,0,0,0,0
002044.SZ,20260227,7.0,6.85,0.021897810218978186,29285527.0,0,0,0,0
002049.SZ,20260227,79.7,80.18,-0.005986530306809734,45453587.6,0,0,0,0
002050.SZ,20260227,51.21,51.94,-0.014054678475163618,174822569.38,0,0,0,0
002056.SZ,20260227,22.15,21.63,0.024040684234859055,17725306.27,0,0,0,0
002064.SZ,20260227,12.41,12.52,-0.0087859424920127,17723189.94,0,0,0,0
002065.SZ,20260227,9.67,9.49,0.018967334035827177,15063098.0,0,0,0,0
002074.SZ,20260227,37.9,38.07,-0.0044654583661676295,32910884.4,0,0,0,0
002078.SZ,20260227,17.26,17.42,-0.009184845005740572,10716249.45,0,0,0,0
002080.SZ,20260227,50.63,52.88,-0.042549167927382725,117065290.0,0,0,0,0
002085.SZ,20260227,16.34,16.45,-0.006686930091185372,28377982.22,0,0,0,0
002120.SZ,20260227,7.12,6.94,0.025936599423631135,12610599.0,0,0,0,0
002126.SZ,20260227,48.75,47.47,0.026964398567516312,16560517.85,0,0,0,0
002128.SZ,20260227,30.7,29.07,0.05607155142758846,25579770.0,0,0,0,0
002130.SZ,20260227,28.53,28.73,-0.006961364427427785,54076202.13,0,0,0,0
002131.SZ,20260227,9.63,9.34,0.031049250535331918,537904232.04,0,0,0,0
002138.SZ,20260227,41.8,42.98,-0.0274546300604932,27790967.9,0,0,0,0
002152.SZ,20260227,13.75,13.61,0.010286554004408588,12382794.14,0,0,0,0
002153.SZ,20260227,11.85,11.78,0.005942275042444933,11441423.4,0,0,0,0
002155.SZ,20260227,37.7,34.27,0.10008754012255605,27343998.5,1,0,0,1
002156.SZ,20260227,52.01,52.27,-0.004974172565525237,136263069.55,0,0,0,0
002157.SZ,20260227,3.21,3.16,0.015822784810126445,8595929.0,0,0,0,0
002179.SZ,20260227,35.55,35.86,-0.00864472950362527,19265985.65,0,0,0,0
002185.SZ,20260227,15.18,15.12,0.003968253968253954,109104453.0,0,0,0,0
002195.SZ,20260227,11.07,10.9,0.015596330275229331,401106408.09,0,0,0,0
002202.SZ,20260227,28.45,28.38,0.0024665257223397408,260766940.47,0,0,0,0
002203.SZ,20260227,14.71,14.35,0.02508710801393743,8229232.88,0,0,0,0
002223.SZ,20260227,38.7,38.11,0.015481500918394175,20662715.89,0,0,0,0
002230.SZ,20260227,55.82,55.69,0.002334350870892399,74841558.54,0,0,0,0
002236.SZ,20260227,19.26,19.26,0.0,22334467.0,0,0,0,0
002241.SZ,20260227,27.18,27.08,0.0036927621861153614,100975129.51,0,0,0,0
002244.SZ,20260227,11.25,11.55,-0.025974025974025983,6042315.0,0,0,0,0
002252.SZ,20260227,6.29,6.3,-0.0015873015873015817,38562970.75,0,0,0,0
002261.SZ,20260227,36.52,33.2,0.10000000000000009,36220536.0,1,0,0,1
002262.SZ,20260227,23.81,23.88,-0.002931323283082099,3127231.0,0,0,0,0
002265.SZ,20260227,25.02,24.92,0.0040128410914925805,5865861.0,0,0,0,0
002266.SZ,20260227,5.22,5.15,0.013592233009708687,15945491.0,0,0,0,0
002271.SZ,20260227,18.0,18.13,-0.007170435741864267,26710496.74,0,0,0,0
002273.SZ,20260227,28.2,27.53,0.02433708681438418,38411702.88,0,0,0,0
002281.SZ,20260227,75.92,75.33,0.007832204964821399,92576056.12,0,0,0,0
002294.SZ,20260227,49.11,48.08,0.02142262895174718,22946296.0,0,0,0,0
002299.SZ,20260227,19.3,18.68,0.03319057815845827,15934436.58,0,0,0,0
002304.SZ,20260227,53.2,53.25,-0.0009389671361501595,19598061.49,0,0,0,0
002311.SZ,20260227,54.81,53.58,0.02295632698768202,23587442.0,0,0,0,0
002312.SZ,20260227,13.68,13.62,0.004405286343612369,50380176.68,0,0,0,0
002318.SZ,20260227,34.56,35.05,-0.013980028530670374,4877445.0,0,0,0,0
002335.SZ,20260227,62.65,61.6,0.017045454545454586,36104694.3,0,0,0,0
002340.SZ,20260227,9.93,9.61,0.0332986472424559,110286405.43,0,0,0,0
002352.SZ,20260227,37.87,37.5,0.00986666666666669,71773692.0,0,0,0,0
002353.SZ,20260227,117.27,110.3,0.06319129646418853,104875785.37,0,0,0,0
002371.SZ,20260227,471.88,488.88,-0.034773359515627544,160300736.7,0,0,0,0
002372.SZ,20260227,12.27,12.18,0.00738916256157629,2711003.24,0,0,0,0
002384.SZ,20260227,85.55,85.89,-0.003958551635813268,134114260.7,0,0,0,0
002385.SZ,20260227,4.05,4.03,0.004962779156327368,15720284.0,0,0,0,0
002402.SZ,20260227,36.41,36.63,-0.006006006006006204,26673767.64,0,0,0,0
002409.SZ,20260227,95.97,98.36,-0.024298495323302194,17641729.25,0,0,0,0
002410.SZ,20260227,13.97,13.69,0.020452885317750358,15991057.94,0,0,0,0
002414.SZ,20260227,15.56,16.7,-0.06826347305389213,62021391.2,0,0,0,0
002415.SZ,20260227,31.44,31.56,-0.0038022813688212143,30726811.5,0,0,0,0
002422.SZ,20260227,30.54,30.48,0.0019685039370078705,14417389.78,0,0,0,0
002423.SZ,20260227,11.13,11.07,0.005420054200542035,3361728.48,0,0,0,0
002429.SZ,20260227,10.69,10.52,0.01615969581749055,38852556.59,0,0,0,0
002430.SZ,20260227,32.54,32.29,0.0077423350882626085,8267186.75,0,0,0,0
002432.SZ,20260227,44.39,43.77,0.014164953164267802,14018028.0,0,0,0,0
002436.SZ,20260227,25.97,26.84,-0.03241430700447101,45852514.16,0,0,0,0
002439.SZ,20260227,14.5,14.28,0.01540616246498594,6803649.0,0,0,0,0
002444.SZ,20260227,35.71,35.79,-0.002235261246158138,6046496.3,0,0,0,0
002459.SZ,20260227,12.1,11.99,0.00917431192660545,38932862.6,0,0,0,0
002460.SZ,20260227,73.1,72.86,0.0032939884710403433,129486505.04,0,0,0,0
002461.SZ,20260227,9.5,9.48,0.002109704641350074,1974840.12,0,0,0,0
002463.SZ,20260227,83.6,85.36,-0.020618556701030966,232819246.6,0,0,0,0
002465.SZ,20260227,17.66,17.54,0.0068415051311288,208129965.3,0,0,0,0
002466.SZ,20260227,56.6,56.04,0.009992862241256395,84822806.75,0,0,0,0
002472.SZ,20260227,41.42,41.75,-0.007904191616766476,13744305.0,0,0,0,0
002475.SZ,20260227,50.22,51.16,-0.018373729476153233,236796182.44,0,0,0,0
002493.SZ,20260227,15.6,15.27,0.0216110019646365,39264165.1,0,0,0,0
002508.SZ,20260227,20.99,21.1,-0.005213270142180204,2715053.0,0,0,0,0
002517.SZ,20260227,22.68,22.51,0.0075521990226565805,60461325.52,0,0,0,0
002532.SZ,20260227,17.67,17.65,0.0011331444759208331,37292521.0,0,0,0,0
002558.SZ,20260227,37.1,37.54,-0.01172083111347888,82211426.84,0,0,0,0
002568.SZ,20260227,19.37,19.48,-0.0056468172484599455,3372450.0,0,0,0,0
002583.SZ,20260227,11.09,11.02,0.006352087114337657,11042486.28,0,0,0,0
002594.SZ,20260227,89.32,89.85,-0.005898720089037246,155588805.38,0,0,0,0
002595.SZ,20260227,96.5,97.49,-0.01015488768078776,21429077.0,0,0,0,0
002600.SZ,20260227,15.38,15.53,-0.00965872504829357,49816496.0,0,0,0,0
002601.SZ,20260227,23.35,22.62,0.032272325375773736,77604970.0,0,0,0,0
002603.SZ,20260227,17.48,17.48,0.0,6191691.94,0,0,0,0
002607.SZ,20260227,2.99,2.79,0.07168458781362008,73124924.5,0,0,0,0
002608.SZ,20260227,8.24,8.03,0.026151930261519407,5973336.0,0,0,0,0
002624.SZ,20260227,21.59,21.34,0.011715089034676662,45833875.29,0,0,0,0
002625.SZ,20260227,47.91,48.28,-0.007663628831814484,37111227.11,0,0,0,0
002648.SZ,20260227,23.38,23.17,0.009063444108761143,42177035.08,0,0,0,0
002683.SZ,20260227,47.48,47.03,0.00956836062088029,8398888.0,0,0,0,0
002709.SZ,20260227,42.28,42.39,-0.0025949516395376016,83703219.11,0,0,0,0
002714.SZ,20260227,46.9,45.13,0.03922003102149341,94031526.68,0,0,0,0
002738.SZ,20260227,91.0,87.59,0.038931384861285556,285972413.73,0,0,0,0
002739.SZ,20260227,10.94,10.92,0.001831501831501825,23225591.0,0,0,0,0
002756.SZ,20260227,64.9,59.0,0.10000000000000009,4848030.0,1,0,0,0
002773.SZ,20260227,29.24,29.0,0.008275862068965356,2262827.0,0,0,0,0
002821.SZ,20260227,97.5,99.05,-0.015648662291771753,6725693.15,0,0,0,0
002831.SZ,20260227,31.65,31.3,0.011182108626198062,5558515.28,0,0,0,0
002837.SZ,20260227,108.5,113.7,-0.04573438874230429,236081292.66,0,0,0,0
002841.SZ,20260227,38.66,38.73,-0.0018073844564936437,2010563.76,0,0,0,0
002850.SZ,20260227,165.28,167.2,-0.011483253588516651,21184191.6,0,0,0,0
002851.SZ,20260227,124.64,125.56,-0.007327174259318281,212128773.4,0,0,0,0
002916.SZ,20260227,285.46,290.14,-0.01613014406838076,105079205.07,0,0,0,0
002920.SZ,20260227,124.04,125.08,-0.008314678605692238,29308769.4,0,0,0,0
002938.SZ,20260227,58.99,61.97,-0.04808778441181216,53796224.76,0,0,0,0
002984.SZ,20260227,20.67,20.67,0.0,2552677.12,0,0,0,0
003021.SZ,20260227,118.85,120.75,-0.015734989648033215,10968956.0,0,0,0,0
003022.SZ,20260227,21.23,20.74,0.023625843780135103,5367351.0,0,0,0,0
003031.SZ,20260227,80.65,82.54,-0.02289798885388905,16436422.4,0,0,0,0
003035.SZ,20260227,8.22,7.47,0.10040160642570295,9643251.9,1,0,0,1
003816.SZ,20260227,3.95,3.92,0.007653061224489832,278140766.4,0,0,0,0
300001.SZ,20260227,30.19,29.46,0.0247793618465717,31460356.55,0,0,0,0
300002.SZ,20260227,11.64,11.78,-0.011884550084889534,13409310.0,0,0,0,0
300003.SZ,20260227,18.37,18.18,0.010451045104510559,13460710.88,0,0,0,0
300012.SZ,20260227,16.32,15.95,0.02319749216300937,9267888.1,0,0,0,0
300014.SZ,20260227,62.33,62.16,0.002734877734877683,66701473.0,0,0,0,0
300015.SZ,20260227,10.6,10.59,0.0009442870632672129,22533524.8,0,0,0,0
300017.SZ,20260227,20.2,19.75,0.022784810126582178,201924858.6,0,0,0,0
300024.SZ,20260227,17.5,17.56,-0.003416856492027276,16975965.07,0,0,0,0
300033.SZ,20260227,332.36,330.01,0.007120996333444429,69457866.67,0,0,0,0
300037.SZ,20260227,57.11,57.58,-0.008162556443209401,15613089.54,0,0,0,0
300054.SZ,20260227,45.98,47.1,-0.023779193205944904,24615811.28,0,0,0,0
300058.SZ,20260227,18.5,17.97,0.029493600445186452,425299963.08,0,0,0,0
300070.SZ,20260227,4.22,4.19,0.007159904534606021,6639696.0,0,0,0,0
300073.SZ,20260227,57.02,57.29,-0.004712864374236236,17182342.32,0,0,0,0
300100.SZ,20260227,36.44,36.41,0.0008239494644328715,7251366.92,0,0,0,0
300115.SZ,20260227,38.69,39.7,-0.02544080604534016,62014363.0,0,0,0,0
300122.SZ,20260227,17.29,17.23,0.0034822983168891763,16955122.0,0,0,0,0
300124.SZ,20260227,72.92,73.8,-0.0119241192411923,101721183.86,0,0,0,0
300136.SZ,20260227,76.59,75.27,0.017536867277800017,407099371.67,0,0,0,0
300140.SZ,20260227,7.74,7.77,-0.0038610038610037423,5822993.0,0,0,0,0
300142.SZ,20260227,12.36,12.21,0.01228501228501222,9624338.0,0,0,0,0
300144.SZ,20260227,8.31,8.26,0.006053268765133346,8873655.0,0,0,0,0
300146.SZ,20260227,12.06,12.03,0.0024937655860350905,3917695.7,0,0,0,0
300207.SZ,20260227,26.15,25.4,0.029527559055118058,58654879.05,0,0,0,0
300223.SZ,20260227,133.2,138.61,-0.03903037298896206,96443856.16,0,0,0,0
300251.SZ,20260227,19.49,19.86,-0.018630412890231707,157737003.77,0,0,0,0
300274.SZ,20260227,144.5,145.65,-0.007895640233436363,290919410.1,0,0,0,0
300285.SZ,20260227,38.26,36.6,0.04535519125683041,79153111.32,0,0,0,0
300308.SZ,20260227,534.0,572.22,-0.06679249239802876,538600518.78,0,0,0,0
300316.SZ,20260227,55.74,55.73,0.0001794365691729638,85782302.3,0,0,0,0
300339.SZ,20260227,51.74,48.99,0.05613390487854675,62786264.85,0,0,0,0
300346.SZ,20260227,56.91,57.12,-0.003676470588235281,74841763.58,0,0,0,0
300347.SZ,20260227,59.64,60.5,-0.014214876033057822,20598716.39,0,0,0,0
300373.SZ,20260227,87.4,91.61,-0.045955681694138106,32526836.47,0,0,0,0
300383.SZ,20260227,17.45,16.55,0.05438066465256797,51047840.68,0,0,0,0
300390.SZ,20260227,50.37,49.9,0.009418837675350789,31333787.0,0,0,0,0
300394.SZ,20260227,368.7,362.02,0.01845201922545714,481066651.39,0,0,0,0
300395.SZ,20260227,134.32,130.02,0.033071835102291836,137654274.02,0,0,0,0
300408.SZ,20260227,63.1,65.95,-0.04321455648218353,91203164.82,0,0,0,0
300413.SZ,20260227,24.38,24.44,-0.002454991816694063,29473198.82,0,0,0,0
300418.SZ,20260227,61.1,57.06,0.0708026638626007,353591978.61,0,0,0,0
300432.SZ,20260227,17.97,17.81,0.008983717012914116,16408997.46,0,0,0,0
300433.SZ,20260227,35.17,35.53,-0.010132282578102947,69241762.5,0,0,0,0
300442.SZ,20260227,103.39,102.17,0.011940882842321532,403102530.74,0,0,0,0
300450.SZ,20260227,54.8,55.08,-0.005083514887436524,37875701.0,0,0,0,0
300454.SZ,20260227,131.1,125.28,0.04645593869731801,188105460.0,0,0,0,0
300458.SZ,20260227,42.64,42.92,-0.006523765144454852,14293528.46,0,0,0,0
300474.SZ,20260227,72.04,72.12,-0.0011092623405435376,12859034.12,0,0,0,0
300476.SZ,20260227,304.06,315.25,-0.03549563838223635,370640050.82,0,0,0,0
300487.SZ,20260227,74.71,73.99,0.009731044735775018,33154481.89,0,0,0,0
300496.SZ,20260227,73.0,72.53,0.006480077209430668,26018873.0,0,0,0,0
300498.SZ,20260227,15.98,15.63,0.022392834293026187,43975642.0,0,0,0,0
300502.SZ,20260227,359.86,385.9,-0.06747862140450889,297958416.66,0,0,0,0
300529.SZ,20260227,19.85,19.8,0.002525252525252597,2119565.0,0,0,0,0
300558.SZ,20260227,46.0,46.1,-0.002169197396963196,4360843.0,0,0,0,0
300567.SZ,20260227,152.73,155.0,-0.014645161290322672,38733706.03,0,0,0,0
300570.SZ,20260227,135.86,143.7,-0.05455810716771037,79593832.87,0,0,0,0
300601.SZ,20260227,15.05,14.99,0.004002668445630464,4175979.0,0,0,0,0
300604.SZ,20260227,144.5,148.2,-0.02496626180836703,155720253.0,0,0,0,0
300623.SZ,20260227,34.35,35.89,-0.04290888826971295,35258664.85,0,0,0,0
300627.SZ,20260227,37.82,38.08,-0.0068277310924369505,10475696.68,0,0,0,0
300628.SZ,20260227,37.58,37.6,-0.0005319148936171469,24180089.68,0,0,0,0
300661.SZ,20260227,68.78,70.2,-0.020227920227920304,41550552.6,0,0,0,0
300676.SZ,20260227,48.59,48.1,0.010187110187110271,6667965.8,0,0,0,0
300677.SZ,20260227,43.86,41.74,0.05079060852898887,21859996.12,0,0,0,0
300679.SZ,20260227,43.4,43.34,0.0013844023996307797,6512866.52,0,0,0,0
300699.SZ,20260227,40.6,40.17,0.010704505850136936,24506973.0,0,0,0,0
300718.SZ,20260227,80.6,80.38,0.0027369992535455356,9644552.0,0,0,0,0
300724.SZ,20260227,123.72,121.52,0.018104015799868423,59866264.78,0,0,0,0
300735.SZ,20260227,26.46,26.52,-0.002262443438914019,5436407.22,0,0,0,0
300748.SZ,20260227,41.08,39.3,0.045292620865140076,100257350.96,0,0,0,0
300750.SZ,20260227,342.01,346.0,-0.011531791907514521,655043730.89,0,0,0,0
300751.SZ,20260227,291.81,277.85,0.05024293683642256,355155677.8,0,0,0,0
300757.SZ,20260227,413.0,396.68,0.041141474236160214,314042827.1,0,0,0,0
300759.SZ,20260227,29.6,29.54,0.0020311442112390665,23476968.6,0,0,0,0
300760.SZ,20260227,185.92,187.28,-0.0072618539085861356,72609496.84,0,0,0,0
300763.SZ,20260227,84.19,79.43,0.059926979730580365,37899572.89,0,0,0,0
300782.SZ,20260227,80.19,76.73,0.0450931838915678,70103519.85,0,0,0,0
300803.SZ,20260227,116.03,116.24,-0.001806607019958606,65136824.48,0,0,0,0
300832.SZ,20260227,52.33,51.9,0.008285163776493354,18384477.81,0,0,0,0
300857.SZ,20260227,266.79,248.9,0.0718762555243071,179678923.76,0,0,0,0
300866.SZ,20260227,96.77,97.71,-0.009620304984136685,30491802.5,0,0,0,0
300888.SZ,20260227,35.71,35.57,0.003935901040202472,2787116.43,0,0,0,0
300896.SZ,20260227,142.78,143.16,-0.002654372729812726,25826712.2,0,0,0,0
300919.SZ,20260227,57.39,56.34,0.01863684771033003,39022783.0,0,0,0,0
300957.SZ,20260227,47.13,46.72,0.008775684931506822,3916970.41,0,0,0,0
300972.SZ,20260227,206.0,209.09,-0.014778325123152691,4228701.0,0,0,0,0
300979.SZ,20260227,47.65,47.49,0.0033691303432301645,1691033.0,0,0,0,0
300999.SZ,20260227,29.41,29.35,0.002044293015332155,5312525.0,0,0,0,0
301200.SZ,20260227,156.41,165.91,-0.057259960219396056,18227878.58,0,0,0,0
301236.SZ,20260227,49.5,47.3,0.04651162790697683,57348079.0,0,0,0,0
301269.SZ,20260227,100.98,101.33,-0.003454060988848262,20185601.0,0,0,0,0
301301.SZ,20260227,11.35,11.23,0.010685663401602818,12189466.0,0,0,0,0
301308.SZ,20260227,291.7,299.81,-0.027050465294686687,139306028.92,0,0,0,0
301358.SZ,20260227,67.01,67.21,-0.002975747656598582,17155906.0,0,0,0,0
301498.SZ,20260227,61.67,61.44,0.0037434895833334814,2589957.0,0,0,0,0
301536.SZ,20260227,83.73,83.4,0.003956834532374165,23268614.0,0,0,0,0
301611.SZ,20260227,126.52,127.0,-0.0037795275590551958,26328644.0,0,0,0,0
302132.SZ,20260227,79.56,79.94,-0.00475356517388037,18127935.0,0,0,0,0
600000.SH,20260227,9.72,9.73,-0.0010277492291880241,69195632.0,0,0,0,0
600004.SH,20260227,9.4,9.39,0.0010649627263046302,2846845.0,0,0,0,0
600007.SH,20260227,20.4,20.41,-0.0004899559039687196,1526869.0,0,0,0,0
600008.SH,20260227,3.18,3.16,0.006329113924050667,10031032.0,0,0,0,0
600009.SH,20260227,30.51,30.49,0.0006559527714005142,18201336.0,0,0,0,0
600010.SH,20260227,3.24,2.98,0.08724832214765099,197583140.0,0,0,0,0
600011.SH,20260227,7.24,7.09,0.021156558533145242,29803294.0,0,0,0,0
600016.SH,20260227,3.88,3.88,0.0,48705899.0,0,0,0,0
600018.SH,20260227,5.09,5.07,0.0039447731755424265,18530431.0,0,0,0,0
600019.SH,20260227,7.2,7.06,0.019830028328611915,79631221.0,0,0,0,0
600021.SH,20260227,21.85,20.92,0.04445506692160617,78977999.0,0,0,0,0
600023.SH,20260227,5.33,5.19,0.026974951830443183,23445629.0,0,0,0,0
600025.SH,20260227,9.37,9.27,0.010787486515641875,5639396.0,0,0,0,0
600026.SH,20260227,20.58,20.44,0.006849315068492956,94683743.0,0,0,0,0
600027.SH,20260227,5.1,4.98,0.02409638554216853,32812940.0,0,0,0,0
600028.SH,20260227,6.46,6.49,-0.0046224961479198745,65959465.0,0,0,0,0
600029.SH,20260227,7.34,7.59,-0.03293807641633728,28472191.0,0,0,0,0
600030.SH,20260227,27.37,27.38,-0.00036523009495970093,151887558.0,0,0,0,0
600031.SH,20260227,23.15,23.35,-0.008565310492505529,60003063.0,0,0,0,0
600032.SH,20260227,8.3,8.16,0.0171568627450982,3082799.0,0,0,0,0
600036.SH,20260227,38.75,38.7,0.0012919896640826156,256940843.0,0,0,0,0
600038.SH,20260227,38.75,39.02,-0.006919528446950318,8226561.0,0,0,0,0
600039.SH,20260227,9.94,9.82,0.012219959266802416,11510129.0,0,0,0,0
600048.SH,20260227,6.8,6.77,0.004431314623338345,31886374.0,0,0,0,0
600050.SH,20260227,4.92,4.88,0.008196721311475308,74652786.0,0,0,0,0
600060.SH,20260227,22.61,22.46,0.006678539626001623,6902449.0,0,0,0,0
600062.SH,20260227,18.4,18.46,-0.003250270855904791,2930841.0,0,0,0,0
600066.SH,20260227,29.69,29.69,0.0,24359053.0,0,0,0,0
600085.SH,20260227,30.77,30.58,0.006213211249182615,13821385.0,0,0,0,0
600089.SH,20260227,30.34,30.58,-0.007848266841072538,241115101.0,0,0,0,0
600096.SH,20260227,44.37,44.55,-0.004040404040404066,120933575.0,0,0,0,0
600098.SH,20260227,7.38,7.22,0.02216066481994461,4229306.0,0,0,0,0
600104.SH,20260227,14.33,14.3,0.002097902097901949,21712586.0,0,0,0,0
600109.SH,20260227,9.13,9.11,0.002195389681668658,10092674.0,0,0,0,0
600111.SH,20260227,62.4,59.1,0.055837563451776706,399844255.0,0,0,0,0
600115.SH,20260227,5.73,5.85,-0.02051282051282033,35722026.0,0,0,0,0
600118.SH,20260227,91.68,90.02,0.018440346589646772,104888289.0,0,0,0,0
600126.SH,20260227,9.94,9.04,0.0995575221238938,15398293.0,1,0,0,1
600131.SH,20260227,19.8,19.39,0.021144920061887618,8548244.0,0,0,0,0
600132.SH,20260227,55.45,55.0,0.00818181818181829,4077484.0,0,0,0,0
600141.SH,20260227,43.1,42.88,0.005130597014925353,43680067.0,0,0,0,0
600143.SH,20260227,19.34,19.2,0.007291666666666696,47129967.0,0,0,0,0
600150.SH,20260227,37.75,38.11,-0.009446339543426885,134935658.0,0,0,0,0
600153.SH,20260227,9.71,9.6,0.01145833333333357,5389423.0,0,0,0,0
600157.SH,20260227,1.83,1.71,0.07017543859649122,111086537.0,0,0,0,0
600160.SH,20260227,41.6,41.31,0.007020091987412158,35272817.0,0,0,0,0
600161.SH,20260227,16.31,16.57,-0.015691007845504035,151613307.0,0,0,0,0
600166.SH,20260227,3.2,3.21,-0.0031152647975076775,6683045.0,0,0,0,0
600170.SH,20260227,2.99,2.96,0.01013513513513531,36200279.0,0,0,0,0
600171.SH,20260227,31.52,31.69,-0.005364468286525814,16490490.0,0,0,0,0
600176.SH,20260227,27.04,28.5,-0.05122807017543862,104002891.0,0,0,0,0
600177.SH,20260227,7.32,7.26,0.008264462809917328,163894704.0,0,0,0,0
600183.SH,20260227,69.11,73.0,-0.0532876712328767,93296889.0,0,0,0,0
600188.SH,20260227,17.72,16.99,0.042966450853443305,35626656.0,0,0,0,0
600196.SH,20260227,26.48,26.51,-0.0011316484345530453,33907807.0,0,0,0,0
600208.SH,20260227,3.73,3.68,0.013586956521739024,4145115.0,0,0,0,0
600219.SH,20260227,7.08,7.03,0.007112375533428139,87707679.0,0,0,0,0
600233.SH,20260227,19.61,18.5,0.06000000000000005,15318893.0,0,0,0,0
600276.SH,20260227,56.56,56.72,-0.0028208744710859213,255339195.0,0,0,0,0
600282.SH,20260227,5.91,5.8,0.018965517241379404,7997279.0,0,0,0,0
600295.SH,20260227,17.46,16.83,0.03743315508021405,7236773.0,0,0,0,0
600298.SH,20260227,43.99,42.67,0.0309350831966253,10477367.0,0,0,0,0
600299.SH,20260227,11.25,10.91,0.031164069660861493,9783598.0,0,0,0,0
600309.SH,20260227,93.0,90.02,0.03310375472117322,180097231.0,0,0,0,0
600312.SH,20260227,22.81,23.09,-0.01212646167171938,13829062.0,0,0,0,0
600316.SH,20260227,41.36,41.34,0.0004837929366230398,7724655.0,0,0,0,0
600329.SH,20260227,43.01,43.2,-0.0043981481481482065,1979994.0,0,0,0,0
600332.SH,20260227,25.29,25.22,0.0027755749405233843,24260450.0,0,0,0,0
600339.SH,20260227,4.24,4.19,0.01193317422434359,18250105.0,0,0,0,0
600346.SH,20260227,25.7,25.29,0.016211941478845304,44982008.0,0,0,0,0
600348.SH,20260227,10.09,9.69,0.04127966976264186,15593827.0,0,0,0,0
600352.SH,20260227,16.39,16.41,-0.0012187690432662324,36422866.0,0,0,0,0
600362.SH,20260227,58.04,56.9,0.02003514938488582,114393162.0,0,0,0,0
600363.SH,20260227,64.46,64.99,-0.008155100784736136,10327990.0,0,0,0,0
600372.SH,20260227,16.14,16.33,-0.011635027556644029,19080678.0,0,0,0,0
600377.SH,20260227,12.0,11.95,0.004184100418409997,1563501.0,0,0,0,0
600378.SH,20260227,37.73,37.64,0.0023910733262486605,4976205.0,0,0,0,0
600380.SH,20260227,11.46,11.43,0.002624671916010568,2221435.0,0,0,0,0
600390.SH,20260227,5.74,5.63,0.019538188277087087,7687824.0,0,0,0,0
600392.SH,20260227,33.57,31.45,0.06740858505564384,190733885.0,0,0,0,0
600398.SH,20260227,6.48,6.23,0.0401284109149278,18174621.0,0,0,0,0
600406.SH,20260227,27.3,27.44,-0.005102040816326592,96940751.0,0,0,0,0
600415.SH,20260227,14.86,14.7,0.010884353741496655,38345304.0,0,0,0,0
600426.SH,20260227,38.6,36.79,0.04919815167164998,46978209.0,0,0,0,0
600435.SH,20260227,17.15,17.24,-0.0052204176334106345,17573668.0,0,0,0,0
600436.SH,20260227,163.24,163.0,0.0014723926380368901,24945963.0,0,0,0,0
600460.SH,20260227,32.19,32.55,-0.011059907834101379,43143670.0,0,0,0,0
600482.SH,20260227,33.63,34.15,-0.015226939970717335,25561687.0,0,0,0,0
600483.SH,20260227,10.35,10.15,0.019704433497536922,14289784.0,0,0,0,0
600486.SH,20260227,80.5,77.12,0.04382780082987536,17101523.0,0,0,0,0
600487.SH,20260227,47.5,44.33,0.0715091360252651,146810521.0,0,0,0,0
600489.SH,20260227,31.84,31.07,0.024782748632121043,92568599.0,0,0,0,0
600497.SH,20260227,11.03,10.28,0.07295719844357973,64713709.0,0,0,0,0
600498.SH,20260227,51.55,46.86,0.10008536064874085,58734008.0,1,0,0,0
600499.SH,20260227,17.99,18.01,-0.001110494169905829,7486970.0,0,0,0,0
600511.SH,20260227,29.28,29.29,-0.0003414134516899203,1973117.0,0,0,0,0
600515.SH,20260227,4.25,4.26,-0.0023474178403755097,15934328.0,0,0,0,0
600516.SH,20260227,6.31,5.96,0.0587248322147651,18955354.0,0,0,0,0
600517.SH,20260227,7.42,7.17,0.03486750348675027,9827814.0,0,0,0,0
600519.SH,20260227,1455.02,1466.21,-0.007631921757456306,459262842.0,0,0,0,0
600521.SH,20260227,15.99,15.7,0.01847133757961794,4531123.0,0,0,0,0
600522.SH,20260227,29.14,27.59,0.05617977528089879,193195268.0,0,0,0,0
600528.SH,20260227,8.48,8.45,0.0035502958579882726,3852634.0,0,0,0,0
600535.SH,20260227,14.49,14.64,-0.010245901639344246,2109594.0,0,0,0,0
600536.SH,20260227,44.61,43.87,0.01686801914748126,26527023.0,0,0,0,0
600546.SH,20260227,11.79,11.47,0.027898866608543793,13993240.0,0,0,0,0
600547.SH,20260227,47.31,46.6,0.015236051502145909,113613503.0,0,0,0,0
600549.SH,20260227,70.15,63.77,0.1000470440646073,27438120.0,1,0,0,1
600562.SH,20260227,29.23,29.72,-0.016487213997308126,8969815.0,0,0,0,0
600563.SH,20260227,116.49,118.2,-0.014467005076142181,10648922.0,0,0,0,0
600566.SH,20260227,27.79,27.56,0.00834542815674899,1603828.0,0,0,0,0
600570.SH,20260227,30.02,29.85,0.005695142378559392,32417908.0,0,0,0,0
600578.SH,20260227,5.51,5.31,0.03766478342749524,4821918.0,0,0,0,0
600580.SH,20260227,44.88,44.75,0.0029050279329609907,79824071.0,0,0,0,0
600582.SH,20260227,6.12,6.11,0.0016366612111291534,6736020.0,0,0,0,0
600583.SH,20260227,7.21,7.22,-0.0013850415512465242,16311968.0,0,0,0,0
600584.SH,20260227,48.16,48.72,-0.011494252873563315,108974117.0,0,0,0,0
600585.SH,20260227,25.56,25.61,-0.001952362358453752,48421026.0,0,0,0,0
600588.SH,20260227,14.22,13.95,0.01935483870967758,52145444.0,0,0,0,0
600598.SH,20260227,16.08,15.84,0.015151515151515138,11376007.0,0,0,0,0
600600.SH,20260227,62.47,62.52,-0.0007997440818938717,16224205.0,0,0,0,0
600601.SH,20260227,11.35,11.93,-0.04861693210393969,194751497.0,0,0,0,0
600602.SH,20260227,22.07,20.88,0.05699233716475094,53237399.0,0,0,0,0
600606.SH,20260227,1.7,1.68,0.011904761904761862,9118804.0,0,0,0,0
600637.SH,20260227,11.49,11.33,0.014121800529567574,16745798.0,0,0,0,0
600642.SH,20260227,8.56,8.43,0.01542111506524324,8622046.0,0,0,0,0
600655.SH,20260227,5.13,5.1,0.00588235294117645,2241177.0,0,0,0,0
600660.SH,20260227,60.4,61.53,-0.018365025190963835,81705705.0,0,0,0,0
600663.SH,20260227,8.37,8.37,0.0,3332019.0,0,0,0,0
600674.SH,20260227,14.44,14.16,0.0197740112994349,48674278.0,0,0,0,0
600685.SH,20260227,37.41,37.46,-0.0013347570742126003,25045457.0,0,0,0,0
600688.SH,20260227,3.17,3.16,0.0031645569620253333,4024364.0,0,0,0,0
600690.SH,20260227,25.7,25.96,-0.01001540832049308,95465963.0,0,0,0,0
600699.SH,20260227,27.99,27.96,0.001072961373390413,17082226.0,0,0,0,0
600703.SH,20260227,16.7,16.18,0.03213844252163156,89535406.0,0,0,0,0
600704.SH,20260227,5.85,5.71,0.024518388791593626,25400719.0,0,0,0,0
600707.SH,20260227,6.96,6.82,0.02052785923753664,6168722.0,0,0,0,0
600720.SH,20260227,7.36,7.33,0.004092769440654953,2135258.0,0,0,0,0
600737.SH,20260227,15.72,15.72,0.0,5543355.0,0,0,0,0
600739.SH,20260227,12.17,12.09,0.006617038875103454,4271183.0,0,0,0,0
600741.SH,20260227,19.33,19.53,-0.010240655401945853,12587811.0,0,0,0,0
600754.SH,20260227,28.28,26.7,0.05917602996254678,12180452.0,0,0,0,0
600760.SH,20260227,55.34,55.83,-0.008776643381694371,23200299.0,0,0,0,0
600763.SH,20260227,50.57,50.83,-0.005115089514066473,6833027.0,0,0,0,0
600764.SH,20260227,29.27,29.06,0.007226428079834868,7046563.0,0,0,0,0
600765.SH,20260227,21.53,21.62,-0.004162812210915856,15635670.0,0,0,0,0
600795.SH,20260227,4.91,4.82,0.018672199170124415,49014173.0,0,0,0,0
600801.SH,20260227,23.3,23.6,-0.012711864406779738,3263657.0,0,0,0,0
600803.SH,20260227,20.39,19.79,0.030318342597271508,15533387.0,0,0,0,0
600808.SH,20260227,4.16,3.99,0.04260651629072676,5557837.0,0,0,0,0
600809.SH,20260227,161.15,161.38,-0.001425207584582866,35178576.0,0,0,0,0
600816.SH,20260227,2.91,2.85,0.021052631578947434,7218804.0,0,0,0,0
600820.SH,20260227,6.63,6.63,0.0,4822494.0,0,0,0,0
600845.SH,20260227,24.18,24.18,0.0,19635503.0,0,0,0,0
600848.SH,20260227,11.32,11.36,-0.0035211267605632646,5062301.0,0,0,0,0
600862.SH,20260227,27.09,26.97,0.004449388209121219,15363797.0,0,0,0,0
600863.SH,20260227,5.09,4.97,0.024144869215291687,9226844.0,0,0,0,0
600871.SH,20260227,3.21,3.2,0.0031249999999998224,27860275.0,0,0,0,0
600873.SH,20260227,11.46,11.42,0.003502626970227851,4977730.0,0,0,0,0
600875.SH,20260227,37.07,37.35,-0.007496653279785881,212638331.0,0,0,0,0
600879.SH,20260227,25.8,25.94,-0.005397070161912154,125080448.0,0,0,0,0
600884.SH,20260227,15.09,15.0,0.006000000000000005,54758627.0,0,0,0,0
600885.SH,20260227,31.2,31.25,-0.0016000000000000458,10742286.0,0,0,0,0
600886.SH,20260227,13.25,13.09,0.012223071046600475,38471018.0,0,0,0,0
600887.SH,20260227,26.08,26.12,-0.0015313935681471325,118467289.0,0,0,0,0
600893.SH,20260227,57.14,59.68,-0.042560321715817695,76050311.0,0,0,0,0
600900.SH,20260227,26.04,26.04,0.0,175570215.0,0,0,0,0
600901.SH,20260227,6.44,6.31,0.020602218700475516,4472148.0,0,0,0,0
600905.SH,20260227,4.16,4.1,0.014634146341463428,78022136.0,0,0,0,0
600927.SH,20260227,15.62,15.04,0.03856382978723394,4129422.0,0,0,0,0
600930.SH,20260227,6.02,5.93,0.015177065767284947,19296511.0,0,0,0,0
600938.SH,20260227,35.87,35.47,0.01127713560755561,30096893.0,0,0,0,0
600941.SH,20260227,94.31,93.97,0.0036181760136213548,13532503.0,0,0,0,0
600959.SH,20260227,4.18,4.16,0.004807692307692291,6278094.0,0,0,0,0
600967.SH,20260227,17.35,17.38,-0.0017261219792863436,10261294.0,0,0,0,0
600968.SH,20260227,4.58,4.55,0.00659340659340657,6383831.0,0,0,0,0
600970.SH,20260227,11.08,11.1,-0.0018018018018017834,4927941.0,0,0,0,0
600977.SH,20260227,14.86,14.87,-0.0006724949562878502,20095606.0,0,0,0,0
600985.SH,20260227,13.51,13.41,0.007457121551081247,185984891.0,0,0,0,0
600988.SH,20260227,39.92,38.77,0.029662109878772158,84157618.0,0,0,0,0
600989.SH,20260227,23.93,23.55,0.016135881104033967,68123816.0,0,0,0,0
600995.SH,20260227,14.93,14.35,0.04041811846689902,9761195.0,0,0,0,0
600998.SH,20260227,5.29,5.26,0.005703422053231932,4812074.0,0,0,0,0
601000.SH,20260227,4.33,4.23,0.02364066193853409,2025376.0,0,0,0,0
601001.SH,20260227,16.95,16.46,0.029769137302551485,5611736.0,0,0,0,0
601006.SH,20260227,5.1,5.07,0.005917159763313418,58470567.0,0,0,0,0
601012.SH,20260227,18.32,18.27,0.002736726874657869,103179294.0,0,0,0,0
601016.SH,20260227,3.31,3.22,0.02795031055900621,14217460.0,0,0,0,0
601018.SH,20260227,4.27,4.13,0.03389830508474567,4628452.0,0,0,0,0
601019.SH,20260227,9.22,9.16,0.0065502183406114245,1690045.0,0,0,0,0
601021.SH,20260227,55.0,55.55,-0.009900990099009799,27518366.0,0,0,0,0
601058.SH,20260227,15.72,15.75,-0.0019047619047618536,15583181.0,0,0,0,0
601061.SH,20260227,15.91,15.18,0.04808959156785253,9021395.0,0,0,0,0
601088.SH,20260227,42.26,41.83,0.01027970356203678,51181882.0,0,0,0,0
601098.SH,20260227,11.11,11.01,0.009082652134423164,1470321.0,0,0,0,0
601100.SH,20260227,112.83,114.59,-0.015359106379265297,52743176.0,0,0,0,0
601106.SH,20260227,5.15,5.12,0.005859375,13136943.0,0,0,0,0
601111.SH,20260227,8.41,8.57,-0.018669778296382722,43190140.0,0,0,0,0
601117.SH,20260227,9.34,8.92,0.047085201793722,45150277.0,0,0,0,0
601118.SH,20260227,7.68,7.53,0.019920318725099584,13384978.0,0,0,0,0
601127.SH,20260227,107.32,106.08,0.011689291101055765,104163074.0,0,0,0,0
601138.SH,20260227,55.7,57.95,-0.03882657463330452,302476433.0,0,0,0,0
601139.SH,20260227,6.96,6.89,0.010159651669085612,2978207.0,0,0,0,0
601155.SH,20260227,16.67,16.7,-0.001796407185628568,4167242.0,0,0,0,0
601156.SH,20260227,19.03,18.55,0.02587601078167112,2860550.0,0,0,0,0
601168.SH,20260227,34.65,33.75,0.026666666666666616,87092097.0,0,0,0,0
601179.SH,20260227,16.08,16.07,0.000622277535780924,150393224.0,0,0,0,0
601186.SH,20260227,7.36,7.36,0.0,20352201.0,0,0,0,0
601212.SH,20260227,10.7,10.47,0.021967526265520343,387050430.0,0,0,0,0
601216.SH,20260227,6.01,5.93,0.013490725126475533,29094985.0,0,0,0,0
601225.SH,20260227,23.7,23.22,0.02067183462532296,43962775.0,0,0,0,0
601228.SH,20260227,3.59,3.51,0.02279202279202286,4432466.0,0,0,0,0
601231.SH,20260227,47.63,43.31,0.0997460170861233,266381881.0,1,0,0,0
601233.SH,20260227,24.29,24.05,0.00997920997920998,10438458.0,0,0,0,0
601238.SH,20260227,8.05,8.0,0.006250000000000089,9527822.0,0,0,0,0
601298.SH,20260227,9.31,9.21,0.010857763300760048,4178607.0,0,0,0,0
601333.SH,20260227,3.1,3.09,0.003236245954692629,3172177.0,0,0,0,0
601360.SH,20260227,12.4,12.33,0.005677210056772131,63321846.0,0,0,0,0
601390.SH,20260227,6.3,6.15,0.024390243902439046,100366120.0,0,0,0,0
601398.SH,20260227,6.92,6.96,-0.005747126436781658,150002757.0,0,0,0,0
601399.SH,20260227,5.27,5.29,-0.003780718336483968,10465920.0,0,0,0,0
601567.SH,20260227,26.33,26.53,-0.007538635506973312,24993625.0,0,0,0,0
601598.SH,20260227,5.96,5.89,0.011884550084889645,4632301.0,0,0,0,0
601600.SH,20260227,13.72,13.46,0.019316493313521477,154876114.0,0,0,0,0
601601.SH,20260227,40.81,40.96,-0.003662109375,90492344.0,0,0,0,0
601607.SH,20260227,17.2,17.22,-0.0011614401858304202,19817104.0,0,0,0,0
601608.SH,20260227,7.92,7.98,-0.007518796992481258,11456144.0,0,0,0,0
601611.SH,20260227,16.38,16.18,0.012360939431396822,27988100.0,0,0,0,0
601615.SH,20260227,22.92,22.95,-0.0013071895424835445,41769707.0,0,0,0,0
601618.SH,20260227,3.21,3.16,0.015822784810126445,30827768.0,0,0,0,0
601633.SH,20260227,20.5,20.8,-0.014423076923076983,204345988.0,0,0,0,0
601666.SH,20260227,8.92,8.73,0.021764032073310347,6534463.0,0,0,0,0
601668.SH,20260227,5.04,5.03,0.001988071570576455,121956383.0,0,0,0,0
601669.SH,20260227,5.73,5.68,0.008802816901408494,67922351.0,0,0,0,0
601689.SH,20260227,67.82,69.27,-0.020932582647610887,74114943.0,0,0,0,0
601698.SH,20260227,37.32,37.17,0.004035512510088823,50287054.0,0,0,0,0
601699.SH,20260227,14.89,14.16,0.0515536723163843,20477413.0,0,0,0,0
601717.SH,20260227,25.06,24.7,0.014574898785425061,12795264.0,0,0,0,0
601728.SH,20260227,5.79,5.68,0.019366197183098732,24368273.0,0,0,0,0
601766.SH,20260227,6.29,6.35,-0.009448818897637712,55215346.0,0,0,0,0
601799.SH,20260227,152.61,152.15,0.003023332237923171,26267341.0,0,0,0,0
601800.SH,20260227,8.14,8.13,0.0012300123001229846,6118654.0,0,0,0,0
601808.SH,20260227,16.87,16.88,-0.0005924170616112834,18654645.0,0,0,0,0
601816.SH,20260227,4.95,4.87,0.01642710472279263,59945286.0,0,0,0,0
601857.SH,20260227,10.86,10.89,-0.0027548209366392573,161706621.0,0,0,0,0
601865.SH,20260227,17.08,16.75,0.019701492537313348,248919001.0,0,0,0,0
601866.SH,20260227,2.91,2.89,0.006920415224913601,21122378.0,0,0,0,0
601868.SH,20260227,2.54,2.5,0.016000000000000014,77543162.0,0,0,0,0
601872.SH,20260227,16.24,15.6,0.04102564102564088,99130652.0,0,0,0,0
601877.SH,20260227,33.04,32.57,0.014430457476205083,50256969.0,0,0,0,0
601880.SH,20260227,1.73,1.69,0.02366863905325456,3992685.0,0,0,0,0
601888.SH,20260227,80.58,80.1,0.005992509363295984,91237900.0,0,0,0,0
601898.SH,20260227,15.17,14.58,0.040466392318244226,6860795.0,0,0,0,0
601899.SH,20260227,39.55,39.37,0.00457200914401823,418828448.0,0,0,0,0
601918.SH,20260227,7.74,7.53,0.027888446215139417,13000627.0,0,0,0,0
601919.SH,20260227,15.01,15.07,-0.003981420039814276,72022161.0,0,0,0,0
601921.SH,20260227,8.11,8.1,0.0012345679012344402,2464828.0,0,0,0,0
601928.SH,20260227,10.03,10.03,0.0,1644774.0,0,0,0,0
601958.SH,20260227,24.53,22.3,0.10000000000000009,9052404.0,1,0,0,1
601965.SH,20260227,20.0,19.86,0.007049345417925457,2394055.0,0,0,0,0
601966.SH,20260227,15.3,15.25,0.003278688524590123,5282219.0,0,0,0,0
601985.SH,20260227,8.52,8.53,-0.0011723329425556983,57304994.0,0,0,0,0
601988.SH,20260227,5.28,5.27,0.00189753320683117,59234435.0,0,0,0,0
601991.SH,20260227,3.99,3.89,0.02570694087403602,21756482.0,0,0,0,0
603000.SH,20260227,23.34,22.84,0.02189141856392296,37780766.0,0,0,0,0
603019.SH,20260227,92.18,92.03,0.0016299032924047552,64512071.0,0,0,0,0
603049.SH,20260227,54.96,55.46,-0.009015506671474882,1752629.0,0,0,0,0
603077.SH,20260227,2.93,2.9,0.010344827586207028,62063035.0,0,0,0,0
603087.SH,20260227,65.97,65.8,0.0025835866261398888,4104351.0,0,0,0,0
603129.SH,20260227,247.26,248.56,-0.005230125523012608,12300464.0,0,0,0,0
603156.SH,20260227,30.33,30.23,0.003307972213033361,7089155.0,0,0,0,0
603160.SH,20260227,78.29,78.88,-0.00747971602434061,24509579.0,0,0,0,0
603179.SH,20260227,84.56,84.93,-0.004356528906158119,9458984.0,0,0,0,0
603195.SH,20260227,43.55,44.09,-0.012247675209798303,15022319.0,0,0,0,0
603225.SH,20260227,21.23,21.27,-0.0018805829807240215,6166946.0,0,0,0,0
603228.SH,20260227,66.5,69.22,-0.03929500144466913,58061477.0,0,0,0,0
603233.SH,20260227,19.58,19.6,-0.0010204081632654294,1750973.0,0,0,0,0
603259.SH,20260227,98.01,98.01,0.0,240766157.0,0,0,0,0
603260.SH,20260227,51.3,51.2,0.001953124999999778,18653145.0,0,0,0,0
603288.SH,20260227,35.96,35.84,0.0033482142857141906,39638191.0,0,0,0,0
603290.SH,20260227,108.82,109.93,-0.010097334667515834,7634399.0,0,0,0,0
603296.SH,20260227,92.17,92.2,-0.00032537960954448497,41389007.0,0,0,0,0
603298.SH,20260227,29.68,30.87,-0.038548752834467126,5106639.0,0,0,0,0
603338.SH,20260227,59.28,60.89,-0.026441123337165418,7110135.0,0,0,0,0
603341.SH,20260227,47.0,46.77,0.004917682274962587,10006999.0,0,0,0,0
603345.SH,20260227,95.91,92.5,0.036864864864864844,7088895.0,0,0,0,0
603369.SH,20260227,31.25,31.47,-0.006990784874483569,15581748.0,0,0,0,0
603379.SH,20260227,73.17,72.43,0.01021676101063096,8343701.0,0,0,0,0
603392.SH,20260227,40.99,40.43,0.013851100667821026,15417841.0,0,0,0,0
603444.SH,20260227,419.57,420.37,-0.001903085377167768,11027773.0,0,0,0,0
603486.SH,20260227,69.33,71.07,-0.02448290417897836,21823745.0,0,0,0,0
603501.SH,20260227,123.0,122.6,0.0032626427406199365,76383756.0,0,0,0,0
603529.SH,20260227,29.3,29.08,0.007565337001375516,2496542.0,0,0,0,0
603565.SH,20260227,10.86,10.83,0.0027700831024930483,4854108.0,0,0,0,0
603568.SH,20260227,28.16,27.97,0.006792992491955641,12521084.0,0,0,0,0
603589.SH,20260227,28.13,28.05,0.002852049910873289,4761076.0,0,0,0,0
603596.SH,20260227,55.18,53.5,0.03140186915887844,28827802.0,0,0,0,0
603605.SH,20260227,70.95,70.75,0.002826855123674976,4731493.0,0,0,0,0
603606.SH,20260227,59.2,60.3,-0.018242122719734577,18079876.0,0,0,0,0
603650.SH,20260227,60.22,61.93,-0.02761181979654448,25296274.0,0,0,0,0
603658.SH,20260227,36.31,36.18,0.0035931453841901995,1412529.0,0,0,0,0
603659.SH,20260227,28.42,28.6,-0.0062937062937062915,37832962.0,0,0,0,0
603688.SH,20260227,49.05,49.93,-0.017624674544362118,20618655.0,0,0,0,0
603699.SH,20260227,56.0,56.01,-0.0001785395465094819,5062246.0,0,0,0,0
603707.SH,20260227,9.9,9.93,-0.0030211480362537513,4273662.0,0,0,0,0
603728.SH,20260227,69.13,69.3,-0.0024531024531024848,11429593.0,0,0,0,0
603737.SH,20260227,52.32,52.64,-0.006079027355623157,4971894.0,0,0,0,0
603766.SH,20260227,15.75,15.49,0.016785022595222632,4262884.0,0,0,0,0
603786.SH,20260227,67.18,66.82,0.00538760850044917,1343761.0,0,0,0,0
603799.SH,20260227,78.62,76.88,0.022632674297606847,140451387.0,0,0,0,0
603806.SH,20260227,18.1,17.76,0.019144144144144226,43048622.0,0,0,0,0
603816.SH,20260227,35.76,36.12,-0.009966777408637828,4968684.0,0,0,0,0
603833.SH,20260227,57.11,57.24,-0.002271139063591887,1698824.0,0,0,0,0
603858.SH,20260227,17.08,16.99,0.005297233666862855,1322336.0,0,0,0,0
603885.SH,20260227,13.98,14.07,-0.006396588486140664,3700853.0,0,0,0,0
603893.SH,20260227,179.97,182.68,-0.014834683599737275,37483495.0,0,0,0,0
603899.SH,20260227,27.26,26.94,0.01187824795842607,10830966.0,0,0,0,0
603920.SH,20260227,67.54,66.2,0.020241691842900256,43187387.0,0,0,0,0
603927.SH,20260227,19.37,19.19,0.009379885356956663,4293914.0,0,0,0,0
603939.SH,20260227,24.3,24.24,0.0024752475247524774,3402549.0,0,0,0,0
603979.SH,20260227,77.46,76.97,0.0063661166688320225,13516430.0,0,0,0,0
603986.SH,20260227,300.0,309.4,-0.030381383322559685,200227340.0,0,0,0,0
603993.SH,20260227,23.99,23.03,0.041684759009986916,412596046.0,0,0,0,0
605117.SH,20260227,104.5,98.33,0.06274788975897483,50104532.0,0,0,0,0
605358.SH,20260227,41.81,42.29,-0.011350200993142545,16801259.0,0,0,0,0
605499.SH,20260227,241.56,253.76,-0.04807692307692302,65425802.0,0,0,0,0
605589.SH,20260227,33.63,34.73,-0.03167290526921951,11366116.0,0,0,0,0
688002.SH,20260227,116.81,117.78,-0.008235693666157284,11245112.0,0,0,0,0
688008.SH,20260227,163.55,165.12,-0.009508236434108475,115869838.0,0,0,0,0
688009.SH,20260227,5.72,5.74,-0.0034843205574913716,12409441.0,0,0,0,0
688012.SH,20260227,352.66,367.3,-0.03985842635447856,125878922.0,0,0,0,0
688017.SH,20260227,232.37,237.03,-0.01965995865502257,39269083.0,0,0,0,0
688018.SH,20260227,168.9,170.4,-0.008802816901408494,7614104.0,0,0,0,0
688019.SH,20260227,268.47,282.8,-0.05067185289957565,171901744.0,0,0,0,0
688027.SH,20260227,678.11,664.81,0.020005715918834044,321063103.0,0,0,0,0
688036.SH,20260227,57.81,57.72,0.0015592515592515177,41494703.0,0,0,0,0
688037.SH,20260227,217.77,219.38,-0.007338864071474105,14301159.0,0,0,0,0
688041.SH,20260227,261.1,252.7,0.033240997229917024,220973011.0,0,0,0,0
688047.SH,20260227,158.73,157.35,0.008770257387988423,27780211.0,0,0,0,0
688052.SH,20260227,170.0,175.01,-0.028626935603679793,10931142.0,0,0,0,0
688065.SH,20260227,54.68,54.38,0.005516734093416575,4456115.0,0,0,0,0
688082.SH,20260227,172.24,187.45,-0.08114163777007188,43843928.0,0,0,0,0
688099.SH,20260227,95.0,97.17,-0.022331995471853494,30790966.0,0,0,0,0
688100.SH,20260227,43.59,44.54,-0.02132914234396044,3817520.0,0,0,0,0
688111.SH,20260227,301.16,301.0,0.0005315614617940057,107014671.0,0,0,0,0
688114.SH,20260227,63.7,64.3,-0.009331259720062102,3973535.0,0,0,0,0
688120.SH,20260227,193.82,196.64,-0.014340927583401109,29976438.0,0,0,0,0
688122.SH,20260227,90.26,86.88,0.038904235727440284,69058511.0,0,0,0,0
688126.SH,20260227,21.72,21.93,-0.009575923392612928,43111100.0,0,0,0,0
688166.SH,20260227,45.81,43.88,0.04398359161349141,6625128.0,0,0,0,0
688169.SH,20260227,143.09,145.3,-0.015209910529938142,26143937.0,0,0,0,0
688172.SH,20260227,43.65,44.51,-0.019321500786340096,12054590.0,0,0,0,0
688180.SH,20260227,34.0,33.94,0.001767825574543469,6458072.0,0,0,0,0
688183.SH,20260227,86.23,90.8,-0.05033039647577087,36807500.0,0,0,0,0
688187.SH,20260227,59.4,60.06,-0.010989010989011061,18787639.0,0,0,0,0
688188.SH,20260227,151.66,153.5,-0.011986970684039089,17216040.0,0,0,0,0
688192.SH,20260227,50.9,50.31,0.011727290797058254,2184299.0,0,0,0,0
688213.SH,20260227,97.41,96.36,0.010896637608966309,14868826.0,0,0,0,0
688220.SH,20260227,97.75,90.5,0.08011049723756902,23306630.0,0,0,0,0
688223.SH,20260227,7.54,7.41,0.01754385964912286,56889590.0,0,0,0,0
688234.SH,20260227,93.3,96.45,-0.0326594090202178,11306736.0,0,0,0,0
688235.SH,20260227,257.7,263.44,-0.021788642575159445,10440805.0,0,0,0,0
688248.SH,20260227,52.8,52.88,-0.001512859304084846,9870834.0,0,0,0,0
688256.SH,20260227,1178.0,1168.8,0.007871321013004806,321347652.0,0,0,0,0
688266.SH,20260227,82.12,83.5,-0.01652694610778438,3268380.0,0,0,0,0
688271.SH,20260227,130.7,131.0,-0.0022900763358779663,42534601.0,0,0,0,0
688278.SH,20260227,75.13,75.65,-0.006873760740251256,1666821.0,0,0,0,0
688281.SH,20260227,100.9,101.42,-0.005127193847367373,2789112.0,0,0,0,0
688295.SH,20260227,32.13,31.87,0.008158142453718265,1789842.0,0,0,0,0
688297.SH,20260227,49.87,50.05,-0.0035964035964035634,7215728.0,0,0,0,0
688301.SH,20260227,121.32,120.89,0.0035569526015384323,5451433.0,0,0,0,0
688303.SH,20260227,23.9,23.83,0.002937473772555599,16496953.0,0,0,0,0
688318.SH,20260227,127.64,126.35,0.010209734863474429,12326363.0,0,0,0,0
688322.SH,20260227,91.07,91.55,-0.005243036592026296,11306834.0,0,0,0,0
688336.SH,20260227,59.38,61.86,-0.040090526996443554,6030303.0,0,0,0,0
688347.SH,20260227,126.78,128.73,-0.015147984152877991,64991711.0,0,0,0,0
688349.SH,20260227,26.62,26.78,-0.005974607916355512,2331891.0,0,0,0,0
688361.SH,20260227,197.0,205.0,-0.039024390243902474,319520810.0,0,0,0,0
688363.SH,20260227,47.36,47.29,0.0014802283780925851,5023480.0,0,0,0,0
688375.SH,20260227,122.97,120.85,0.017542407943731853,179360489.0,0,0,0,0
688385.SH,20260227,85.69,84.0,0.020119047619047592,17615763.0,0,0,0,0
688387.SH,20260227,17.38,16.27,0.06822372464658888,260644253.0,0,0,0,0
688396.SH,20260227,57.1,59.5,-0.04033613445378148,51045492.0,0,0,0,0
688425.SH,20260227,5.42,5.41,0.001848428835489857,2734209.0,0,0,0,0
688469.SH,20260227,7.78,7.83,-0.0063856960408684715,55679594.0,0,0,0,0
688472.SH,20260227,14.53,14.45,0.005536332179930881,27286897.0,0,0,0,0
688475.SH,20260227,29.57,29.68,-0.0037061994609164373,2738408.0,0,0,0,0
688506.SH,20260227,264.6,276.15,-0.04182509505703402,194700928.0,0,0,0,0
688520.SH,20260227,39.41,39.1,0.007928388746802906,1139858.0,0,0,0,0
688525.SH,20260227,165.8,167.02,-0.007304514429409603,362205698.0,0,0,0,0
688538.SH,20260227,2.61,2.58,0.011627906976744207,22737066.0,0,0,0,0
688561.SH,20260227,35.75,35.09,0.01880877742946696,8588948.0,0,0,0,0
688563.SH,20260227,73.46,75.87,-0.03176486094635578,8649332.0,0,0,0,0
688568.SH,20260227,67.77,67.33,0.00653497697905836,222536788.0,0,0,0,0
688578.SH,20260227,92.71,92.73,-0.00021567993098248195,21823131.0,0,0,0,0
688582.SH,20260227,66.54,67.01,-0.007013878525593209,6311595.0,0,0,0,0
688599.SH,20260227,19.09,19.28,-0.009854771784232441,55082007.0,0,0,0,0
688608.SH,20260227,206.85,208.68,-0.008769407705577992,22551233.0,0,0,0,0
688615.SH,20260227,225.47,225.1,0.0016437139049312322,10159870.0,0,0,0,0
688617.SH,20260227,246.24,227.5,0.08237362637362633,24809888.0,0,0,0,0
688629.SH,20260227,128.0,125.61,0.019027147520101817,87400715.0,0,0,0,0
688676.SH,20260227,100.65,103.88,-0.03109356950327291,30474341.0,0,0,0,0
688692.SH,20260227,256.66,251.56,0.02027349340117679,5703718.0,0,0,0,0
688702.SH,20260227,197.05,180.2,0.09350721420643748,51612679.0,0,0,0,0
688709.SH,20260227,47.58,47.7,-0.002515723270440362,6281726.0,0,0,0,0
688728.SH,20260227,16.88,16.91,-0.0017740981667653255,10848517.0,0,0,0,0
688772.SH,20260227,18.71,18.82,-0.0058448459086077875,5851551.0,0,0,0,0
688777.SH,20260227,80.2,79.13,0.013522052318968969,73157781.0,0,0,0,0
688778.SH,20260227,83.38,86.6,-0.037182448036951476,13569095.0,0,0,0,0
688819.SH,20260227,33.61,34.07,-0.01350161432345176,2782051.0,0,0,0,0
688981.SH,20260227,115.0,116.65,-0.014144877839691428,77902945.0,0,0,0,0
689009.SH,20260227,50.9,50.99,-0.0017650519709747625,4692855.0,0,0,0,0
