ts_code,trade_date,fd_share,fund_type,market
512880.SH,20260227,4903829.15,,SH
512880.SH,20260226,4915429.15,,SH
512880.SH,20260225,4842929.15,,SH
512880.SH,20260224,4835729.15,,SH
512880.SH,20260213,4808229.15,,SH
512880.SH,20260212,4798229.15,,SH
512880.SH,20260211,4773129.15,,SH
512880.SH,20260210,4773329.15,,SH
512880.SH,20260209,4778329.15,,SH
512880.SH,20260206,4790729.15,,SH
512880.SH,20260205,4784329.15,,SH
512880.SH,20260204,4791629.15,,SH
512880.SH,20260203,4836729.15,,SH
512880.SH,20260202,4741429.15,,SH
512880.SH,20260130,4686429.15,,SH
512880.SH,20260129,4645929.15,,SH
512880.SH,20260128,4650929.15,,SH
512880.SH,20260127,4658529.15,,SH
512880.SH,20260126,4601529.15,,SH
512880.SH,20260123,4716129.15,,SH
512880.SH,20260122,4715429.15,,SH
512880.SH,20260121,4737929.15,,SH
512880.SH,20260120,4739329.15,,SH
512880.SH,20260119,4790629.15,,SH
512880.SH,20260116,4772529.15,,SH
512880.SH,20260115,4723229.15,,SH
512880.SH,20260114,4660229.15,,SH
512880.SH,20260113,4688829.15,,SH
512880.SH,20260112,4718729.15,,SH
512880.SH,20260109,4749529.15,,SH
512880.SH,20260108,4707829.15,,SH
512880.SH,20260107,4616729.15,,SH
512880.SH,20260106,4564629.15,,SH
512880.SH,20260105,4703729.15,,SH
512880.SH,20251231,4703529.15,,SH
512880.SH,20251230,4717729.15,,SH
512880.SH,20251229,4696929.15,,SH
512880.SH,20251226,4693429.15,,SH
512880.SH,20251225,4721829.15,,SH
512880.SH,20251224,4699329.15,,SH
512880.SH,20251223,4712829.15,,SH
512880.SH,20251222,4707429.15,,SH
512880.SH,20251219,4692829.15,,SH
512880.SH,20251218,4693229.15,,SH
512880.SH,20251217,4694629.15,,SH
512880.SH,20251216,4733429.15,,SH
512880.SH,20251215,4710529.15,,SH
512880.SH,20251212,4761829.15,,SH
512880.SH,20251211,4759629.15,,SH
512880.SH,20251210,4748229.15,,SH
512880.SH,20251209,4741429.15,,SH
512880.SH,20251208,4735729.15,,SH
512880.SH,20251205,4949529.15,,SH
512880.SH,20251204,5004129.15,,SH
512880.SH,20251203,5016429.15,,SH
512880.SH,20251202,5000829.15,,SH
512880.SH,20251201,4990329.15,,SH
512880.SH,20251128,5040429.15,,SH
512880.SH,20251127,5096029.15,,SH
512880.SH,20251126,5118329.15,,SH
512880.SH,20251125,5110029.15,,SH
512880.SH,20251124,5122629.15,,SH
512880.SH,20251121,5123329.15,,SH
512880.SH,20251120,5023729.15,,SH
512880.SH,20251119,5064729.15,,SH
512880.SH,20251118,5085229.15,,SH
512880.SH,20251117,5111529.15,,SH
512880.SH,20251114,5088129.15,,SH
512880.SH,20251113,5082729.15,,SH
512880.SH,20251112,5088329.15,,SH
512880.SH,20251111,5041729.15,,SH
512880.SH,20251110,4996629.15,,SH
512880.SH,20251107,5128029.15,,SH
512880.SH,20251106,5095929.15,,SH
512880.SH,20251105,5142929.15,,SH
512880.SH,20251104,5080229.15,,SH
512880.SH,20251103,4979929.15,,SH
512880.SH,20251031,4891629.15,,SH
512880.SH,20251030,4784329.15,,SH
512880.SH,20251029,4674429.15,,SH
512880.SH,20251028,4756229.15,,SH
512880.SH,20251027,4742929.15,,SH
512880.SH,20251024,4741029.15,,SH
512880.SH,20251023,4747629.15,,SH
512880.SH,20251022,4773329.15,,SH
512880.SH,20251021,4746529.15,,SH
512880.SH,20251020,4765629.15,,SH
512880.SH,20251017,4744529.15,,SH
512880.SH,20251016,4683529.15,,SH
512880.SH,20251015,4644229.15,,SH
512880.SH,20251014,4603129.15,,SH
512880.SH,20251013,4600929.15,,SH
512880.SH,20251010,4521729.15,,SH
512880.SH,20251009,4512529.15,,SH
512880.SH,20250930,4378429.15,,SH
512880.SH,20250929,4323229.15,,SH
512880.SH,20250926,4448429.15,,SH
512880.SH,20250925,4416229.15,,SH
512880.SH,20250924,4389929.15,,SH
512880.SH,20250923,4385429.15,,SH
512880.SH,20250922,4297329.15,,SH
512880.SH,20250919,4327829.15,,SH
512880.SH,20250918,4348629.15,,SH
512880.SH,20250917,4136829.15,,SH
512880.SH,20250916,4043229.15,,SH
512880.SH,20250915,3980129.15,,SH
512880.SH,20250912,3946829.15,,SH
512880.SH,20250911,3893729.15,,SH
512880.SH,20250910,3879129.15,,SH
512880.SH,20250909,3850029.15,,SH
512880.SH,20250908,3771329.15,,SH
512880.SH,20250905,3748429.15,,SH
512880.SH,20250904,3652929.15,,SH
512880.SH,20250903,3635829.15,,SH
512880.SH,20250902,3556329.15,,SH
512880.SH,20250901,3509429.15,,SH
512880.SH,20250829,3449529.15,,SH
512880.SH,20250828,3353229.15,,SH
512880.SH,20250827,3318129.15,,SH
512880.SH,20250826,3329029.15,,SH
512880.SH,20250825,3300529.15,,SH
512880.SH,20250822,3120829.15,,SH
512880.SH,20250821,3067829.15,,SH
512880.SH,20250820,2985929.15,,SH
512880.SH,20250819,2946829.15,,SH
512880.SH,20250818,2901829.15,,SH
512880.SH,20250815,2818029.15,,SH
512880.SH,20250814,2875729.15,,SH
512880.SH,20250813,2950429.15,,SH
512880.SH,20250812,2967229.15,,SH
512880.SH,20250811,2933029.15,,SH
512880.SH,20250808,2897229.15,,SH
512880.SH,20250807,2900529.15,,SH
512880.SH,20250806,2879629.15,,SH
512880.SH,20250805,2827229.15,,SH
512880.SH,20250804,2808729.15,,SH
512880.SH,20250801,2763129.15,,SH
512880.SH,20250731,2770929.15,,SH
512880.SH,20250730,2770729.15,,SH
512880.SH,20250729,2747629.15,,SH
512880.SH,20250728,2768529.15,,SH
512880.SH,20250725,2791529.15,,SH
512880.SH,20250724,2813629.15,,SH
512880.SH,20250723,2819929.15,,SH
512880.SH,20250722,2854229.15,,SH
512880.SH,20250721,2805229.15,,SH
512880.SH,20250718,2800929.15,,SH
512880.SH,20250717,2798929.15,,SH
512880.SH,20250716,2750629.15,,SH
512880.SH,20250715,2722729.15,,SH
512880.SH,20250714,2704129.15,,SH
512880.SH,20250711,2662429.15,,SH
512880.SH,20250710,2709029.15,,SH
512880.SH,20250709,2720529.15,,SH
512880.SH,20250708,2705329.15,,SH
512880.SH,20250707,2682329.15,,SH
512880.SH,20250704,2678629.15,,SH
512880.SH,20250703,2668029.15,,SH
512880.SH,20250702,2645729.15,,SH
512880.SH,20250701,2628529.15,,SH
512880.SH,20250630,2627029.1482,,SH
512880.SH,20250627,2563229.15,,SH
512880.SH,20250626,2612229.15,,SH
512880.SH,20250625,2634629.15,,SH
512880.SH,20250624,2773629.15,,SH
512880.SH,20250623,2787329.15,,SH
512880.SH,20250620,2791429.15,,SH
512880.SH,20250619,2790029.15,,SH
512880.SH,20250618,2757629.15,,SH
512880.SH,20250617,2777729.15,,SH
512880.SH,20250616,2753929.15,,SH
512880.SH,20250613,2726929.15,,SH
512880.SH,20250612,2720329.15,,SH
512880.SH,20250611,2722929.15,,SH
512880.SH,20250610,2740729.15,,SH
512880.SH,20250609,2726129.15,,SH
512880.SH,20250606,2703029.15,,SH
512880.SH,20250605,2706129.15,,SH
512880.SH,20250604,2739729.15,,SH
512880.SH,20250603,2748629.15,,SH
512880.SH,20250530,2753729.15,,SH
512880.SH,20250529,2749629.15,,SH
512880.SH,20250528,2725629.15,,SH
512880.SH,20250527,2715129.15,,SH
512880.SH,20250526,2716329.15,,SH
512880.SH,20250523,2714329.15,,SH
512880.SH,20250522,2702529.15,,SH
512880.SH,20250521,2692129.15,,SH
512880.SH,20250520,2679029.15,,SH
512880.SH,20250519,2668629.15,,SH
512880.SH,20250516,2670729.15,,SH
512880.SH,20250515,2671129.15,,SH
512880.SH,20250514,2673529.15,,SH
512880.SH,20250513,2679429.15,,SH
512880.SH,20250512,2698129.15,,SH
512880.SH,20250509,2706429.15,,SH
512880.SH,20250508,2706929.15,,SH
512880.SH,20250507,2707829.15,,SH
512880.SH,20250506,2690029.15,,SH
512880.SH,20250430,2695029.15,,SH
512880.SH,20250429,2697829.15,,SH
512880.SH,20250428,2686629.15,,SH
512880.SH,20250425,2684329.15,,SH
512880.SH,20250424,2705929.15,,SH
512880.SH,20250423,2712629.15,,SH
512880.SH,20250422,2717729.15,,SH
512880.SH,20250421,2738629.15,,SH
512880.SH,20250418,2754229.15,,SH
512880.SH,20250417,2774329.15,,SH
512880.SH,20250416,2786029.15,,SH
512880.SH,20250415,2810929.15,,SH
512880.SH,20250414,2822729.15,,SH
512880.SH,20250411,2819629.15,,SH
512880.SH,20250410,2835029.15,,SH
512880.SH,20250409,2856529.15,,SH
512880.SH,20250408,2883629.15,,SH
512880.SH,20250407,2920029.15,,SH
512880.SH,20250403,2834029.15,,SH
512880.SH,20250402,2847829.15,,SH
512880.SH,20250401,2866929.15,,SH
512880.SH,20250331,2848529.1482,,SH
512880.SH,20250328,2814729.15,,SH
512880.SH,20250327,2816029.15,,SH
512880.SH,20250326,2812929.15,,SH
512880.SH,20250325,2810729.15,,SH
512880.SH,20250324,2812229.15,,SH
512880.SH,20250321,2798229.15,,SH
512880.SH,20250320,2784329.15,,SH
512880.SH,20250319,2767029.15,,SH
512880.SH,20250318,2752529.15,,SH
512880.SH,20250317,2722329.15,,SH
512880.SH,20250314,2645629.15,,SH
512880.SH,20250313,2734129.15,,SH
512880.SH,20250312,2738029.15,,SH
512880.SH,20250311,2769929.15,,SH
512880.SH,20250310,2768329.15,,SH
512880.SH,20250307,2747929.15,,SH
512880.SH,20250306,2703129.15,,SH
512880.SH,20250305,2758229.15,,SH
512880.SH,20250304,2750929.15,,SH
512880.SH,20250303,2780829.15,,SH
512880.SH,20250228,2755829.15,,SH
512880.SH,20250227,2726929.15,,SH
512880.SH,20250226,2717029.15,,SH
512880.SH,20250225,2674929.15,,SH
512880.SH,20250224,2648029.15,,SH
512880.SH,20250221,2617729.15,,SH
512880.SH,20250220,2515329.15,,SH
512880.SH,20250219,2502529.15,,SH
512880.SH,20250218,2542129.15,,SH
512880.SH,20250217,2515629.15,,SH
512880.SH,20250214,2503129.15,,SH
512880.SH,20250213,2498229.15,,SH
512880.SH,20250212,2492229.15,,SH
512880.SH,20250211,2493729.15,,SH
512880.SH,20250210,2469629.15,,SH
512880.SH,20250207,2455729.15,,SH
512880.SH,20250206,2424829.15,,SH
512880.SH,20250205,2413629.15,,SH
512880.SH,20250127,2418929.15,,SH
512880.SH,20250124,2400629.15,,SH
512880.SH,20250123,2418929.15,,SH
512880.SH,20250122,2425029.15,,SH
512880.SH,20250121,2419529.15,,SH
512880.SH,20250120,2414929.15,,SH
512880.SH,20250117,2408329.15,,SH
512880.SH,20250116,2400529.15,,SH
512880.SH,20250115,2410829.15,,SH
512880.SH,20250114,2414929.15,,SH
512880.SH,20250113,2449629.15,,SH
512880.SH,20250110,2450329.15,,SH
512880.SH,20250109,2450129.15,,SH
512880.SH,20250108,2449629.15,,SH
512880.SH,20250107,2452429.15,,SH
512880.SH,20250106,2458129.15,,SH
512880.SH,20250103,2470129.15,,SH
512880.SH,20250102,2459929.15,,SH
512880.SH,20241231,2425729.1482,,SH
512880.SH,20241230,2395929.15,,SH
512880.SH,20241227,2427629.15,,SH
512880.SH,20241226,2427929.15,,SH
512880.SH,20241225,2423329.15,,SH
512880.SH,20241224,2375329.15,,SH
512880.SH,20241223,2406929.15,,SH
512880.SH,20241220,2388929.15,,SH
512880.SH,20241219,2386429.15,,SH
512880.SH,20241218,2367429.15,,SH
512880.SH,20241217,2349129.15,,SH
512880.SH,20241216,2349129.15,,SH
512880.SH,20241213,2350729.15,,SH
512880.SH,20241212,2348129.15,,SH
512880.SH,20241211,2340529.15,,SH
512880.SH,20241210,2341929.15,,SH
512880.SH,20241209,2319129.15,,SH
512880.SH,20241206,2321129.15,,SH
512880.SH,20241205,2295329.15,,SH
512880.SH,20241204,2313129.15,,SH
512880.SH,20241203,2311529.15,,SH
512880.SH,20241202,2306429.15,,SH
512880.SH,20241129,2316729.15,,SH
512880.SH,20241128,2299429.15,,SH
512880.SH,20241127,2296929.15,,SH
512880.SH,20241126,2290529.15,,SH
512880.SH,20241125,2300129.15,,SH
512880.SH,20241122,2319729.15,,SH
512880.SH,20241121,2308229.15,,SH
512880.SH,20241120,2325729.15,,SH
512880.SH,20241119,2342829.15,,SH
512880.SH,20241118,2333929.15,,SH
512880.SH,20241115,2350229.15,,SH
512880.SH,20241114,2335329.15,,SH
512880.SH,20241113,2334329.15,,SH
512880.SH,20241112,2331029.15,,SH
512880.SH,20241111,2344829.15,,SH
512880.SH,20241108,2327629.15,,SH
512880.SH,20241107,2324329.15,,SH
512880.SH,20241106,2324229.15,,SH
512880.SH,20241105,2373129.15,,SH
512880.SH,20241104,2361429.15,,SH
512880.SH,20241101,2370029.15,,SH
512880.SH,20241031,2381729.15,,SH
512880.SH,20241030,2455829.15,,SH
512880.SH,20241029,2472129.15,,SH
512880.SH,20241028,2498929.15,,SH
512880.SH,20241025,2508029.15,,SH
512880.SH,20241024,2494929.15,,SH
512880.SH,20241023,2512929.15,,SH
512880.SH,20241022,2523829.15,,SH
512880.SH,20241021,2534229.15,,SH
512880.SH,20241018,2493829.15,,SH
512880.SH,20241017,2538429.15,,SH
512880.SH,20241016,2575229.15,,SH
512880.SH,20241015,2614029.15,,SH
512880.SH,20241014,2688729.15,,SH
512880.SH,20241011,2783929.15,,SH
512880.SH,20241010,2859029.15,,SH
512880.SH,20241009,2856729.15,,SH
512880.SH,20241008,3134029.15,,SH
512880.SH,20240930,3141129.1482,,SH
512880.SH,20240927,3307529.15,,SH
512880.SH,20240926,3304129.15,,SH
512880.SH,20240925,3340529.15,,SH
512880.SH,20240924,3413429.15,,SH
512880.SH,20240923,3431929.15,,SH
512880.SH,20240920,3423629.15,,SH
512880.SH,20240919,3424029.15,,SH
512880.SH,20240918,3423629.15,,SH
512880.SH,20240913,3422229.15,,SH
512880.SH,20240912,3435329.15,,SH
512880.SH,20240911,3436729.15,,SH
512880.SH,20240910,3434929.15,,SH
512880.SH,20240909,3430529.15,,SH
512880.SH,20240906,3446829.15,,SH
512880.SH,20240905,3439229.15,,SH
512880.SH,20240904,3446629.15,,SH
512880.SH,20240903,3449829.15,,SH
512880.SH,20240902,3452329.15,,SH
512880.SH,20240830,3430729.15,,SH
512880.SH,20240829,3452029.15,,SH
512880.SH,20240828,3455329.15,,SH
512880.SH,20240827,3456229.15,,SH
512880.SH,20240826,3451629.15,,SH
512880.SH,20240823,3456229.15,,SH
512880.SH,20240822,3468429.15,,SH
512880.SH,20240821,3468729.15,,SH
512880.SH,20240820,3465129.15,,SH
512880.SH,20240819,3469229.15,,SH
512880.SH,20240816,3468929.15,,SH
512880.SH,20240815,3465329.15,,SH
512880.SH,20240814,3468729.15,,SH
512880.SH,20240813,3474129.15,,SH
512880.SH,20240812,3473829.15,,SH
512880.SH,20240809,3468729.15,,SH
512880.SH,20240808,3464429.15,,SH
512880.SH,20240807,3463929.15,,SH
512880.SH,20240806,3447929.15,,SH
512880.SH,20240805,3441129.15,,SH
512880.SH,20240802,3439129.15,,SH
512880.SH,20240801,3441229.15,,SH
512880.SH,20240731,3470629.15,,SH
512880.SH,20240730,3535429.15,,SH
512880.SH,20240729,3544929.15,,SH
512880.SH,20240726,3548429.15,,SH
512880.SH,20240725,3561129.15,,SH
512880.SH,20240724,3581529.15,,SH
512880.SH,20240723,3592029.15,,SH
512880.SH,20240722,3612329.15,,SH
512880.SH,20240719,3642029.15,,SH
512880.SH,20240718,3685729.15,,SH
512880.SH,20240717,3706829.15,,SH
512880.SH,20240716,3737229.15,,SH
512880.SH,20240715,3763229.15,,SH
512880.SH,20240712,3765729.15,,SH
512880.SH,20240711,3761629.15,,SH
512880.SH,20240710,3789929.15,,SH
512880.SH,20240709,3815229.15,,SH
512880.SH,20240708,3825929.15,,SH
512880.SH,20240705,3808129.15,,SH
512880.SH,20240704,3810829.15,,SH
512880.SH,20240703,3801429.15,,SH
512880.SH,20240702,3804529.15,,SH
512880.SH,20240701,3809829.15,,SH
512880.SH,20240630,3827429.1482,,SH
512880.SH,20240628,3827429.15,,SH
512880.SH,20240627,3796829.15,,SH
512880.SH,20240626,3795329.15,,SH
512880.SH,20240625,3813629.15,,SH
512880.SH,20240624,3743529.15,,SH
512880.SH,20240621,3730129.15,,SH
512880.SH,20240620,3707929.15,,SH
512880.SH,20240619,3695929.15,,SH
512880.SH,20240618,3694229.15,,SH
512880.SH,20240617,3701529.15,,SH
512880.SH,20240614,3711429.15,,SH
512880.SH,20240613,3736029.15,,SH
512880.SH,20240612,3711029.15,,SH
512880.SH,20240611,3694729.15,,SH
512880.SH,20240607,3698129.15,,SH
512880.SH,20240606,3660929.15,,SH
512880.SH,20240605,3608629.15,,SH
512880.SH,20240604,3603829.15,,SH
512880.SH,20240603,3611129.15,,SH
512880.SH,20240531,3556829.15,,SH
512880.SH,20240530,3541529.15,,SH
512880.SH,20240529,3532229.15,,SH
512880.SH,20240528,3533529.15,,SH
512880.SH,20240527,3536229.15,,SH
512880.SH,20240524,3545229.15,,SH
512880.SH,20240523,3553129.15,,SH
512880.SH,20240522,3553429.15,,SH
512880.SH,20240521,3569029.15,,SH
512880.SH,20240520,3573429.15,,SH
512880.SH,20240517,3575629.15,,SH
512880.SH,20240516,3581829.15,,SH
512880.SH,20240515,3585729.15,,SH
512880.SH,20240514,3560129.15,,SH
512880.SH,20240513,3571329.15,,SH
512880.SH,20240510,3567429.15,,SH
512880.SH,20240509,3554129.15,,SH
512880.SH,20240508,3554529.15,,SH
512880.SH,20240507,3548929.15,,SH
512880.SH,20240506,3538929.15,,SH
512880.SH,20240430,3520529.15,,SH
512880.SH,20240429,3511029.15,,SH
512880.SH,20240426,3571829.15,,SH
512880.SH,20240425,3618429.15,,SH
512880.SH,20240424,3618329.15,,SH
512880.SH,20240423,3609129.15,,SH
512880.SH,20240422,3603829.15,,SH
512880.SH,20240419,3591029.15,,SH
512880.SH,20240418,3586429.15,,SH
512880.SH,20240417,3584029.15,,SH
512880.SH,20240416,3585729.15,,SH
512880.SH,20240415,3579129.15,,SH
512880.SH,20240412,3581129.15,,SH
512880.SH,20240411,3554229.15,,SH
512880.SH,20240410,3546129.15,,SH
512880.SH,20240409,3501629.15,,SH
512880.SH,20240408,3498329.15,,SH
512880.SH,20240403,3503829.15,,SH
512880.SH,20240402,3505929.15,,SH
512880.SH,20240401,3505129.15,,SH
512880.SH,20240331,3518029.1482,,SH
512880.SH,20240329,3518029.15,,SH
512880.SH,20240328,3506729.15,,SH
512880.SH,20240327,3498829.15,,SH
512880.SH,20240326,3487729.15,,SH
512880.SH,20240325,3481529.15,,SH
512880.SH,20240322,3431129.15,,SH
512880.SH,20240321,3437129.15,,SH
512880.SH,20240320,3458829.15,,SH
512880.SH,20240319,3435329.15,,SH
512880.SH,20240318,3430329.15,,SH
512880.SH,20240315,3470029.15,,SH
512880.SH,20240314,3469029.15,,SH
512880.SH,20240313,3451529.15,,SH
512880.SH,20240312,3427629.15,,SH
512880.SH,20240311,3409129.15,,SH
512880.SH,20240308,3394129.15,,SH
512880.SH,20240307,3387729.15,,SH
512880.SH,20240306,3396229.15,,SH
512880.SH,20240305,3404329.15,,SH
512880.SH,20240304,3428129.15,,SH
512880.SH,20240301,3410729.15,,SH
512880.SH,20240229,3407829.15,,SH
512880.SH,20240228,3398329.15,,SH
512880.SH,20240227,3460729.15,,SH
512880.SH,20240226,3472529.15,,SH
512880.SH,20240223,3484829.15,,SH
512880.SH,20240222,3479329.15,,SH
512880.SH,20240221,3488229.15,,SH
512880.SH,20240220,3512429.15,,SH
512880.SH,20240219,3502729.15,,SH
512880.SH,20240208,3501829.15,,SH
512880.SH,20240207,3518629.15,,SH
512880.SH,20240206,3570829.15,,SH
512880.SH,20240205,3592929.15,,SH
512880.SH,20240202,3589029.15,,SH
512880.SH,20240201,3557729.15,,SH
512880.SH,20240131,3555929.15,,SH
512880.SH,20240130,3553229.15,,SH
512880.SH,20240129,3545229.15,,SH
512880.SH,20240126,3549429.15,,SH
512880.SH,20240125,3582929.15,,SH
512880.SH,20240124,3578329.15,,SH
512880.SH,20240123,3595229.15,,SH
512880.SH,20240122,3607829.15,,SH
512880.SH,20240119,3610729.15,,SH
512880.SH,20240118,3604029.15,,SH
512880.SH,20240117,3570529.15,,SH
512880.SH,20240116,3565629.15,,SH
512880.SH,20240115,3564329.15,,SH
512880.SH,20240112,3565629.15,,SH
512880.SH,20240111,3563329.15,,SH
512880.SH,20240110,3566729.15,,SH
512880.SH,20240109,3566829.15,,SH
512880.SH,20240108,3563729.15,,SH
512880.SH,20240105,3559629.15,,SH
512880.SH,20240104,3566929.15,,SH
512880.SH,20240103,3592429.15,,SH
512880.SH,20240102,3601729.15,,SH
512880.SH,20231231,3600929.1482,,SH
512880.SH,20231229,3600929.15,,SH
512880.SH,20231228,3610729.15,,SH
512880.SH,20231227,3614229.15,,SH
512880.SH,20231226,3604429.15,,SH
512880.SH,20231225,3593229.15,,SH
512880.SH,20231222,3587729.15,,SH
512880.SH,20231221,3580729.15,,SH
512880.SH,20231220,3571629.15,,SH
512880.SH,20231219,3536229.15,,SH
512880.SH,20231218,3505529.15,,SH
512880.SH,20231215,3490429.15,,SH
512880.SH,20231214,3492729.15,,SH
512880.SH,20231213,3493729.15,,SH
512880.SH,20231212,3491629.15,,SH
512880.SH,20231211,3486429.15,,SH
512880.SH,20231208,3502129.15,,SH
512880.SH,20231207,3441229.15,,SH
512880.SH,20231206,3432229.15,,SH
512880.SH,20231205,3418129.15,,SH
512880.SH,20231204,3396329.15,,SH
512880.SH,20231201,3384429.15,,SH
512880.SH,20231130,3369329.15,,SH
512880.SH,20231129,3365229.15,,SH
512880.SH,20231128,3355629.15,,SH
512880.SH,20231127,3349929.15,,SH
512880.SH,20231124,3349129.15,,SH
512880.SH,20231123,3343129.15,,SH
512880.SH,20231122,3328429.15,,SH
512880.SH,20231121,3332929.15,,SH
512880.SH,20231120,3320729.15,,SH
512880.SH,20231117,3304629.15,,SH
512880.SH,20231116,3308729.15,,SH
512880.SH,20231115,3306929.15,,SH
512880.SH,20231114,3284129.15,,SH
512880.SH,20231113,3310729.15,,SH
512880.SH,20231110,3312229.15,,SH
512880.SH,20231109,3324829.15,,SH
512880.SH,20231108,3316929.15,,SH
512880.SH,20231107,3323229.15,,SH
512880.SH,20231106,3375029.15,,SH
512880.SH,20231103,3468529.15,,SH
512880.SH,20231102,3475229.15,,SH
512880.SH,20231101,3479429.15,,SH
512880.SH,20231031,3474829.15,,SH
512880.SH,20231030,3478929.15,,SH
512880.SH,20231027,3444829.15,,SH
512880.SH,20231026,3392529.15,,SH
512880.SH,20231025,3385229.15,,SH
512880.SH,20231024,3376029.15,,SH
512880.SH,20231023,3391329.15,,SH
512880.SH,20231020,3374729.15,,SH
512880.SH,20231019,3363129.15,,SH
512880.SH,20231018,3350229.15,,SH
512880.SH,20231017,3341329.15,,SH
512880.SH,20231016,3356129.15,,SH
512880.SH,20231013,3360129.15,,SH
512880.SH,20231012,3361129.15,,SH
512880.SH,20231011,3363129.15,,SH
512880.SH,20231010,3348929.15,,SH
512880.SH,20231009,3353329.15,,SH
512880.SH,20230930,3351429.1482,,SH
512880.SH,20230928,3351429.15,,SH
512880.SH,20230927,3328329.15,,SH
512880.SH,20230926,3302229.15,,SH
512880.SH,20230925,3300429.15,,SH
512880.SH,20230922,3276329.15,,SH
512880.SH,20230921,3279629.15,,SH
512880.SH,20230920,3267529.15,,SH
512880.SH,20230919,3266529.15,,SH
512880.SH,20230918,3260929.15,,SH
512880.SH,20230915,3257629.15,,SH
512880.SH,20230914,3245429.15,,SH
512880.SH,20230913,3246929.15,,SH
512880.SH,20230912,3244129.15,,SH
512880.SH,20230911,3228029.15,,SH
512880.SH,20230908,3234729.15,,SH
512880.SH,20230907,3228829.15,,SH
512880.SH,20230906,3207729.15,,SH
512880.SH,20230905,3174829.15,,SH
512880.SH,20230904,3163129.15,,SH
512880.SH,20230901,3161729.15,,SH
512880.SH,20230831,3148029.15,,SH
512880.SH,20230830,3139629.15,,SH
512880.SH,20230829,3090729.15,,SH
512880.SH,20230828,3020829.15,,SH
512880.SH,20230825,2929229.15,,SH
512880.SH,20230824,2945129.15,,SH
512880.SH,20230823,2972929.15,,SH
512880.SH,20230822,2956129.15,,SH
512880.SH,20230821,3006029.15,,SH
512880.SH,20230818,3037129.15,,SH
512880.SH,20230817,3030129.15,,SH
512880.SH,20230816,3044329.15,,SH
512880.SH,20230815,3067829.15,,SH
512880.SH,20230814,3119329.15,,SH
512880.SH,20230811,3138229.15,,SH
512880.SH,20230810,3050129.15,,SH
512880.SH,20230809,3041329.15,,SH
512880.SH,20230808,3058429.15,,SH
512880.SH,20230807,3061329.15,,SH
512880.SH,20230804,3114129.15,,SH
512880.SH,20230803,3195329.15,,SH
512880.SH,20230802,3159229.15,,SH
512880.SH,20230801,3192629.15,,SH
512880.SH,20230731,3281829.15,,SH
512880.SH,20230728,3374529.15,,SH
512880.SH,20230727,3504129.15,,SH
512880.SH,20230726,3499929.15,,SH
512880.SH,20230725,3503029.15,,SH
512880.SH,20230724,3668029.15,,SH
512880.SH,20230721,3672029.15,,SH
512880.SH,20230720,3676529.15,,SH
512880.SH,20230719,3672629.15,,SH
512880.SH,20230718,3664529.15,,SH
512880.SH,20230717,3668029.15,,SH
512880.SH,20230714,3661229.15,,SH
512880.SH,20230713,3662129.15,,SH
512880.SH,20230712,3699629.15,,SH
512880.SH,20230711,3698929.15,,SH
512880.SH,20230710,3709929.15,,SH
512880.SH,20230707,3715629.15,,SH
512880.SH,20230706,3713929.15,,SH
512880.SH,20230705,3710829.15,,SH
512880.SH,20230704,3710229.15,,SH
512880.SH,20230703,3721129.15,,SH
512880.SH,20230630,3748829.1482,,SH
512880.SH,20230629,3774629.15,,SH
512880.SH,20230628,3786029.15,,SH
512880.SH,20230627,3780829.15,,SH
512880.SH,20230626,3791829.15,,SH
512880.SH,20230621,3750329.15,,SH
512880.SH,20230620,3733929.15,,SH
512880.SH,20230619,3717529.15,,SH
512880.SH,20230616,3701429.15,,SH
512880.SH,20230615,3665629.15,,SH
512880.SH,20230614,3640729.15,,SH
512880.SH,20230613,3644829.15,,SH
512880.SH,20230612,3646529.15,,SH
512880.SH,20230609,3614229.15,,SH
512880.SH,20230608,3597129.15,,SH
512880.SH,20230607,3594129.15,,SH
512880.SH,20230606,3598929.15,,SH
512880.SH,20230605,3562029.15,,SH
512880.SH,20230602,3540929.15,,SH
512880.SH,20230601,3505529.15,,SH
512880.SH,20230531,3481929.15,,SH
512880.SH,20230530,3460729.15,,SH
512880.SH,20230529,3440729.15,,SH
512880.SH,20230526,3428129.15,,SH
512880.SH,20230525,3408929.15,,SH
512880.SH,20230524,3352229.15,,SH
512880.SH,20230523,3278329.15,,SH
512880.SH,20230522,3232129.15,,SH
512880.SH,20230519,3207729.15,,SH
512880.SH,20230518,3183829.15,,SH
512880.SH,20230517,3166529.15,,SH
512880.SH,20230516,3157729.15,,SH
512880.SH,20230515,3171529.15,,SH
512880.SH,20230512,3179329.15,,SH
512880.SH,20230511,3169029.15,,SH
512880.SH,20230510,3164929.15,,SH
512880.SH,20230509,3161129.15,,SH
512880.SH,20230508,3336929.15,,SH
512880.SH,20230505,3377829.15,,SH
512880.SH,20230504,3480929.15,,SH
512880.SH,20230428,3500829.15,,SH
512880.SH,20230427,3526429.15,,SH
512880.SH,20230426,3511329.15,,SH
512880.SH,20230425,3493829.15,,SH
512880.SH,20230424,3482029.15,,SH
512880.SH,20230421,3448829.15,,SH
512880.SH,20230420,3409929.15,,SH
512880.SH,20230419,3406429.15,,SH
512880.SH,20230418,3407329.15,,SH
512880.SH,20230417,3435729.15,,SH
512880.SH,20230414,3481829.15,,SH
512880.SH,20230413,3446829.15,,SH
512880.SH,20230412,3414929.15,,SH
512880.SH,20230411,3413929.15,,SH
512880.SH,20230410,3434229.15,,SH
512880.SH,20230407,3402129.15,,SH
512880.SH,20230406,3367629.15,,SH
512880.SH,20230404,3338629.15,,SH
512880.SH,20230403,3397229.15,,SH
512880.SH,20230331,3554629.1482,,SH
512880.SH,20230330,3544829.15,,SH
512880.SH,20230329,3523729.15,,SH
512880.SH,20230328,3499929.15,,SH
512880.SH,20230327,3484429.15,,SH
512880.SH,20230324,3500729.15,,SH
512880.SH,20230323,3504029.15,,SH
512880.SH,20230322,3507629.15,,SH
512880.SH,20230321,3471029.15,,SH
512880.SH,20230320,3454529.15,,SH
512880.SH,20230317,3434529.15,,SH
512880.SH,20230316,3449429.15,,SH
512880.SH,20230315,3446529.15,,SH
512880.SH,20230314,3457729.15,,SH
512880.SH,20230313,3444629.15,,SH
512880.SH,20230310,3440029.15,,SH
512880.SH,20230309,3429829.15,,SH
512880.SH,20230308,3417029.15,,SH
512880.SH,20230307,3406829.15,,SH
512880.SH,20230306,3396729.15,,SH
512880.SH,20230303,3378429.15,,SH
512880.SH,20230302,3387729.15,,SH
512880.SH,20230301,3390629.15,,SH
512880.SH,20230228,3399229.15,,SH
512880.SH,20230227,3398029.15,,SH
512880.SH,20230224,3385029.15,,SH
512880.SH,20230223,3377229.15,,SH
512880.SH,20230222,3389229.15,,SH
512880.SH,20230221,3402129.15,,SH
512880.SH,20230220,3418729.15,,SH
512880.SH,20230217,3489529.15,,SH
512880.SH,20230216,3478829.15,,SH
512880.SH,20230215,3501729.15,,SH
512880.SH,20230214,3498229.15,,SH
512880.SH,20230213,3486529.15,,SH
512880.SH,20230210,3475029.15,,SH
512880.SH,20230209,3466229.15,,SH
512880.SH,20230208,3458829.15,,SH
512880.SH,20230207,3444529.15,,SH
512880.SH,20230206,3443629.15,,SH
512880.SH,20230203,3435629.15,,SH
512880.SH,20230202,3432529.15,,SH
512880.SH,20230201,3369129.15,,SH
512880.SH,20230131,3370829.15,,SH
512880.SH,20230130,3362229.15,,SH
512880.SH,20230120,3304029.15,,SH
512880.SH,20230119,3264029.15,,SH
512880.SH,20230118,3267029.15,,SH
512880.SH,20230117,3270429.15,,SH
512880.SH,20230116,3265129.15,,SH
512880.SH,20230113,3356329.15,,SH
512880.SH,20230112,3389229.15,,SH
512880.SH,20230111,3397129.15,,SH
512880.SH,20230110,3383129.15,,SH
512880.SH,20230109,3400729.15,,SH
512880.SH,20230106,3419629.15,,SH
512880.SH,20230105,3399329.15,,SH
512880.SH,20230104,3433529.15,,SH
512880.SH,20230103,3450929.15,,SH
512880.SH,20221231,3419529.1482,,SH
512880.SH,20221230,3419529.15,,SH
512880.SH,20221229,3419729.15,,SH
512880.SH,20221228,3391529.15,,SH
512880.SH,20221227,3390729.15,,SH
512880.SH,20221226,3390129.15,,SH
512880.SH,20221223,3367129.15,,SH
512880.SH,20221222,3363429.15,,SH
512880.SH,20221221,3365429.15,,SH
512880.SH,20221220,3368029.15,,SH
512880.SH,20221219,3354629.15,,SH
512880.SH,20221216,3339829.15,,SH
512880.SH,20221215,3335829.15,,SH
512880.SH,20221214,3311829.15,,SH
512880.SH,20221213,3311029.15,,SH
512880.SH,20221212,3309429.15,,SH
512880.SH,20221209,3262129.15,,SH
512880.SH,20221208,3261129.15,,SH
512880.SH,20221207,3261529.15,,SH
512880.SH,20221206,3253429.15,,SH
512880.SH,20221205,3266329.15,,SH
512880.SH,20221202,3337629.15,,SH
512880.SH,20221201,3341129.15,,SH
512880.SH,20221130,3327329.15,,SH
512880.SH,20221129,3359329.15,,SH
512880.SH,20221128,3441329.15,,SH
512880.SH,20221125,3431029.15,,SH
512880.SH,20221124,3448929.15,,SH
512880.SH,20221123,3443329.15,,SH
512880.SH,20221122,3448129.15,,SH
512880.SH,20221121,3449329.15,,SH
512880.SH,20221118,3423129.15,,SH
512880.SH,20221117,3402329.15,,SH
512880.SH,20221116,3393629.15,,SH
512880.SH,20221115,3390929.15,,SH
512880.SH,20221114,3441129.15,,SH
512880.SH,20221111,3469429.15,,SH
512880.SH,20221110,3509129.15,,SH
512880.SH,20221109,3512629.15,,SH
512880.SH,20221108,3512529.15,,SH
512880.SH,20221107,3519829.15,,SH
512880.SH,20221104,3526229.15,,SH
512880.SH,20221103,3547429.15,,SH
512880.SH,20221102,3530529.15,,SH
512880.SH,20221101,3521329.15,,SH
512880.SH,20221031,3542829.15,,SH
512880.SH,20221028,3534429.15,,SH
512880.SH,20221027,3510129.15,,SH
512880.SH,20221026,3518329.15,,SH
512880.SH,20221025,3519129.15,,SH
512880.SH,20221024,3510429.15,,SH
512880.SH,20221021,3488329.15,,SH
512880.SH,20221020,3484829.15,,SH
512880.SH,20221019,3480729.15,,SH
512880.SH,20221018,3475229.15,,SH
512880.SH,20221017,3475129.15,,SH
512880.SH,20221014,3482929.15,,SH
512880.SH,20221013,3499429.15,,SH
512880.SH,20221012,3504429.15,,SH
512880.SH,20221011,3519529.15,,SH
512880.SH,20221010,3532429.15,,SH
512880.SH,20220930,3539729.1482,,SH
512880.SH,20220929,3545429.15,,SH
512880.SH,20220928,3529829.15,,SH
512880.SH,20220927,3521329.15,,SH
512880.SH,20220926,3508029.15,,SH
512880.SH,20220923,3485229.15,,SH
512880.SH,20220922,3488429.15,,SH
512880.SH,20220921,3485729.15,,SH
512880.SH,20220920,3480529.15,,SH
512880.SH,20220919,3473129.15,,SH
512880.SH,20220916,3462529.15,,SH
512880.SH,20220915,3351429.15,,SH
512880.SH,20220914,3363529.15,,SH
512880.SH,20220913,3332929.15,,SH
512880.SH,20220909,3336929.15,,SH
512880.SH,20220908,3378229.15,,SH
512880.SH,20220907,3372129.15,,SH
512880.SH,20220906,3354929.15,,SH
512880.SH,20220905,3378329.15,,SH
512880.SH,20220902,3385529.15,,SH
512880.SH,20220901,3378229.15,,SH
512880.SH,20220831,3359729.15,,SH
512880.SH,20220830,3365729.15,,SH
512880.SH,20220829,3369229.15,,SH
512880.SH,20220826,3365429.15,,SH
512880.SH,20220825,3355029.15,,SH
512880.SH,20220824,3384829.15,,SH
512880.SH,20220823,3415529.15,,SH
512880.SH,20220822,3408929.15,,SH
512880.SH,20220819,3381729.15,,SH
512880.SH,20220818,3384529.15,,SH
512880.SH,20220817,3372229.15,,SH
512880.SH,20220816,3391029.15,,SH
512880.SH,20220815,3386829.15,,SH
512880.SH,20220812,3398029.15,,SH
512880.SH,20220811,3425329.15,,SH
512880.SH,20220810,3531929.15,,SH
512880.SH,20220809,3535729.15,,SH
512880.SH,20220808,3539929.15,,SH
512880.SH,20220805,3547729.15,,SH
512880.SH,20220804,3580329.15,,SH
512880.SH,20220803,3576729.15,,SH
512880.SH,20220802,3581029.15,,SH
512880.SH,20220801,3525229.15,,SH
512880.SH,20220729,3506929.15,,SH
512880.SH,20220728,3494229.15,,SH
512880.SH,20220727,3518429.15,,SH
512880.SH,20220726,3519629.15,,SH
512880.SH,20220725,3522929.15,,SH
512880.SH,20220722,3511529.15,,SH
512880.SH,20220721,3512529.15,,SH
512880.SH,20220720,3505229.15,,SH
512880.SH,20220719,3500529.15,,SH
512880.SH,20220718,3507629.15,,SH
512880.SH,20220715,3540229.15,,SH
512880.SH,20220714,3499529.15,,SH
512880.SH,20220713,3469129.15,,SH
512880.SH,20220712,3448029.15,,SH
512880.SH,20220711,3458329.15,,SH
512880.SH,20220708,3438829.15,,SH
512880.SH,20220707,3427229.15,,SH
512880.SH,20220706,3421729.15,,SH
512880.SH,20220705,3399829.15,,SH
512880.SH,20220704,3379629.15,,SH
512880.SH,20220701,3368629.15,,SH
512880.SH,20220630,3350029.1482,,SH
512880.SH,20220629,3367529.15,,SH
512880.SH,20220628,3353829.15,,SH
512880.SH,20220627,3332129.15,,SH
512880.SH,20220624,3322429.15,,SH
512880.SH,20220623,3299629.15,,SH
512880.SH,20220622,3361329.15,,SH
512880.SH,20220621,3357629.15,,SH
512880.SH,20220620,3335029.15,,SH
512880.SH,20220617,3340429.15,,SH
512880.SH,20220616,3317229.15,,SH
512880.SH,20220615,3226429.15,,SH
512880.SH,20220614,3370329.15,,SH
512880.SH,20220613,3386729.15,,SH
512880.SH,20220610,3388829.15,,SH
512880.SH,20220609,3408429.15,,SH
512880.SH,20220608,3419129.15,,SH
512880.SH,20220607,3392229.15,,SH
512880.SH,20220606,3403729.15,,SH
512880.SH,20220602,3405729.15,,SH
512880.SH,20220601,3405929.15,,SH
512880.SH,20220531,3407529.15,,SH
512880.SH,20220530,3415829.15,,SH
512880.SH,20220527,3395829.15,,SH
512880.SH,20220526,3391029.15,,SH
512880.SH,20220525,3404729.15,,SH
512880.SH,20220524,3391129.15,,SH
512880.SH,20220523,3382129.15,,SH
512880.SH,20220520,3392829.15,,SH
512880.SH,20220519,3409229.15,,SH
512880.SH,20220518,3405129.15,,SH
512880.SH,20220517,3428429.15,,SH
512880.SH,20220516,3414629.15,,SH
512880.SH,20220513,3404029.15,,SH
512880.SH,20220512,3395329.15,,SH
512880.SH,20220511,3394429.15,,SH
512880.SH,20220510,3432229.15,,SH
512880.SH,20220509,3431529.15,,SH
512880.SH,20220506,3433629.15,,SH
512880.SH,20220505,3420329.15,,SH
512880.SH,20220429,3413529.15,,SH
512880.SH,20220428,3519529.15,,SH
512880.SH,20220427,3501029.15,,SH
512880.SH,20220426,3507829.15,,SH
512880.SH,20220425,3480329.15,,SH
512880.SH,20220422,3437729.15,,SH
512880.SH,20220421,3442929.15,,SH
512880.SH,20220420,3433929.15,,SH
512880.SH,20220419,3396529.15,,SH
512880.SH,20220418,3379229.15,,SH
512880.SH,20220415,3323929.15,,SH
512880.SH,20220414,3316629.15,,SH
512880.SH,20220413,3352829.15,,SH
512880.SH,20220412,3357029.15,,SH
512880.SH,20220411,3376029.15,,SH
512880.SH,20220408,3338329.15,,SH
512880.SH,20220407,3355129.15,,SH
512880.SH,20220406,3355929.15,,SH
512880.SH,20220401,3357229.15,,SH
512880.SH,20220331,3372329.1482,,SH
512880.SH,20220330,3374129.15,,SH
512880.SH,20220329,3434929.15,,SH
512880.SH,20220328,3428829.15,,SH
512880.SH,20220325,3429729.15,,SH
512880.SH,20220324,3412929.15,,SH
512880.SH,20220323,3412229.15,,SH
512880.SH,20220322,3417729.15,,SH
512880.SH,20220321,3445329.15,,SH
512880.SH,20220318,3422529.15,,SH
512880.SH,20220317,3427429.15,,SH
512880.SH,20220316,3462329.15,,SH
512880.SH,20220315,3528629.15,,SH
512880.SH,20220314,3502529.15,,SH
512880.SH,20220311,3512529.15,,SH
512880.SH,20220310,3526029.15,,SH
512880.SH,20220309,3576029.15,,SH
512880.SH,20220308,3618729.15,,SH
512880.SH,20220307,3622429.15,,SH
512880.SH,20220304,3578529.15,,SH
512880.SH,20220303,3537029.15,,SH
512880.SH,20220302,3530529.15,,SH
512880.SH,20220301,3520929.15,,SH
512880.SH,20220228,3523129.15,,SH
512880.SH,20220225,3513529.15,,SH
512880.SH,20220224,3512629.15,,SH
512880.SH,20220223,3486529.15,,SH
512880.SH,20220222,3508929.15,,SH
512880.SH,20220221,3492529.15,,SH
512880.SH,20220218,3490429.15,,SH
512880.SH,20220217,3468129.15,,SH
512880.SH,20220216,3442029.15,,SH
512880.SH,20220215,3448229.15,,SH
512880.SH,20220214,3419029.15,,SH
512880.SH,20220211,3293729.15,,SH
512880.SH,20220210,3311929.15,,SH
512880.SH,20220209,3320129.15,,SH
512880.SH,20220208,3337029.15,,SH
512880.SH,20220207,3357829.15,,SH
512880.SH,20220128,3413129.15,,SH
512880.SH,20220127,3408129.15,,SH
512880.SH,20220126,3383129.15,,SH
512880.SH,20220125,3364529.15,,SH
512880.SH,20220124,3282129.15,,SH
512880.SH,20220121,3248829.15,,SH
512880.SH,20220120,3197629.15,,SH
512880.SH,20220119,3247429.15,,SH
512880.SH,20220118,3266029.15,,SH
512880.SH,20220117,3267529.15,,SH
512880.SH,20220114,3286729.15,,SH
512880.SH,20220113,3195729.15,,SH
512880.SH,20220112,3171329.15,,SH
512880.SH,20220111,3130429.15,,SH
512880.SH,20220110,3126029.15,,SH
512880.SH,20220107,3118229.15,,SH
512880.SH,20220106,3126429.15,,SH
512880.SH,20220105,3071929.15,,SH
512880.SH,20220104,3049929.15,,SH
512880.SH,20211231,3050929.1482,,SH
512880.SH,20211230,3056829.15,,SH
512880.SH,20211229,3084529.15,,SH
512880.SH,20211228,3054529.15,,SH
512880.SH,20211227,3040529.15,,SH
512880.SH,20211224,3029429.15,,SH
512880.SH,20211223,3017729.15,,SH
512880.SH,20211222,2971329.15,,SH
512880.SH,20211221,2958129.15,,SH
512880.SH,20211220,2958929.15,,SH
512880.SH,20211217,2958129.15,,SH
512880.SH,20211216,2964029.15,,SH
512880.SH,20211215,2945629.15,,SH
512880.SH,20211214,2959029.15,,SH
512880.SH,20211213,2952529.15,,SH
512880.SH,20211210,3027029.15,,SH
512880.SH,20211209,2989929.15,,SH
512880.SH,20211208,3086029.15,,SH
512880.SH,20211207,3087729.15,,SH
512880.SH,20211206,3098029.15,,SH
512880.SH,20211203,3252829.15,,SH
512880.SH,20211202,3278429.15,,SH
512880.SH,20211201,3328329.15,,SH
512880.SH,20211130,3349729.15,,SH
512880.SH,20211129,3353229.15,,SH
512880.SH,20211126,3293129.15,,SH
512880.SH,20211125,3233029.15,,SH
512880.SH,20211124,3196729.15,,SH
512880.SH,20211123,3181729.15,,SH
512880.SH,20211122,3267029.15,,SH
512880.SH,20211119,3310629.15,,SH
512880.SH,20211118,3359029.15,,SH
512880.SH,20211117,3314329.15,,SH
512880.SH,20211116,3285329.15,,SH
512880.SH,20211115,3201829.15,,SH
512880.SH,20211112,3193429.15,,SH
512880.SH,20211111,3164329.15,,SH
512880.SH,20211110,3296329.15,,SH
512880.SH,20211109,3259929.15,,SH
512880.SH,20211108,3240129.15,,SH
512880.SH,20211105,3235929.15,,SH
512880.SH,20211104,3230529.15,,SH
512880.SH,20211103,3222929.15,,SH
512880.SH,20211102,3227629.15,,SH
512880.SH,20211101,3155829.15,,SH
512880.SH,20211029,3184029.15,,SH
512880.SH,20211028,3159829.15,,SH
512880.SH,20211027,3139529.15,,SH
512880.SH,20211026,3066029.15,,SH
512880.SH,20211025,3046729.15,,SH
512880.SH,20211022,3051529.15,,SH
512880.SH,20211021,3042229.15,,SH
512880.SH,20211020,3039629.15,,SH
512880.SH,20211019,3027129.15,,SH
512880.SH,20211018,3031529.15,,SH
512880.SH,20211015,3029729.15,,SH
512880.SH,20211014,3033329.15,,SH
512880.SH,20211013,3031829.15,,SH
512880.SH,20211012,3057629.15,,SH
512880.SH,20211011,2940229.15,,SH
512880.SH,20211008,2919629.15,,SH
512880.SH,20210930,2927129.1482,,SH
512880.SH,20210929,2902329.15,,SH
512880.SH,20210928,2841029.15,,SH
512880.SH,20210927,2869629.15,,SH
512880.SH,20210924,2797429.15,,SH
512880.SH,20210923,2755429.15,,SH
512880.SH,20210922,2753129.15,,SH
512880.SH,20210917,2715029.15,,SH
512880.SH,20210916,2710929.15,,SH
512880.SH,20210915,2673829.15,,SH
512880.SH,20210914,2678729.15,,SH
512880.SH,20210913,2655829.15,,SH
512880.SH,20210910,2657729.15,,SH
512880.SH,20210909,2716129.15,,SH
512880.SH,20210908,2673129.15,,SH
512880.SH,20210907,2739829.15,,SH
512880.SH,20210906,2713029.15,,SH
512880.SH,20210903,2777029.15,,SH
512880.SH,20210902,2772429.15,,SH
512880.SH,20210901,2819629.15,,SH
512880.SH,20210831,2961129.15,,SH
512880.SH,20210830,3012829.15,,SH
512880.SH,20210827,2931129.15,,SH
512880.SH,20210826,2874029.15,,SH
512880.SH,20210825,2836529.15,,SH
512880.SH,20210824,2771329.15,,SH
512880.SH,20210823,2805729.15,,SH
512880.SH,20210820,2775629.15,,SH
512880.SH,20210819,2746529.15,,SH
512880.SH,20210818,2750629.15,,SH
512880.SH,20210817,2919729.15,,SH
512880.SH,20210816,2954229.15,,SH
512880.SH,20210813,2982929.15,,SH
512880.SH,20210812,2974729.15,,SH
512880.SH,20210811,2967729.15,,SH
512880.SH,20210810,2961129.15,,SH
512880.SH,20210809,2945729.15,,SH
512880.SH,20210806,2981029.15,,SH
512880.SH,20210805,2980229.15,,SH
512880.SH,20210804,2963129.15,,SH
512880.SH,20210803,2947929.15,,SH
512880.SH,20210802,2975329.15,,SH
512880.SH,20210730,3034129.15,,SH
512880.SH,20210729,2988429.15,,SH
512880.SH,20210728,2996229.15,,SH
512880.SH,20210727,2970229.15,,SH
512880.SH,20210726,2948629.15,,SH
512880.SH,20210723,2947229.15,,SH
512880.SH,20210722,2991829.15,,SH
512880.SH,20210721,2967829.15,,SH
512880.SH,20210720,2971029.15,,SH
512880.SH,20210719,2960629.15,,SH
512880.SH,20210716,2943329.15,,SH
512880.SH,20210715,2910729.15,,SH
512880.SH,20210714,2918329.15,,SH
512880.SH,20210713,2908329.15,,SH
512880.SH,20210712,2891029.15,,SH
512880.SH,20210709,2925729.15,,SH
512880.SH,20210708,2902229.15,,SH
512880.SH,20210707,2910229.15,,SH
512880.SH,20210706,2906929.15,,SH
512880.SH,20210705,2912129.15,,SH
512880.SH,20210702,2920629.15,,SH
512880.SH,20210701,2900229.15,,SH
512880.SH,20210630,2890429.1482,,SH
512880.SH,20210629,2883129.15,,SH
512880.SH,20210628,2842529.15,,SH
512880.SH,20210625,2804729.15,,SH
512880.SH,20210624,2908129.15,,SH
512880.SH,20210623,2919529.15,,SH
512880.SH,20210622,2915529.15,,SH
512880.SH,20210621,2887229.15,,SH
512880.SH,20210618,2880329.15,,SH
512880.SH,20210617,2886429.15,,SH
512880.SH,20210616,2866729.15,,SH
512880.SH,20210615,2837229.15,,SH
512880.SH,20210611,2811529.15,,SH
512880.SH,20210610,2777129.15,,SH
512880.SH,20210609,2792929.15,,SH
512880.SH,20210608,2770929.15,,SH
512880.SH,20210607,2788429.15,,SH
512880.SH,20210604,2801129.15,,SH
512880.SH,20210603,2787129.15,,SH
512880.SH,20210602,2816629.15,,SH
512880.SH,20210601,2811129.15,,SH
512880.SH,20210531,2778029.15,,SH
512880.SH,20210528,2763029.15,,SH
512880.SH,20210527,2833629.15,,SH
512880.SH,20210526,2832929.15,,SH
512880.SH,20210525,2932929.15,,SH
512880.SH,20210524,3098529.15,,SH
512880.SH,20210521,3161629.15,,SH
512880.SH,20210520,3113829.15,,SH
512880.SH,20210519,3140729.15,,SH
512880.SH,20210518,3149629.15,,SH
512880.SH,20210517,3123929.15,,SH
512880.SH,20210514,3090129.15,,SH
512880.SH,20210513,3359129.15,,SH
512880.SH,20210512,3366229.15,,SH
512880.SH,20210511,3359729.15,,SH
512880.SH,20210510,3386329.15,,SH
512880.SH,20210507,3335529.15,,SH
512880.SH,20210506,3260529.15,,SH
512880.SH,20210430,3241329.15,,SH
512880.SH,20210429,3202529.15,,SH
512880.SH,20210428,3286329.15,,SH
512880.SH,20210427,3290529.15,,SH
512880.SH,20210426,3235829.15,,SH
512880.SH,20210423,3235629.15,,SH
512880.SH,20210422,3233429.15,,SH
512880.SH,20210421,3248529.15,,SH
512880.SH,20210420,3250429.15,,SH
512880.SH,20210419,3254429.15,,SH
512880.SH,20210416,3333229.15,,SH
512880.SH,20210415,3352229.15,,SH
512880.SH,20210414,3337529.15,,SH
512880.SH,20210413,3370329.15,,SH
512880.SH,20210412,3365929.15,,SH
512880.SH,20210409,3347629.15,,SH
512880.SH,20210408,3325729.15,,SH
512880.SH,20210407,3384829.15,,SH
512880.SH,20210406,3375729.15,,SH
512880.SH,20210402,3355729.15,,SH
512880.SH,20210401,3368029.15,,SH
512880.SH,20210331,3360929.1482,,SH
512880.SH,20210330,3343929.15,,SH
512880.SH,20210329,3332229.15,,SH
512880.SH,20210326,3327029.15,,SH
512880.SH,20210325,3318529.15,,SH
512880.SH,20210324,3308129.15,,SH
512880.SH,20210323,3398029.15,,SH
512880.SH,20210322,3398929.15,,SH
512880.SH,20210319,3441129.15,,SH
512880.SH,20210318,3430629.15,,SH
512880.SH,20210317,3445429.15,,SH
512880.SH,20210316,3448729.15,,SH
512880.SH,20210315,3458529.15,,SH
512880.SH,20210312,3437329.15,,SH
512880.SH,20210311,3481229.15,,SH
512880.SH,20210310,3505229.15,,SH
512880.SH,20210309,3497029.15,,SH
512880.SH,20210308,3507829.15,,SH
512880.SH,20210305,3514829.15,,SH
512880.SH,20210304,3626929.15,,SH
512880.SH,20210303,3621729.15,,SH
512880.SH,20210302,3671829.15,,SH
512880.SH,20210301,3642729.15,,SH
512880.SH,20210226,3606329.15,,SH
512880.SH,20210225,3568829.15,,SH
512880.SH,20210224,3553029.15,,SH
512880.SH,20210223,3523629.15,,SH
512880.SH,20210222,3517329.15,,SH
512880.SH,20210219,3515129.15,,SH
512880.SH,20210218,3527929.15,,SH
512880.SH,20210210,3576129.15,,SH
512880.SH,20210209,3600629.15,,SH
512880.SH,20210208,3619229.15,,SH
512880.SH,20210205,3606029.15,,SH
512880.SH,20210204,3603929.15,,SH
512880.SH,20210203,3515029.15,,SH
512880.SH,20210202,3472929.15,,SH
512880.SH,20210201,3412829.15,,SH
512880.SH,20210129,3381429.15,,SH
512880.SH,20210128,3328729.15,,SH
512880.SH,20210127,3291729.15,,SH
512880.SH,20210126,3296429.15,,SH
512880.SH,20210125,3219629.15,,SH
512880.SH,20210122,3181629.15,,SH
512880.SH,20210121,3083429.15,,SH
512880.SH,20210120,3158729.15,,SH
512880.SH,20210119,3159629.15,,SH
512880.SH,20210118,3148929.15,,SH
512880.SH,20210115,3191329.15,,SH
512880.SH,20210114,3173829.15,,SH
512880.SH,20210113,3110629.15,,SH
512880.SH,20210112,3118029.15,,SH
512880.SH,20210111,3325129.15,,SH
512880.SH,20210108,3257029.15,,SH
512880.SH,20210107,3212429.15,,SH
512880.SH,20210106,3191729.15,,SH
512880.SH,20210105,3187529.15,,SH
512880.SH,20210104,3167529.15,,SH
512880.SH,20201231,3183429.1482,,SH
512880.SH,20201230,3432229.15,,SH
512880.SH,20201229,3462229.15,,SH
512880.SH,20201228,3508629.15,,SH
512880.SH,20201225,3489829.15,,SH
512880.SH,20201224,3511629.15,,SH
512880.SH,20201223,3475029.15,,SH
512880.SH,20201222,3452829.15,,SH
512880.SH,20201221,3337229.15,,SH
512880.SH,20201218,3322429.15,,SH
512880.SH,20201217,3315729.15,,SH
512880.SH,20201216,3369229.15,,SH
512880.SH,20201215,3343529.15,,SH
512880.SH,20201214,3333029.15,,SH
512880.SH,20201211,3308829.15,,SH
512880.SH,20201210,3237729.15,,SH
512880.SH,20201209,3197329.15,,SH
512880.SH,20201208,3125429.15,,SH
512880.SH,20201207,3125429.15,,SH
512880.SH,20201204,3080529.15,,SH
512880.SH,20201203,3046329.15,,SH
512880.SH,20201202,3059329.15,,SH
512880.SH,20201201,3089929.15,,SH
512880.SH,20201130,3137129.15,,SH
512880.SH,20201127,3220429.15,,SH
512880.SH,20201126,3198529.15,,SH
512880.SH,20201125,3213029.15,,SH
512880.SH,20201124,3211329.15,,SH
512880.SH,20201123,3190029.15,,SH
512880.SH,20201120,3218029.15,,SH
512880.SH,20201119,3184229.15,,SH
512880.SH,20201118,3153529.15,,SH
512880.SH,20201117,3143729.15,,SH
512880.SH,20201116,3125829.15,,SH
512880.SH,20201113,3106929.15,,SH
512880.SH,20201112,3065029.15,,SH
512880.SH,20201111,3052729.15,,SH
512880.SH,20201110,3039829.15,,SH
512880.SH,20201109,3020229.15,,SH
512880.SH,20201106,3074429.15,,SH
512880.SH,20201105,3105429.15,,SH
512880.SH,20201104,3106729.15,,SH
512880.SH,20201103,3085329.15,,SH
512880.SH,20201102,3121829.15,,SH
512880.SH,20201030,3120429.15,,SH
512880.SH,20201029,3090229.15,,SH
512880.SH,20201028,3113729.15,,SH
512880.SH,20201027,3119129.15,,SH
512880.SH,20201026,3092329.15,,SH
512880.SH,20201023,3013029.15,,SH
512880.SH,20201022,3021129.15,,SH
512880.SH,20201021,3021229.15,,SH
512880.SH,20201020,3004629.15,,SH
512880.SH,20201019,2997629.15,,SH
512880.SH,20201016,2987229.15,,SH
512880.SH,20201015,2966929.15,,SH
512880.SH,20201014,2968529.15,,SH
512880.SH,20201013,2934629.15,,SH
512880.SH,20201012,2841529.15,,SH
512880.SH,20201009,2849229.15,,SH
512880.SH,20200930,2832829.1482,,SH
512880.SH,20200929,2797129.15,,SH
512880.SH,20200928,2755929.15,,SH
512880.SH,20200925,2708729.15,,SH
512880.SH,20200924,2687529.15,,SH
512880.SH,20200923,2657229.15,,SH
512880.SH,20200922,2621029.15,,SH
512880.SH,20200921,2665029.15,,SH
512880.SH,20200918,2631129.15,,SH
512880.SH,20200917,2657629.15,,SH
512880.SH,20200916,2636129.15,,SH
512880.SH,20200915,2625429.15,,SH
512880.SH,20200914,2621329.15,,SH
512880.SH,20200911,2607429.15,,SH
512880.SH,20200910,2595529.15,,SH
512880.SH,20200909,2558529.15,,SH
512880.SH,20200908,2539829.15,,SH
512880.SH,20200907,2546229.15,,SH
512880.SH,20200904,2521429.15,,SH
512880.SH,20200903,2504329.15,,SH
512880.SH,20200902,2495729.15,,SH
512880.SH,20200901,2470029.15,,SH
512880.SH,20200831,2455229.15,,SH
512880.SH,20200828,2456229.15,,SH
512880.SH,20200827,2439929.15,,SH
512880.SH,20200826,2405229.15,,SH
512880.SH,20200825,2393029.15,,SH
512880.SH,20200824,2375129.15,,SH
512880.SH,20200821,2333829.15,,SH
512880.SH,20200820,2340129.15,,SH
512880.SH,20200819,2324729.15,,SH
512880.SH,20200818,2306229.15,,SH
512880.SH,20200817,2257729.15,,SH
512880.SH,20200814,2206429.15,,SH
512880.SH,20200813,2168429.15,,SH
512880.SH,20200812,2192729.15,,SH
512880.SH,20200811,2194229.15,,SH
512880.SH,20200810,2174029.15,,SH
512880.SH,20200807,2260429.15,,SH
512880.SH,20200806,2259529.15,,SH
512880.SH,20200805,2266929.15,,SH
512880.SH,20200804,2254229.15,,SH
512880.SH,20200803,2262629.15,,SH
512880.SH,20200731,2220929.15,,SH
512880.SH,20200730,2247029.15,,SH
512880.SH,20200729,2241829.15,,SH
512880.SH,20200728,2207429.15,,SH
512880.SH,20200727,2171929.15,,SH
512880.SH,20200724,2152229.15,,SH
512880.SH,20200723,2098729.15,,SH
512880.SH,20200722,2104229.15,,SH
512880.SH,20200721,2103429.15,,SH
512880.SH,20200720,2056929.15,,SH
512880.SH,20200717,2083829.15,,SH
512880.SH,20200716,2009629.15,,SH
512880.SH,20200715,2029729.15,,SH
512880.SH,20200714,2015329.15,,SH
512880.SH,20200713,2062929.15,,SH
512880.SH,20200710,2121729.15,,SH
512880.SH,20200709,2179529.15,,SH
512880.SH,20200708,2325229.15,,SH
512880.SH,20200707,2417529.15,,SH
512880.SH,20200706,2217929.15,,SH
512880.SH,20200703,1883629.15,,SH
512880.SH,20200702,1862529.15,,SH
512880.SH,20200701,1932729.15,,SH
512880.SH,20200630,1951429.1482,,SH
512880.SH,20200629,1982129.15,,SH
512880.SH,20200624,1978929.15,,SH
512880.SH,20200623,1982529.15,,SH
512880.SH,20200622,1970529.15,,SH
512880.SH,20200619,2015729.15,,SH
512880.SH,20200618,2089029.15,,SH
512880.SH,20200617,2116529.15,,SH
512880.SH,20200616,2078529.15,,SH
512880.SH,20200615,2055329.15,,SH
512880.SH,20200612,2082329.15,,SH
512880.SH,20200611,2084029.15,,SH
512880.SH,20200610,2062529.15,,SH
512880.SH,20200609,2041529.15,,SH
512880.SH,20200608,2079429.15,,SH
512880.SH,20200605,2074829.15,,SH
512880.SH,20200604,2073129.15,,SH
512880.SH,20200603,2057629.15,,SH
512880.SH,20200602,2043529.15,,SH
512880.SH,20200601,2045029.15,,SH
512880.SH,20200529,2119629.15,,SH
512880.SH,20200528,2106029.15,,SH
512880.SH,20200527,2140529.15,,SH
512880.SH,20200526,2129929.15,,SH
512880.SH,20200525,2136529.15,,SH
512880.SH,20200522,2113429.15,,SH
512880.SH,20200521,2045829.15,,SH
512880.SH,20200520,2031629.15,,SH
512880.SH,20200519,1998129.15,,SH
512880.SH,20200518,1976929.15,,SH
512880.SH,20200515,1960129.15,,SH
512880.SH,20200514,1958529.15,,SH
512880.SH,20200513,1932129.15,,SH
512880.SH,20200512,1926429.15,,SH
512880.SH,20200511,1926829.15,,SH
512880.SH,20200508,1893329.15,,SH
512880.SH,20200507,1930729.15,,SH
512880.SH,20200506,1925729.15,,SH
512880.SH,20200430,1867129.15,,SH
512880.SH,20200429,1887429.15,,SH
512880.SH,20200428,1868029.15,,SH
512880.SH,20200427,1880029.15,,SH
512880.SH,20200424,1869929.15,,SH
512880.SH,20200423,1830329.15,,SH
512880.SH,20200422,1815729.15,,SH
512880.SH,20200421,1815729.15,,SH
512880.SH,20200420,1802929.15,,SH
512880.SH,20200417,1803429.15,,SH
512880.SH,20200416,1780529.15,,SH
512880.SH,20200415,1802429.15,,SH
512880.SH,20200414,1792329.15,,SH
512880.SH,20200413,1862029.15,,SH
512880.SH,20200410,1891929.15,,SH
512880.SH,20200409,1901229.15,,SH
512880.SH,20200408,1960029.15,,SH
512880.SH,20200407,1966629.15,,SH
512880.SH,20200403,1968529.15,,SH
512880.SH,20200402,1956329.15,,SH
512880.SH,20200401,1955829.15,,SH
512880.SH,20200331,1965129.1482,,SH
512880.SH,20200330,1937529.15,,SH
512880.SH,20200327,1917929.15,,SH
512880.SH,20200326,1920629.15,,SH
512880.SH,20200325,1895829.15,,SH
512880.SH,20200324,1862629.15,,SH
512880.SH,20200323,1902729.15,,SH
512880.SH,20200320,1898229.15,,SH
512880.SH,20200319,1914029.15,,SH
512880.SH,20200318,1904529.15,,SH
512880.SH,20200317,1897029.15,,SH
512880.SH,20200316,1872029.15,,SH
512880.SH,20200313,1890929.15,,SH
512880.SH,20200312,1852529.15,,SH
512880.SH,20200311,1844829.15,,SH
512880.SH,20200310,1830829.15,,SH
512880.SH,20200309,1818629.15,,SH
512880.SH,20200306,1819829.15,,SH
512880.SH,20200305,1754729.15,,SH
512880.SH,20200304,1760229.15,,SH
512880.SH,20200303,1765029.15,,SH
512880.SH,20200302,1754529.15,,SH
512880.SH,20200228,1821229.15,,SH
512880.SH,20200227,1755529.15,,SH
512880.SH,20200226,1800529.15,,SH
512880.SH,20200225,1769129.15,,SH
512880.SH,20200224,1713729.15,,SH
512880.SH,20200221,1695829.15,,SH
512880.SH,20200220,1582629.15,,SH
512880.SH,20200219,1624729.15,,SH
512880.SH,20200218,1644229.15,,SH
512880.SH,20200217,1612529.15,,SH
512880.SH,20200214,1651929.15,,SH
512880.SH,20200213,1682629.15,,SH
512880.SH,20200212,1670829.15,,SH
512880.SH,20200211,1697029.15,,SH
512880.SH,20200210,1684429.15,,SH
512880.SH,20200207,1691229.15,,SH
512880.SH,20200206,1729829.15,,SH
512880.SH,20200205,1728829.15,,SH
512880.SH,20200204,1705629.15,,SH
512880.SH,20200203,1544629.15,,SH
512880.SH,20200123,1536129.15,,SH
512880.SH,20200122,1517529.15,,SH
512880.SH,20200121,1539629.15,,SH
512880.SH,20200120,1529929.15,,SH
512880.SH,20200117,1518429.13,,SH
512880.SH,20200116,1502019.38,,SH
512880.SH,20200115,1490183.17,,SH
512880.SH,20200114,1508629.12,,SH
512880.SH,20200113,1516697.54,,SH
512880.SH,20200110,1451829.13,,SH
512880.SH,20200109,1469429.11,,SH
512880.SH,20200108,1458029.15,,SH
512880.SH,20200107,1440671.49,,SH
512880.SH,20200106,1428331.15,,SH
512880.SH,20200103,1400029.15,,SH
512880.SH,20200102,1371329.03,,SH
512880.SH,20191231,1342329.1482,,SH
512880.SH,20191230,1308742.52,,SH
512880.SH,20191227,1350428.97,,SH
512880.SH,20191226,1354329.13,,SH
512880.SH,20191225,1355836.26,,SH
512880.SH,20191224,1342829.14,,SH
512880.SH,20191223,1322706.49,,SH
512880.SH,20191220,1314829.15,,SH
512880.SH,20191219,1353713.7,,SH
512880.SH,20191218,1338871.54,,SH
512880.SH,20191217,1340040.25,,SH
512880.SH,20191216,1363095.63,,SH
512880.SH,20191213,1315406.69,,SH
512880.SH,20191212,1328229.08,,SH
512880.SH,20191211,1312029.1,,SH
512880.SH,20191210,1305029.11,,SH
512880.SH,20191209,1299229.15,,SH
512880.SH,20191206,1301429.15,,SH
512880.SH,20191205,1304629.15,,SH
512880.SH,20191204,1328429.13,,SH
512880.SH,20191203,1329129.11,,SH
512880.SH,20191202,1325029.14,,SH
512880.SH,20191129,1337729.15,,SH
512880.SH,20191128,1333195.78,,SH
512880.SH,20191127,1328329.14,,SH
512880.SH,20191126,1322529.15,,SH
512880.SH,20191125,1318629.14,,SH
512880.SH,20191122,1314729.14,,SH
512880.SH,20191121,1302429.11,,SH
512880.SH,20191120,1288729.13,,SH
512880.SH,20191119,1275940.89,,SH
512880.SH,20191118,1261829.14,,SH
512880.SH,20191115,1271229.12,,SH
512880.SH,20191114,1255429.15,,SH
512880.SH,20191113,1238729.11,,SH
512880.SH,20191112,1225006.73,,SH
512880.SH,20191111,1217492.19,,SH
512880.SH,20191108,1182528.32,,SH
512880.SH,20191107,1167074.44,,SH
512880.SH,20191106,1142529.15,,SH
512880.SH,20191105,1133529.14,,SH
512880.SH,20191104,1157367.72,,SH
512880.SH,20191101,1159329.15,,SH
512880.SH,20191031,1156255.09,,SH
512880.SH,20191030,1150710.72,,SH
512880.SH,20191029,1145729.15,,SH
512880.SH,20191028,1126929.15,,SH
512880.SH,20191025,1129508.84,,SH
512880.SH,20191024,1122056.73,,SH
512880.SH,20191023,1121845.66,,SH
512880.SH,20191022,1116729.14,,SH
512880.SH,20191021,1107048.85,,SH
512880.SH,20191018,1082487.41,,SH
512880.SH,20191017,1067697.63,,SH
512880.SH,20191016,1061110.2,,SH
512880.SH,20191015,1060229.15,,SH
512880.SH,20191014,1057460.43,,SH
512880.SH,20191011,1082115.15,,SH
512880.SH,20191010,1086929.15,,SH
512880.SH,20191009,1083145.87,,SH
512880.SH,20191008,1075912.66,,SH
512880.SH,20190930,1074929.1482,,SH
512880.SH,20190927,1064329.14,,SH
512880.SH,20190926,1050368.37,,SH
512880.SH,20190925,1046229.15,,SH
512880.SH,20190924,1033678.5,,SH
512880.SH,20190923,1040129.15,,SH
512880.SH,20190920,1019929.15,,SH
512880.SH,20190919,999543.06,,SH
512880.SH,20190918,995629.15,,SH
512880.SH,20190917,992559.38,,SH
512880.SH,20190916,966008.34,,SH
512880.SH,20190912,953629.15,,SH
512880.SH,20190911,964429.15,,SH
512880.SH,20190910,990929.14,,SH
512880.SH,20190909,997829.15,,SH
512880.SH,20190906,1004129.15,,SH
512880.SH,20190905,984529.08,,SH
512880.SH,20190904,1009379.15,,SH
512880.SH,20190903,1005329.15,,SH
512880.SH,20190902,995629.15,,SH
512880.SH,20190830,1008529.07,,SH
512880.SH,20190829,996202.61,,SH
512880.SH,20190828,989629.1,,SH
512880.SH,20190827,983417.39,,SH
512880.SH,20190826,986693.4,,SH
512880.SH,20190823,976429.15,,SH
512880.SH,20190822,977529.15,,SH
512880.SH,20190821,974429.15,,SH
512880.SH,20190820,975003.26,,SH
512880.SH,20190819,982846.53,,SH
512880.SH,20190816,1030529.15,,SH
512880.SH,20190815,1035843.68,,SH
512880.SH,20190814,1022029.15,,SH
512880.SH,20190813,1027229.09,,SH
512880.SH,20190812,1016329.15,,SH
512880.SH,20190809,1042029.15,,SH
512880.SH,20190808,1047529.17,,SH
512880.SH,20190807,1069429.15,,SH
512880.SH,20190806,1075229.15,,SH
512880.SH,20190805,1082990.78,,SH
512880.SH,20190802,1068329.15,,SH
512880.SH,20190801,1054117.49,,SH
512880.SH,20190731,1032629.15,,SH
512880.SH,20190730,1029829.15,,SH
512880.SH,20190729,1042238.24,,SH
512880.SH,20190726,1031229.15,,SH
512880.SH,20190725,1018241.65,,SH
512880.SH,20190724,1012729.15,,SH
512880.SH,20190723,1013772.73,,SH
512880.SH,20190722,1014511.14,,SH
512880.SH,20190719,996222.39,,SH
512880.SH,20190718,999425.68,,SH
512880.SH,20190717,990465.75,,SH
512880.SH,20190716,981129.15,,SH
512880.SH,20190715,974028.64,,SH
512880.SH,20190712,974597.87,,SH
512880.SH,20190711,971811.78,,SH
512880.SH,20190710,964475.81,,SH
512880.SH,20190709,963229.15,,SH
512880.SH,20190708,970728.5,,SH
512880.SH,20190705,957949.15,,SH
512880.SH,20190704,945629.15,,SH
512880.SH,20190703,943229.15,,SH
512880.SH,20190702,920329.15,,SH
512880.SH,20190701,897129.15,,SH
512880.SH,20190630,875929.1482,,SH
512880.SH,20190628,875899.68,,SH
512880.SH,20190627,862252.77,,SH
512880.SH,20190626,860995.2,,SH
512880.SH,20190625,842129.95,,SH
512880.SH,20190624,823629.15,,SH
512880.SH,20190621,813225.98,,SH
512880.SH,20190620,784105.87,,SH
512880.SH,20190619,781894.45,,SH
512880.SH,20190618,765985.39,,SH
512880.SH,20190617,756328.75,,SH
512880.SH,20190614,768229.15,,SH
512880.SH,20190613,768329.15,,SH
512880.SH,20190612,787556.12,,SH
512880.SH,20190611,781829.15,,SH
512880.SH,20190610,801087.7,,SH
512880.SH,20190606,782229.15,,SH
512880.SH,20190605,770229.15,,SH
512880.SH,20190604,782309.32,,SH
512880.SH,20190603,784729.15,,SH
512880.SH,20190531,781086.56,,SH
512880.SH,20190530,780329.15,,SH
512880.SH,20190529,770129.15,,SH
512880.SH,20190528,772829.15,,SH
512880.SH,20190527,765892.91,,SH
512880.SH,20190524,761908.67,,SH
512880.SH,20190523,759329.15,,SH
512880.SH,20190522,759116.91,,SH
512880.SH,20190521,752929.15,,SH
512880.SH,20190520,758419.76,,SH
512880.SH,20190517,764703.8,,SH
512880.SH,20190516,736529.15,,SH
512880.SH,20190515,739189.16,,SH
512880.SH,20190514,741429.15,,SH
512880.SH,20190513,726529.15,,SH
512880.SH,20190510,717129.15,,SH
512880.SH,20190509,723829.08,,SH
512880.SH,20190508,717428.75,,SH
512880.SH,20190507,705760.56,,SH
512880.SH,20190506,704529.15,,SH
512880.SH,20190430,692329.15,,SH
512880.SH,20190429,688029.15,,SH
512880.SH,20190426,611329.15,,SH
512880.SH,20190425,611228.92,,SH
512880.SH,20190424,602529.15,,SH
512880.SH,20190423,603328.97,,SH
512880.SH,20190422,607429.15,,SH
512880.SH,20190419,607929.15,,SH
512880.SH,20190418,608729.15,,SH
512880.SH,20190417,601929.15,,SH
512880.SH,20190416,586773.74,,SH
512880.SH,20190415,595226.33,,SH
512880.SH,20190412,593028.66,,SH
512880.SH,20190411,585329.15,,SH
512880.SH,20190410,583987.89,,SH
512880.SH,20190409,560329.15,,SH
512880.SH,20190408,561828.76,,SH
512880.SH,20190404,553629.15,,SH
512880.SH,20190403,548873.36,,SH
512880.SH,20190402,563674.01,,SH
512880.SH,20190401,571729.15,,SH
512880.SH,20190331,519929.1482,,SH
512880.SH,20190329,519622.9,,SH
512880.SH,20190328,546329.15,,SH
512880.SH,20190327,528729.15,,SH
512880.SH,20190326,497406.61,,SH
512880.SH,20190325,454129.0,,SH
512880.SH,20190322,438729.15,,SH
512880.SH,20190321,429976.31,,SH
512880.SH,20190320,429428.68,,SH
512880.SH,20190319,430229.15,,SH
512880.SH,20190318,432229.15,,SH
512880.SH,20190315,428553.71,,SH
512880.SH,20190314,437229.15,,SH
512880.SH,20190313,412229.15,,SH
512880.SH,20190312,408229.15,,SH
512880.SH,20190311,399693.47,,SH
512880.SH,20190308,400724.18,,SH
512880.SH,20190307,382228.56,,SH
512880.SH,20190306,400728.35,,SH
512880.SH,20190305,426587.25,,SH
512880.SH,20190304,438729.14,,SH
512880.SH,20190301,450627.92,,SH
512880.SH,20190228,455328.19,,SH
512880.SH,20190227,442573.23,,SH
512880.SH,20190226,458129.12,,SH
512880.SH,20190225,469829.15,,SH
512880.SH,20190222,439529.28,,SH
512880.SH,20190221,442029.11,,SH
512880.SH,20190220,446529.15,,SH
512880.SH,20190219,436536.04,,SH
512880.SH,20190218,417929.15,,SH
512880.SH,20190215,411106.25,,SH
512880.SH,20190214,404529.15,,SH
512880.SH,20190213,408278.5,,SH
512880.SH,20190212,402529.15,,SH
512880.SH,20190211,401012.04,,SH
512880.SH,20190201,397629.15,,SH
512880.SH,20190131,389729.15,,SH
512880.SH,20190130,382929.15,,SH
512880.SH,20190129,378529.15,,SH
512880.SH,20190128,375729.15,,SH
512880.SH,20190125,371129.15,,SH
512880.SH,20190124,366551.77,,SH
512880.SH,20190123,367129.15,,SH
512880.SH,20190122,365120.38,,SH
512880.SH,20190121,363029.15,,SH
512880.SH,20190118,350929.15,,SH
512880.SH,20190117,350629.15,,SH
512880.SH,20190116,347629.15,,SH
512880.SH,20190115,340929.15,,SH
512880.SH,20190114,345719.51,,SH
512880.SH,20190111,344890.4,,SH
512880.SH,20190110,342329.15,,SH
512880.SH,20190109,352229.15,,SH
512880.SH,20190108,335791.74,,SH
512880.SH,20190107,339029.15,,SH
512880.SH,20190104,353029.15,,SH
512880.SH,20190103,356829.12,,SH
512880.SH,20190102,361229.15,,SH
512880.SH,20181231,360729.1482,,SH
512880.SH,20181228,360729.15,,SH
512880.SH,20181227,367429.15,,SH
512880.SH,20181226,370920.34,,SH
512880.SH,20181225,370429.15,,SH
512880.SH,20181224,369729.15,,SH
512880.SH,20181221,371829.15,,SH
512880.SH,20181220,367929.15,,SH
512880.SH,20181219,357529.15,,SH
512880.SH,20181218,354829.15,,SH
512880.SH,20181217,354329.15,,SH
512880.SH,20181214,352391.33,,SH
512880.SH,20181213,347629.15,,SH
512880.SH,20181212,345529.15,,SH
512880.SH,20181211,344829.15,,SH
512880.SH,20181210,344812.12,,SH
512880.SH,20181207,343529.15,,SH
512880.SH,20181206,344929.15,,SH
512880.SH,20181205,341629.15,,SH
512880.SH,20181204,334529.15,,SH
512880.SH,20181203,333327.27,,SH
512880.SH,20181130,341648.85,,SH
512880.SH,20181129,336929.15,,SH
512880.SH,20181128,335029.1,,SH
512880.SH,20181127,327629.15,,SH
512880.SH,20181126,325829.15,,SH
512880.SH,20181123,325529.15,,SH
512880.SH,20181122,321629.15,,SH
512880.SH,20181121,316529.1,,SH
512880.SH,20181120,291848.0,,SH
512880.SH,20181119,287129.15,,SH
512880.SH,20181116,296229.15,,SH
512880.SH,20181115,282354.89,,SH
512880.SH,20181114,277229.15,,SH
512880.SH,20181113,263629.15,,SH
512880.SH,20181112,260629.15,,SH
512880.SH,20181109,262129.15,,SH
512880.SH,20181108,265128.79,,SH
512880.SH,20181107,266429.15,,SH
512880.SH,20181106,263429.15,,SH
512880.SH,20181105,258929.15,,SH
512880.SH,20181102,253929.15,,SH
512880.SH,20181101,253329.15,,SH
512880.SH,20181031,254340.13,,SH
512880.SH,20181030,249129.15,,SH
512880.SH,20181029,250729.15,,SH
512880.SH,20181026,253429.15,,SH
512880.SH,20181025,252721.9,,SH
512880.SH,20181024,248729.15,,SH
512880.SH,20181023,247029.15,,SH
512880.SH,20181022,251629.15,,SH
512880.SH,20181019,261236.95,,SH
512880.SH,20181018,258329.15,,SH
512880.SH,20181017,257029.15,,SH
512880.SH,20181016,258257.56,,SH
512880.SH,20181015,258329.15,,SH
512880.SH,20181012,255629.15,,SH
512880.SH,20181011,256029.15,,SH
512880.SH,20181010,245329.15,,SH
512880.SH,20181009,245258.33,,SH
512880.SH,20181008,243028.75,,SH
512880.SH,20180930,238429.1482,,SH
512880.SH,20180928,238429.15,,SH
512880.SH,20180927,238529.15,,SH
512880.SH,20180926,237929.15,,SH
512880.SH,20180925,238629.15,,SH
512880.SH,20180921,238367.53,,SH
512880.SH,20180920,239265.8,,SH
512880.SH,20180919,240273.16,,SH
512880.SH,20180918,242129.15,,SH
512880.SH,20180917,243413.02,,SH
512880.SH,20180914,244045.04,,SH
512880.SH,20180913,248329.15,,SH
512880.SH,20180912,250029.15,,SH
512880.SH,20180911,254029.14,,SH
512880.SH,20180910,255920.68,,SH
512880.SH,20180907,248929.15,,SH
512880.SH,20180906,247029.15,,SH
512880.SH,20180905,246563.93,,SH
512880.SH,20180904,247348.15,,SH
512880.SH,20180903,243529.15,,SH
512880.SH,20180831,241998.09,,SH
512880.SH,20180830,242287.09,,SH
512880.SH,20180829,239329.15,,SH
512880.SH,20180828,236950.15,,SH
512880.SH,20180827,235929.15,,SH
512880.SH,20180824,235429.15,,SH
512880.SH,20180823,236029.15,,SH
512880.SH,20180822,235829.15,,SH
512880.SH,20180821,235306.13,,SH
512880.SH,20180820,235256.69,,SH
512880.SH,20180817,234729.15,,SH
512880.SH,20180816,234829.15,,SH
512880.SH,20180815,239029.15,,SH
512880.SH,20180814,237629.15,,SH
512880.SH,20180813,236452.73,,SH
512880.SH,20180810,232241.94,,SH
512880.SH,20180809,231329.15,,SH
512880.SH,20180808,231729.15,,SH
512880.SH,20180807,230729.15,,SH
512880.SH,20180806,233429.15,,SH
512880.SH,20180803,231929.15,,SH
512880.SH,20180802,232229.15,,SH
512880.SH,20180801,225729.15,,SH
512880.SH,20180731,224329.15,,SH
512880.SH,20180730,224229.15,,SH
512880.SH,20180727,222029.15,,SH
512880.SH,20180726,220028.72,,SH
512880.SH,20180725,219300.0,,SH
512880.SH,20180724,215500.0,,SH
512880.SH,20180723,214000.0,,SH
512880.SH,20180720,212200.0,,SH
512880.SH,20180719,217500.0,,SH
512880.SH,20180718,216100.0,,SH
512880.SH,20180717,215100.0,,SH
512880.SH,20180716,211200.0,,SH
512880.SH,20180713,208600.0,,SH
512880.SH,20180712,210200.0,,SH
512880.SH,20180711,213600.0,,SH
512880.SH,20180710,210600.0,,SH
512880.SH,20180709,211000.0,,SH
512880.SH,20180706,208900.0,,SH
512880.SH,20180705,206900.0,,SH
512880.SH,20180704,204700.0,,SH
512880.SH,20180703,203300.0,,SH
512880.SH,20180702,200800.0,,SH
512880.SH,20180630,197729.1482,,SH
512880.SH,20180629,197700.0,,SH
512880.SH,20180628,197700.0,,SH
512880.SH,20180627,200400.0,,SH
512880.SH,20180626,200800.0,,SH
512880.SH,20180625,200900.0,,SH
512880.SH,20180622,200900.0,,SH
512880.SH,20180621,203600.0,,SH
512880.SH,20180620,203900.0,,SH
512880.SH,20180619,202600.0,,SH
512880.SH,20180615,190000.0,,SH
512880.SH,20180614,187900.0,,SH
512880.SH,20180613,187300.0,,SH
512880.SH,20180612,183600.0,,SH
512880.SH,20180611,182400.0,,SH
512880.SH,20180608,183600.0,,SH
512880.SH,20180607,177300.0,,SH
512880.SH,20180606,179400.0,,SH
512880.SH,20180605,176400.0,,SH
512880.SH,20180604,173400.0,,SH
512880.SH,20180601,172500.0,,SH
512880.SH,20180531,173400.0,,SH
512880.SH,20180530,173100.0,,SH
512880.SH,20180529,168100.0,,SH
512880.SH,20180528,163800.0,,SH
512880.SH,20180525,162400.0,,SH
512880.SH,20180524,160400.0,,SH
512880.SH,20180523,158300.0,,SH
512880.SH,20180522,158100.0,,SH
512880.SH,20180521,159200.0,,SH
512880.SH,20180518,159600.0,,SH
512880.SH,20180517,160500.0,,SH
512880.SH,20180516,158300.0,,SH
512880.SH,20180515,155100.0,,SH
512880.SH,20180514,152800.0,,SH
512880.SH,20180511,153100.0,,SH
512880.SH,20180510,151900.0,,SH
512880.SH,20180509,149100.0,,SH
512880.SH,20180508,144800.0,,SH
512880.SH,20180507,143500.0,,SH
512880.SH,20180504,142800.0,,SH
512880.SH,20180503,139000.0,,SH
512880.SH,20180502,141300.0,,SH
512880.SH,20180427,139200.0,,SH
512880.SH,20180426,139700.0,,SH
512880.SH,20180425,137400.0,,SH
512880.SH,20180424,136300.0,,SH
512880.SH,20180423,140400.0,,SH
512880.SH,20180420,140600.0,,SH
512880.SH,20180419,136400.0,,SH
512880.SH,20180418,136000.0,,SH
512880.SH,20180417,136300.0,,SH
512880.SH,20180416,138100.0,,SH
512880.SH,20180413,135800.0,,SH
512880.SH,20180412,134600.0,,SH
512880.SH,20180411,133700.0,,SH
512880.SH,20180410,132000.0,,SH
512880.SH,20180409,131000.0,,SH
512880.SH,20180404,131200.0,,SH
512880.SH,20180403,129500.0,,SH
512880.SH,20180402,127600.0,,SH
512880.SH,20180331,125729.1482,,SH
512880.SH,20180330,125600.0,,SH
512880.SH,20180329,124500.0,,SH
512880.SH,20180328,126200.0,,SH
512880.SH,20180327,126700.0,,SH
512880.SH,20180326,126100.0,,SH
512880.SH,20180323,125400.0,,SH
512880.SH,20180322,120400.0,,SH
512880.SH,20180321,118200.0,,SH
512880.SH,20180320,118200.0,,SH
512880.SH,20180319,118000.0,,SH
512880.SH,20180316,118200.0,,SH
512880.SH,20180315,116400.0,,SH
512880.SH,20180314,114600.0,,SH
512880.SH,20180313,114300.0,,SH
512880.SH,20180312,112500.0,,SH
512880.SH,20180309,112500.0,,SH
512880.SH,20180308,109300.0,,SH
512880.SH,20180307,109200.0,,SH
512880.SH,20180306,108500.0,,SH
512880.SH,20180305,105300.0,,SH
512880.SH,20180302,103400.0,,SH
512880.SH,20180301,101200.0,,SH
512880.SH,20180228,98700.0,,SH
512880.SH,20180227,97100.0,,SH
512880.SH,20180226,96100.0,,SH
512880.SH,20180223,94700.0,,SH
512880.SH,20180222,93800.0,,SH
512880.SH,20180214,93000.0,,SH
512880.SH,20180213,91800.0,,SH
512880.SH,20180212,92200.0,,SH
512880.SH,20180209,91500.0,,SH
512880.SH,20180208,86000.0,,SH
512880.SH,20180207,85900.0,,SH
512880.SH,20180206,84600.0,,SH
512880.SH,20180205,83400.0,,SH
512880.SH,20180202,82100.0,,SH
512880.SH,20180201,79500.0,,SH
512880.SH,20180131,77000.0,,SH
512880.SH,20180130,71400.0,,SH
512880.SH,20180129,70200.0,,SH
512880.SH,20180126,69900.0,,SH
512880.SH,20180125,69300.0,,SH
512880.SH,20180124,67700.0,,SH
512880.SH,20180123,70600.0,,SH
512880.SH,20180122,67400.0,,SH
512880.SH,20180119,65600.0,,SH
512880.SH,20180118,66500.0,,SH
512880.SH,20180117,65700.0,,SH
512880.SH,20180116,77200.0,,SH
512880.SH,20180115,77900.0,,SH
512880.SH,20180112,74500.0,,SH
512880.SH,20180111,73100.0,,SH
512880.SH,20180110,71700.0,,SH
512880.SH,20180109,68700.0,,SH
512880.SH,20180108,67200.0,,SH
512880.SH,20180105,70100.0,,SH
512880.SH,20180104,70800.0,,SH
512880.SH,20180103,70400.0,,SH
512880.SH,20180102,72000.0,,SH
512880.SH,20171231,73029.1482,,SH
512880.SH,20171229,73000.0,,SH
512880.SH,20171228,71000.0,,SH
512880.SH,20171227,71600.0,,SH
512880.SH,20171226,70900.0,,SH
512880.SH,20171225,70300.0,,SH
512880.SH,20171222,69200.0,,SH
512880.SH,20171221,68500.0,,SH
512880.SH,20171220,71000.0,,SH
512880.SH,20171219,68300.0,,SH
512880.SH,20171218,66600.0,,SH
512880.SH,20171215,65200.0,,SH
512880.SH,20171214,64000.0,,SH
