ts_code,ann_date,end_date,eps,dt_eps,total_revenue_ps,revenue_ps,capital_rese_ps,surplus_rese_ps,undist_profit_ps,extra_item,profit_dedt,gross_margin,current_ratio,quick_ratio,cash_ratio,ar_turn,ca_turn,fa_turn,assets_turn,op_income,ebit,ebitda,fcff,fcfe,current_exint,noncurrent_exint,interestdebt,netdebt,tangible_asset,working_capital,networking_capital,invest_capital,retained_earnings,diluted2_eps,bps,ocfps,retainedps,cfps,ebit_ps,fcff_ps,fcfe_ps,netprofit_margin,grossprofit_margin,cogs_of_sales,expense_of_sales,profit_to_gr,saleexp_to_gr,adminexp_of_gr,finaexp_of_gr,impai_ttm,gc_of_gr,op_of_gr,ebit_of_gr,roe,roe_waa,roe_dt,roa,npta,roic,roe_yearly,roa2_yearly,debt_to_assets,assets_to_eqt,dp_assets_to_eqt,ca_to_assets,nca_to_assets,tbassets_to_totalassets,int_to_talcap,eqt_to_talcapital,currentdebt_to_debt,longdeb_to_debt,ocf_to_shortdebt,debt_to_eqt,eqt_to_debt,eqt_to_interestdebt,tangibleasset_to_debt,tangasset_to_intdebt,tangibleasset_to_netdebt,ocf_to_debt,turn_days,roa_yearly,roa_dp,fixed_assets,profit_to_op,q_saleexp_to_gr,q_gc_to_gr,q_roe,q_dt_roe,q_npta,q_ocf_to_sales,basic_eps_yoy,dt_eps_yoy,cfps_yoy,op_yoy,ebt_yoy,netprofit_yoy,dt_netprofit_yoy,ocf_yoy,roe_yoy,bps_yoy,assets_yoy,eqt_yoy,tr_yoy,or_yoy,q_sales_yoy,q_op_qoq,equity_yoy
600030.SH,20251025,20250930,1.51,1.51,3.766,3.766,6.1256,0.8146,7.8869,158426260.51,23000488312.03,,,,,,,,0.0299,91476049.23,,,,,,,,,,,,,128961106285.67,1.5626,18.9104,3.7922,8.7015,8.4854,,,,42.8482,,,,42.8482,,43.6162,,,,54.3013,,7.6164,8.15,7.5643,,1.2799,,10.1552,,84.1686,6.3166,6.1451,,,,,,,,,5.3166,0.1847,,,,,0.033,,1.7065,1.2394,9157753807.01,54.4206,,,3.0429,3.0395,0.5096,113.5214,38.53,38.53,-50.5322,37.674,38.54,37.86,37.41,-50.53,25.3837,6.8288,18.4484,7.48,32.7031,32.7031,55.7098,33.4633,9.9505
600030.SH,20250829,20250630,0.89,0.89,2.2293,2.2293,6.1258,0.8146,7.3044,147884791.76,13571194395.46,,1.2,1.2,,,,,0.0188,-134105924.92,,,,,,,,,,,,,120328122478.39,0.9257,18.3307,2.0476,8.119,2.9427,,,,42.8164,,,,42.8164,,46.383,,,,53.5153,,4.5842,4.91,4.5348,,0.8041,,9.1684,,82.8003,5.8141,5.8784,,,,,,,,,4.8141,0.2041,,,,,0.0203,,1.6082,0.7798,9187566085.82,53.7115,,,2.3604,2.3473,0.4106,547.896,28.99,28.99,-18.9294,25.9088,27.19,29.8,28.91,-18.93,18.6779,3.5539,5.6713,4.07,20.4363,20.4363,11.6936,15.0974,9.3679
600030.SH,20250430,20250331,0.42,0.42,1.1984,1.1984,6.1258,0.8146,7.1295,108095403.55,6437022116.74,,,,,,,,0.0101,-2361165935.54,,,,,,,,,,,,,117735384243.49,0.4416,18.1287,-3.6004,7.9441,-2.0845,,,,38.0704,,,,38.0704,,43.006,,,,46.2804,,2.198,2.37,2.1617,,0.3864,,8.792,,82.801,5.8143,5.877,,,,,,,,,4.8143,0.2041,,,,,-0.036,,1.5456,0.374,9068646810.79,46.7165,,,2.198,2.1617,0.3864,-300.4279,31.25,31.25,-175.6927,23.9035,25.1246,32.0,31.23,-175.6933,22.5962,2.4128,4.5934,3.18,29.1306,29.1306,29.1306,26.6217,7.6673
600030.SH,20250327,20241231,1.41,1.41,4.3041,4.3041,6.1262,0.8146,6.7157,137256987.57,21566439605.45,,1.19,1.19,,,,,0.0403,-7520716834.4,,,,,,,,,,,,,111602926980.93,1.4644,17.7016,11.6435,7.5303,5.6126,,,,35.4127,,,,35.4127,,47.1619,,,,44.6881,,7.7244,8.09,7.6756,,1.4279,,7.7244,,82.5355,5.7259,5.6305,,,,,,,,,4.7259,0.2076,,,,,0.1222,,1.4279,1.3719,9141746114.64,44.5506,,,1.6924,1.6658,0.2985,334.0289,8.46,8.46,522.5702,9.162,8.5277,10.06,11.24,522.5657,0.9437,4.0738,17.7074,9.03,6.195,6.195,23.7449,-18.5637,9.0274
600030.SH,20241030,20240930,1.09,1.09,3.1134,3.1134,6.1271,0.7854,6.8931,59998440.95,16738865805.66,,,,,,,,0.029,-4556385927.75,,,,,,,,,,,,,113800181394.78,1.1335,17.594,7.666,7.6785,3.4098,,,,37.8203,,,,37.8203,,43.6431,,,,47.7105,,6.0498,6.3,6.0282,,1.0958,,8.0664,,83.1403,5.9313,5.7352,,,,,,,,,4.9313,0.199,,,,,0.0789,,1.4611,1.0548,9468023009.84,47.5172,,,2.2019,2.1957,0.401,477.3883,0.93,0.93,309.2477,0.9222,0.4594,2.35,3.42,309.25,-6.2482,3.4412,19.1527,6.57,0.7311,0.7311,11.5429,7.6006,9.1659
600030.SH,20240829,20240630,0.69,0.69,2.0366,2.0366,6.1274,0.7854,6.5038,42282399.19,10527482059.69,,1.27,1.27,,,,,0.0205,-2450802861.05,,,,,,,,,,,,,108030010759.03,0.7132,17.2402,2.5257,7.2892,-1.491,,,,36.384,,,,36.384,,44.6502,,,,46.5248,,3.8568,3.96,3.8414,,0.7449,,7.7136,,80.9712,5.2552,5.3791,,,,,,,,,4.2552,0.2307,,,,,0.0309,,1.4898,0.717,9566967915.84,46.2239,,,2.0034,2.0073,0.3801,-201.2478,-8.0,-8.0,252.85,-7.154,-7.5892,-6.51,-5.62,252.84,-13.678,1.3611,2.8659,3.88,-4.1794,-4.1794,1.7157,11.6715,8.3037
600030.SH,20240427,20240331,0.32,0.32,0.9281,0.9281,6.1273,0.7854,6.6211,53267557.07,4905307059.69,,,,,,,,0.0091,-721071826.98,,,,,,,,,,,,,109768915513.65,0.3346,17.3502,4.7566,7.4065,2.1802,,,,37.5304,,,,37.5304,,44.9173,,,,48.2329,,1.804,1.88,1.7846,,0.3418,,7.216,,81.7585,5.482,5.4948,,,,,,,,,4.482,0.2192,,,,,0.055,,1.3672,0.3283,9634587042.04,48.2122,,,1.804,1.7846,0.3418,512.5219,-11.11,-11.11,3296.6398,-9.4988,-9.6152,-8.47,-7.97,3296.98,-15.78,2.0078,7.8419,4.49,-10.3832,-10.3832,-10.3832,54.2686,8.6835
600030.SH,20240427,20240331,,,0.9281,0.9281,6.1273,0.7854,6.6211,,,,,,,,,,0.0091,-721071826.98,,,,,,,,,,,,,109768915513.65,0.3346,17.3502,4.7566,7.4065,2.1802,,,,37.5304,,,,37.5304,,44.9173,,,,48.2329,,1.804,,,,0.3418,,7.216,,81.7585,5.482,5.4948,,,,,,,,,4.482,0.2192,,,,,0.055,,1.3672,0.3283,9634587042.04,48.2122,,,1.804,,0.3418,512.5219,-11.1111,-11.1111,3296.6398,-9.4988,-9.6152,-8.4667,,3296.978,-15.78,2.0078,7.8419,4.4864,-10.3832,-10.3832,-10.3832,54.2686,8.6835
600030.SH,20240327,20231231,1.3,1.3,4.053,4.053,6.1283,0.7854,6.3054,333644205.97,19386903206.87,,1.31,1.31,,,,,0.0435,-2257807957.14,,,,,,,,,,,,,105089795055.12,1.3306,17.0087,-2.7554,7.0908,-0.6987,,,,34.1935,,,,34.1935,,48.2661,,,,43.4735,,7.5564,7.81,7.4285,,1.4875,,7.5564,,81.1334,5.3004,5.2909,,,,,,,,,4.3004,0.228,,,,,-0.0346,,1.4875,1.4282,9712221642.75,43.593,,,1.2447,1.2053,0.2422,94.3761,-8.45,-8.45,-152.0063,-9.3593,-9.55,-7.49,-7.45,-152.0066,-12.9008,5.3151,11.0619,6.21,-7.7417,-7.7417,-6.71,-35.7034,6.2111
600030.SH,20231031,20230930,1.08,1.08,3.0908,3.0908,6.1352,0.762,6.323,228814370.91,16185133067.65,,,,,,,,0.0337,627419072.24,,,,,,,,,,,,,105004377448.73,1.1075,16.7805,-3.6636,7.0851,-1.9098,,,,37.2616,,,,37.2616,,46.0907,,,,47.6201,,6.3672,6.19,6.2785,,1.2545,,8.4896,,81.0549,5.2784,5.2778,,,,,,,,,4.2784,0.2292,,,,,-0.0474,,1.6727,1.2064,9552292519.19,47.6458,,,1.9635,1.9336,0.3746,-453.6657,-1.82,-1.82,-187.9299,-2.6248,-3.4555,-0.93,-0.2,-187.93,-6.0851,3.9021,7.9641,3.69,-8.0583,-8.0583,-4.2135,-14.1876,5.4922
600030.SH,20230830,20230630,0.75,0.75,2.1254,2.1254,6.1352,0.762,5.9942,150957421.65,11154813535.24,,1.31,1.31,,,,,0.023,460348504.75,,,,,,,,,,,,,100130955741.96,0.7628,16.4702,0.7158,6.7562,2.3722,,,,37.3077,,,,37.3077,,45.027,,,,48.0153,,4.4252,4.27,4.3661,,0.8596,,8.8504,,81.5661,5.4248,5.351,,,,,,,,,4.4248,0.2217,,,,,0.0091,,1.7192,0.827,9471875701.05,47.9295,,,2.281,2.2563,0.4272,79.3339,-1.32,-1.32,-89.726,-0.7612,-1.9662,0.98,1.97,-89.73,-4.9143,1.9808,8.9665,1.87,-9.7044,-9.7044,-17.8827,6.3258,6.1963
600030.SH,20230428,20230331,0.36,0.36,1.0356,1.0356,6.1357,0.762,6.1011,87308556.79,5329928863.32,,,,,,,,0.0112,-23087464.14,,,,,,,,,,,,,101714850078.5,0.3655,16.5106,-0.1488,6.8631,1.4474,,,,36.6834,,,,36.6834,,47.6866,,,,47.7615,,2.1179,2.07,2.0837,,0.4097,,8.4716,,81.7246,5.4718,5.3726,,,,,,,,,4.4718,0.2196,,,,,-0.0019,,1.6388,0.3942,9394818786.49,47.8025,,,2.1179,2.0837,0.4097,-14.3669,0.0,0.0,-102.8484,3.3747,3.6197,3.6,3.11,-102.85,-2.0683,2.2309,10.0545,2.11,0.8672,0.8672,0.8672,14.3808,5.7865
600030.SH,20230428,20230331,0.36,0.36,1.0356,1.0356,6.1357,0.762,6.1011,87308556.79,5329928863.32,,,,,,,,0.0112,-23087464.14,,,,,,,,,,,,,101714850078.5,0.3655,16.5106,-0.1488,6.8631,1.4474,,,,36.6834,,,,36.6834,,47.6866,,,,47.7615,,2.1179,2.07,2.0837,,0.4097,,8.4716,,81.7246,5.4718,5.3726,,,,,,,,,4.4718,0.2196,,,,,-0.0019,,1.6388,0.3942,9394818786.49,47.8025,,,2.1179,2.0837,0.4097,-14.3669,0.0,0.0,-102.8484,3.3747,3.6197,3.6,3.11,-102.85,-2.0683,2.2309,10.0809,2.11,0.8672,0.8672,0.8672,14.3808,5.7865
600030.SH,20230331,20221231,1.42,1.42,4.3931,4.3931,6.1358,0.762,5.7508,369102108.88,20948320173.28,,1.34,1.34,,,,,0.0503,1820548301.62,,,,,,,,,,,,,96523185583.98,1.4384,16.1503,5.2982,6.5128,2.4579,,,,34.049,,,,34.049,,44.0114,,,,44.2494,,9.2225,8.67,9.0629,,1.7139,,9.2225,,80.2512,5.0636,5.596,,,,,,,,,4.0636,0.2411,,,,,0.0748,,1.7139,1.6481,9236312809.6,44.4645,,,1.8927,1.885,0.376,109.7223,-15.98,-15.98,140.6632,-11.1498,-9.2294,-7.72,-10.15,175.92,-23.7379,5.2253,2.3168,21.01,-14.9172,-14.9172,-18.3045,-10.4956,21.0099
600030.SH,20230331,20221231,1.42,1.42,4.3931,4.3931,6.1358,0.762,5.7508,369102108.88,20948320173.28,,1.34,1.34,,,,,0.0503,1820548301.62,,,1684779206.0915,,,,,,,,,,96523185583.98,1.4384,16.1503,5.2982,6.5128,2.4579,,,,34.049,,,,34.049,,44.0114,,,,44.2494,,9.2225,8.67,9.0629,,1.7139,,9.2225,,80.2512,5.0636,5.596,,,,,,,,,4.0636,0.2411,,,,,0.0748,,1.7139,1.6481,9236312809.6,44.4645,,,1.8927,1.885,0.376,109.7223,-15.98,-15.98,140.6632,-11.1498,-9.2294,-7.72,-10.15,175.92,-23.7379,5.2253,2.3168,21.01,-14.9172,-14.9172,-18.3045,-10.4956,21.0099
600030.SH,20221029,20220930,1.11,1.11,3.3617,3.3617,6.1359,0.6737,5.7705,349762950.73,16217783087.37,,,,,,,,0.0381,1049721633.66,,,,,,,,,,,,,95507124122.35,1.1179,15.8585,4.1665,6.4442,5.0301,,,,34.5204,,,,34.5204,,40.477,,,,44.963,,7.2353,6.8,7.0825,,1.3159,,9.6471,,80.9915,5.2608,5.7077,,,,,,,,,4.2608,0.2301,,,,,0.0571,,1.7545,1.2676,9229241537.11,45.3742,,,2.1852,2.1472,0.4081,-277.8945,-18.38,-18.38,87.8155,-6.1937,-5.1583,-6.11,-7.49,115.33,-23.0594,3.3241,4.4256,18.94,-13.8208,-13.8208,-25.6574,-12.1375,22.0331
600030.SH,20221029,20220930,1.11,1.11,3.3617,3.3617,6.1359,0.6737,5.7705,349762950.73,16217783087.37,,,,,,,,0.0381,1049721633.66,,,,,,,,,,,,,95507124122.35,1.1179,15.8585,4.1665,6.4442,5.0301,,,,34.5204,,,,34.5204,,40.477,,,,44.963,,7.2353,6.8,7.0825,,1.3159,,9.6471,,80.9915,5.2608,5.7077,,,,,,,,,4.2608,0.2301,,,,,0.0571,,1.7545,1.2676,9229241537.11,45.3742,,,2.1852,2.1472,0.4081,-277.8945,-18.38,-18.38,87.8155,-6.1937,-5.1583,-6.11,-7.49,115.33,-23.0594,3.3241,4.4256,18.94,-13.8208,-13.8208,-25.6574,-12.1375,22.0331
600030.SH,20220830,20220630,0.76,0.76,2.3539,2.3539,6.1359,0.6737,5.4251,256553029.99,10939773749.85,,1.39,1.39,,,,,0.026,-1316991534.83,,,,,,,,,,,,,90387985947.02,0.7555,15.455,6.9671,6.0988,8.1029,,,,33.2828,,,,33.2828,,38.1534,,,,43.6882,,4.9543,4.64,4.8408,,0.8659,,9.9086,,82.3624,5.6697,5.9335,,,,,,,,,4.6697,0.2101,,,,,0.0893,,1.7318,0.835,8980033578.8,44.1462,,,2.4499,2.3693,0.4478,131.3423,-19.15,-19.15,3938.8986,-6.7417,-5.467,-8.21,-9.89,4530.23,-29.1569,1.24,9.7384,16.08,-7.5164,-7.5164,-7.7595,14.9247,29.5657
600030.SH,20220830,20220630,0.76,0.76,2.3539,2.3539,6.1359,0.6737,5.4251,256553029.99,10939773749.85,,1.39,1.39,,,,,0.026,-1316991534.83,,,-45794131971.0683,,,,,,,,,,90387985947.02,0.7555,15.455,6.9671,6.0988,8.1029,,,,33.2828,,,,33.2828,,38.1534,,,,43.6882,,4.9543,4.64,4.8408,,0.8659,,9.9086,,82.3624,5.6697,5.9335,,,,,,,,,4.6697,0.2101,,,,,0.0893,,1.7318,0.835,8980033578.8,44.1462,,,2.4499,2.3693,0.4478,131.3423,-19.15,-19.15,3938.8986,-6.7417,-5.467,-8.21,-9.89,4530.23,-29.1569,1.24,9.7384,16.08,-7.5164,-7.5164,-7.7595,14.9247,29.5657
600030.SH,20220429,20220331,0.36,0.36,1.0267,1.0267,6.1358,0.6737,5.5773,60131608.19,5168940448.64,,,,,,,,0.0115,1222074311.05,,,,,,,,,,,,,92644211571.94,0.3528,15.5567,5.224,6.2511,6.6533,,,,35.6131,,,,35.6131,,40.1619,,,,46.603,,2.3061,2.26,2.2796,,0.4104,,9.2244,,81.7393,5.4762,5.8233,,,,,,,,,4.4762,0.2194,,,,,0.0695,,1.6416,0.396,8814004169.2,46.5327,,,2.3061,2.2796,0.4104,508.8123,-10.0,-10.0,481.1748,3.7264,3.4805,1.24,1.66,537.02,-22.9449,1.3578,6.5276,16.8,-7.2002,-7.2002,-7.2002,-17.0151,31.3922
600030.SH,20220429,20220331,0.36,0.36,1.0267,1.0267,6.1358,0.6737,5.5773,60131608.19,5168940448.64,,,,,,,,0.0115,1222074311.05,,,,,,,,,,,,,92644211571.94,0.3528,15.5567,5.224,6.2511,6.6533,,,,35.6131,,,,35.6131,,40.1619,,,,46.603,,2.3061,2.26,2.2796,,0.4104,,9.2244,,81.7393,5.4762,5.8233,,,,,,,,,4.4762,0.2194,,,,,0.0695,,1.6416,0.396,8814004169.2,46.5327,,,2.3061,2.2796,0.4104,508.8123,-10.0,-10.0,481.1748,3.7264,3.4805,1.24,1.66,537.02,-22.9449,1.3578,6.5276,16.8,-7.2002,-7.2002,-7.2002,-17.0151,31.3922
600030.SH,20220329,20211231,1.77,1.77,5.9198,5.9198,5.0767,0.7724,6.0077,-214220956.12,23313845883.89,,1.38,1.38,,,,,0.0656,-3317024370.49,,,,,,,,,,,,,87645641351.37,1.787,15.3483,2.2015,6.7802,2.295,,,,31.3695,,,,31.3695,,36.7584,,,,42.3731,,11.8192,12.07,11.9288,,2.0591,,11.8192,,83.2788,5.9804,5.965,,,,,,,,,4.9804,0.1964,,,,,0.0267,,2.0591,1.9814,8757220770.04,41.6783,,,2.6411,2.8,0.4584,-1.1688,52.59,52.59,-72.0519,57.1136,55.804,55.01,56.47,-72.05,34.6581,9.1862,21.435,15.11,40.7133,40.7133,51.0495,13.366,15.1114
600030.SH,20220329,20211231,1.77,1.77,5.9198,5.9198,5.0767,0.7724,6.0077,-214220956.12,23313845883.89,,1.38,1.38,,,,,0.0656,-3317024370.49,,,45022036594.5684,,,,,,,,,,87645641351.37,1.787,15.3483,2.2015,6.7802,2.295,,,,31.3695,,,,31.3695,,36.7584,,,,42.3731,,11.8192,12.07,11.9288,,2.0591,,11.8192,,83.2788,5.9804,5.965,,,,,,,,,4.9804,0.1964,,,,,0.0267,,2.0591,1.9814,8757220770.04,41.6783,,,2.6411,2.8,0.4584,-1.1688,52.59,52.59,-72.0519,57.1136,55.804,55.01,56.47,-72.05,34.6581,9.1862,21.435,15.11,40.7133,40.7133,51.0495,13.366,15.1114
600030.SH,20211029,20210930,1.36,1.36,4.4722,4.4722,5.0767,0.7301,5.9421,113976842.0,17531167755.36,,,,,,,,0.051,-3345260857.81,,,,,,,,,,,,,86250285187.07,1.365,14.9385,2.2184,6.6722,3.5474,,,,31.6473,,,,31.6473,,35.1096,,,,41.3071,,9.1524,9.34,9.0933,,1.6153,,12.2032,,82.8199,5.8207,5.875,,,,,,,,,4.8207,0.203,,,,,0.0286,,2.1537,1.5578,7915539226.71,41.2299,,,2.7843,2.7555,0.4788,131.6355,37.37,37.37,-54.0037,40.6563,40.3688,39.37,39.61,-54.0,22.8738,6.2709,15.1386,12.2,37.6642,37.6642,31.7345,-20.7066,13.4238
600030.SH,20211029,20210930,1.36,1.36,4.4722,4.4722,5.0767,0.7301,5.9421,113976842.0,17531167755.36,,,,,,,,0.051,-3345260857.81,,,,,,,,,,,,,86250285187.07,1.365,14.9385,2.2184,6.6722,3.5474,,,,31.6473,,,,31.6473,,35.1096,,,,41.3071,,9.1524,9.34,9.0933,,1.6153,,12.2032,,82.8199,5.8207,5.875,,,,,,,,,4.8207,0.203,,,,,0.0286,,2.1537,1.5578,7915539226.71,41.2299,,,2.7843,2.7555,0.4788,131.6355,37.37,37.37,-54.0037,40.6563,40.3688,39.37,39.61,-54.0,22.8738,6.2709,15.1386,12.2,37.6642,37.6642,31.7345,-20.7066,13.4238
600030.SH,20210820,20210630,0.94,0.94,2.918,2.918,5.0768,0.7301,5.5358,57691985.21,12140291863.85,,1.47,1.47,,,,,0.034,-2779828096.57,,,,,,,,,,,,,80999156105.99,0.9436,14.4975,0.1725,6.266,1.1011,,,,33.3885,,,,33.3885,,35.3804,,,,43.3253,,6.6093,6.52,6.578,,1.1336,,13.2186,,83.6137,6.1027,6.02,,,,,,,,,5.1027,0.1917,,,,,0.0023,,2.2672,1.0979,8378403443.34,43.1892,,,3.7676,3.7798,0.6257,93.538,34.29,34.29,-92.7833,37.6022,37.2038,36.66,37.1,-92.78,28.373,3.13,11.0333,3.13,41.0457,41.0457,53.5056,39.0497,6.4543
600030.SH,20210820,20210630,0.94,0.94,2.918,2.918,5.0768,0.7301,5.5358,57691985.21,12140291863.85,,1.47,1.47,,,,,0.034,-2779828096.57,,,29452089734.51,,,,,,,,,,80999156105.99,0.9436,14.4975,0.1725,6.266,1.1011,,,,33.3885,,,,33.3885,,35.3804,,,,43.3253,,6.6093,6.52,6.578,,1.1336,,13.2186,,83.6137,6.1027,6.02,,,,,,,,,5.1027,0.1917,,,,,0.0023,,2.2672,1.0979,8378403443.34,43.1892,,,3.7676,3.7798,0.6257,93.538,34.29,34.29,-92.7833,37.6022,37.2038,36.66,37.1,-92.78,28.373,3.13,11.0333,3.13,41.0457,41.0457,53.5056,39.0497,6.4543
600030.SH,20210429,20210331,0.4,0.4,1.2684,1.2684,5.077,0.7301,5.3988,80469030.55,5084330302.93,,,,,,,,0.0149,-268574741.13,,,,,,,,,,,,,79228161124.04,0.3995,14.3847,-1.3705,6.129,-0.003,,,,32.5871,,,,32.5871,,38.3371,,,,41.6938,,2.8096,2.81,2.7658,,0.4854,,11.2384,,83.466,6.0481,5.9881,,,,,,,,,5.0481,0.194,,,,,-0.0185,,1.9416,0.4692,8474608615.16,41.7298,,,2.8096,2.7658,0.4854,-108.0436,25.0,25.0,-157.9959,23.558,23.6678,26.73,25.1,-157.9942,20.8703,2.3312,9.086,2.33,27.5786,27.5786,27.5786,86.7641,4.8455
600030.SH,20210429,20210331,0.4,0.4,1.2684,1.2684,5.077,0.7301,5.3988,80469030.55,5084330302.93,,,,,,,,0.0149,-268574741.13,,,,,,,,,,,,,79228161124.04,0.3995,14.3847,-1.3705,6.129,-0.003,,,,32.5871,,,,32.5871,,38.3371,,,,41.6938,,2.8096,2.81,2.7658,,0.4854,,11.2384,,83.466,6.0481,5.9881,,,,,,,,,5.0481,0.194,,,,,-0.0185,,1.9416,0.4692,8474608615.16,41.7298,,,2.8096,2.7658,0.4854,-108.0436,25.0,25.0,-157.9959,23.558,23.6678,26.73,25.1,-157.9942,20.8703,2.3312,9.086,2.33,27.5786,27.5786,27.5786,86.7641,4.8455
600030.SH,20210319,20201231,1.16,1.16,4.207,4.207,5.0769,0.7301,5.0103,2689666.01,14899634549.74,,1.52,1.52,,,,,0.059,-3821329999.74,,,,,,,,,,,,,74205464070.4,1.1528,14.057,7.8771,5.7404,8.1253,,,,28.5321,,,,28.5321,,37.0422,,,,37.95,,8.6809,8.43,8.6793,,1.6823,,8.6809,,82.3467,5.6647,5.3728,,,,,,,,,4.6647,0.2096,,,,,0.1174,,1.6823,1.6157,8590852620.07,37.6415,,,1.2403,1.296,0.2293,318.6914,14.85,14.85,334.3111,21.3244,20.4525,21.86,22.67,363.34,8.3933,5.3843,32.9964,12.43,26.0619,26.0619,19.5095,-28.2409,12.428
600030.SH,20210319,20201231,1.16,1.16,4.207,4.207,5.0769,0.7301,5.0103,2689666.01,14899634549.74,,1.52,1.52,,,,,0.059,-3821329999.74,,,27423636033.5834,,,,,,,,,,74205464070.4,1.1528,14.057,7.8771,5.7404,8.1253,,,,28.5321,,,,28.5321,,37.0422,,,,37.95,,8.6809,8.43,8.6793,,1.6823,,8.6809,,82.3467,5.6647,5.3728,,,,,,,,,4.6647,0.2096,,,,,0.1174,,1.6823,1.6157,8590852620.07,37.6415,,,1.2403,1.296,0.2293,318.6914,14.85,14.85,334.3111,21.3244,20.4525,21.86,22.67,363.34,8.3933,5.3843,32.9964,12.43,26.0619,26.0619,19.5095,-28.2409,12.428
600030.SH,20201030,20200930,0.99,0.99,3.2487,3.2487,5.0676,0.6717,5.1124,103356303.5,12557455683.48,,,,,,,,0.0457,-3981714116.42,,,,,,,,,,,,,74770374731.56,0.9794,13.9049,4.823,5.7841,5.4669,,,,31.2243,,,,31.2243,,35.5613,,0.8555,,40.4284,,7.4176,7.17,7.3571,,1.4285,,9.8901,,82.3982,5.6812,5.3779,,,,,,,,,4.6812,0.2089,,,,,0.0725,,1.9047,1.3793,8597868479.72,40.4355,,,2.0995,2.0812,0.3855,206.1894,13.79,13.79,461.3361,17.5298,17.5045,20.32,19.96,498.88,7.1613,4.244,31.8815,11.21,28.1343,28.1343,38.8642,-19.5879,12.2836
600030.SH,20201030,20200930,0.99,0.99,3.2487,3.2487,5.0676,0.6717,5.1124,103356303.5,12557455683.48,,,,,,,,0.0457,-3981714116.42,,,,,,,,,,,,,74770374731.56,0.9794,13.9049,4.823,5.7841,5.4669,,,,31.2243,,,,31.2243,,35.5613,,0.8555,,40.4284,,7.4176,7.17,7.3571,,1.4285,,9.8901,,82.3982,5.6812,5.3779,,,,,,,,,4.6812,0.2089,,,,,0.0725,,1.9047,1.3793,8597868479.72,40.4355,,,2.0995,2.0812,0.3855,206.1894,13.79,13.79,461.3361,17.5298,17.5045,20.32,19.96,498.88,7.1613,4.244,31.8815,11.21,28.1343,28.1343,38.8642,-19.5879,12.2836
600030.SH,20200825,20200630,0.7,0.7,2.0688,2.0688,5.0676,0.6717,4.8301,70711206.24,8855166210.57,,1.51,1.51,,,,,0.0303,-2995980715.84,,,,,,,,,,,,,71120799760.31,0.6905,13.6185,2.3903,5.5018,3.4628,,,,34.4766,,,,34.4766,,36.5602,,,,44.4095,,5.2868,5.07,5.2449,,1.0437,,10.5736,,81.5393,5.4169,5.2322,,,,,,,,,4.4169,0.2214,,,,,0.0389,,2.0874,1.0104,8785530810.43,44.3985,,,2.745,2.7113,0.5267,2.5315,32.08,32.08,-27.1849,32.9982,32.9309,38.48,38.16,-22.32,22.7135,2.1,23.1541,8.92,22.7265,22.7265,23.2718,14.6514,12.848
600030.SH,20200825,20200630,0.7,0.7,2.0688,2.0688,5.0676,0.6717,4.8301,70711206.24,8855166210.57,,1.51,1.51,,,,,0.0303,-2995980715.84,,,47373289639.693,,,,,,,,,,71120799760.31,0.6905,13.6185,2.3903,5.5018,3.4628,,,,34.4766,,,,34.4766,,36.5602,,,,44.4095,,5.2868,5.07,5.2449,,1.0437,,10.5736,,81.5393,5.4169,5.2322,,,,,,,,,4.4169,0.2214,,,,,0.0389,,2.0874,1.0104,8785530810.43,44.3985,,,2.745,2.7113,0.5267,2.5315,32.08,32.08,-27.1849,32.9982,32.9309,38.48,38.16,-22.32,22.7135,2.1,23.1541,8.92,22.7265,22.7265,23.2718,14.6514,12.848
600030.SH,20200429,20200331,0.32,0.32,0.9942,0.9942,5.0677,0.6717,4.9591,11256752.09,4064273788.7,,,,,,,,0.015,-1687310115.43,,,,,,,,,,,,,72788692665.38,0.3153,13.7199,2.3631,5.6308,5.0118,,,,32.8598,,,,32.8598,,33.8708,,,,43.0505,,2.4046,2.38,2.398,,0.4928,,9.6184,,80.3544,5.0902,5.0565,,,,,,,,,4.0902,0.2393,,,,,0.0412,,1.9712,0.4755,8930709232.02,43.0495,,,2.4046,2.398,0.4928,237.6796,-8.57,-8.57,10.5234,-3.5334,-3.5648,-4.28,-4.47,17.91,-14.7663,2.8571,16.4963,9.73,22.1425,22.1425,22.1425,115.6862,12.3073
600030.SH,20200429,20200331,0.32,0.32,0.9942,0.9942,5.0677,0.6717,4.9591,11256752.09,4064273788.7,,,,,,,,0.015,-1687310115.43,,,,,,,,,,,,,72788692665.38,0.3153,13.7199,2.3631,5.6308,5.0118,,,,32.8598,,,,32.8598,,33.8708,,,,43.0505,,2.4046,2.38,2.398,,0.4928,,9.6184,,80.3544,5.0902,5.0565,,,,,,,,,4.0902,0.2393,,,,,0.0412,,1.9712,0.4755,8930709232.02,43.0495,,,2.4046,2.398,0.4928,237.6796,-8.57,-8.57,10.5234,-3.5334,-3.5648,-4.28,-4.47,17.91,-14.7663,2.8571,16.4963,9.73,22.1425,22.1425,22.1425,115.6862,12.3073
600030.SH,20200320,20191231,1.01,1.01,3.5603,3.5603,4.4691,0.7166,4.9603,82356025.86,12146253697.96,,1.58,1.58,,,,,0.0597,-5750989846.86,,,,,,,,,,,,,68786933764.12,1.0092,13.3388,1.8137,5.6769,3.1218,,,,29.3197,,,,29.3197,,40.7105,,,,39.4319,,7.77,7.76,7.7176,,1.7508,,7.77,,79.1026,4.7853,4.5903,,,,,,,,,3.7853,0.2581,,,,,0.0351,,1.7508,1.6927,9016489785.69,39.3944,,,1.0608,1.0435,0.236,111.5784,31.17,31.17,-61.8818,41.3387,36.3326,30.23,34.99,-61.88,23.3951,5.5402,21.2192,5.54,15.9024,15.9024,3.5397,-53.4895,5.5403
600030.SH,20200320,20191231,1.01,1.01,3.5603,3.5603,4.4691,0.7166,4.9603,82356025.86,12146253697.96,,1.58,1.58,,,,,0.0597,-5750989846.86,,,52228663146.2936,,,,,,,,,,68786933764.12,1.0092,13.3388,1.8137,5.6769,3.1218,,,,29.3197,,,,29.3197,,40.7105,,,,39.4319,,7.77,7.76,7.7176,,1.7508,,7.77,,79.1026,4.7853,4.5903,,,,,,,,,3.7853,0.2581,,,,,0.0351,,1.7508,1.6927,9016489785.69,39.3944,,,1.0608,1.0435,0.236,111.5784,31.17,31.17,-61.8818,41.3387,36.3326,30.23,34.99,-61.88,23.3951,5.5402,21.2192,5.54,15.9024,15.9024,3.5397,-53.4895,5.5403
600030.SH,20191031,20190930,0.87,0.87,2.7048,2.7048,4.4723,0.6941,5.0556,54413424.11,10467799955.8,,,,,,,,0.0474,-3175116898.03,,,,,,,,,,,,,69667874465.59,0.8684,13.2114,0.8592,5.7496,1.7454,,,,33.1152,,,,33.1152,,36.9769,,,,44.0762,,6.7187,6.68,6.6839,,1.57,,8.9583,,77.552,4.4547,4.4139,,,,,,,,,3.4547,0.283,,,,,0.0184,,2.0933,1.5222,9209725265.55,44.0934,,,2.5794,2.5678,0.5765,-267.3828,45.0,45.0,-76.6737,50.3295,49.9508,43.85,43.5,-76.67,37.3015,4.5321,11.6788,4.53,20.4511,20.4511,52.184,72.6689,4.7712
600030.SH,20191031,20190930,0.87,0.87,2.7048,2.7048,4.4723,0.6941,5.0556,54413424.11,10467799955.8,,,,,,,,0.0474,-3175116898.03,,,,,,,,,,,,,69667874465.59,0.8684,13.2114,0.8592,5.7496,1.7454,,,,33.1152,,,,33.1152,,36.9769,,,,44.0762,,6.7187,6.68,6.6839,,1.57,,8.9583,,77.552,4.4547,4.4139,,,,,,,,,3.4547,0.283,,,,,0.0184,,2.0933,1.5222,9209725265.55,44.0934,,,2.5794,2.5678,0.5765,-267.3828,45.0,45.0,-76.6737,50.3295,49.9508,43.85,43.5,-76.67,37.3015,4.5321,11.6788,4.53,20.4511,20.4511,52.184,72.6689,4.7712
600030.SH,20190823,20190630,0.53,0.53,1.7984,1.7984,4.4929,0.6941,4.7276,36036599.59,6409585208.67,,1.66,1.66,,,,,0.0317,-2788823128.4,,,,,,,,,,,,,65694252347.73,0.532,12.8746,3.2827,5.4217,3.5292,,,,30.5812,,,,30.5812,,37.0007,,,,40.9797,,4.17,4.11,4.1467,,0.9679,,8.34,,77.9334,4.5317,4.4543,,,,,,,,,3.5317,0.2765,,,,,0.0705,,1.9358,0.9362,9234483150.85,40.9903,,,1.394,1.3731,0.3302,123.0769,15.22,15.22,10.962,4.15,20.7974,15.82,15.65,10.96,11.4025,1.82,10.8299,1.87,8.9965,8.9965,9.6073,-44.3085,3.9664
600030.SH,20190823,20190630,0.53,0.53,1.7984,1.7984,4.4929,0.6941,4.7276,36036599.59,6409585208.67,,1.66,1.66,,,,,0.0317,-2788823128.4,,,-315743913.1419,,,,,,,,,,65694252347.73,0.532,12.8746,3.2827,5.4217,3.5292,,,,30.5812,,,,30.5812,,37.0007,,,,40.9797,,4.17,4.11,4.1467,,0.9679,,8.34,,77.9334,4.5317,4.4543,,,,,,,,,3.5317,0.2765,,,,,0.0705,,1.9358,0.9362,9234483150.85,40.9903,,,1.394,1.3731,0.3302,123.0769,15.22,15.22,10.962,4.15,20.7974,15.82,15.65,10.96,11.4025,1.82,10.8299,1.87,8.9965,8.9965,9.6073,-44.3085,3.9664
600030.SH,20190430,20190331,0.35,0.35,0.8684,0.8684,4.4915,0.6941,4.9025,3170981.55,4254429306.71,,,,,,,,0.0159,127011287.39,,,,,,,,,,,,,67813141501.96,0.3514,13.0329,2.1381,5.5966,1.6175,,,,41.4069,,,,41.4069,,39.6421,,,,54.5089,,2.7375,2.74,2.7354,,0.6569,,10.95,,75.9871,4.1644,4.2644,,,,,,,,,3.1644,0.3086,,,,,0.0506,,2.6276,0.6419,9250200562.7,54.5255,,,2.7375,2.7354,0.6569,246.2078,59.09,59.09,71.4183,58.2861,57.4295,58.29,59.1,71.42,52.0808,3.1198,3.0937,3.12,8.3499,8.3499,8.3499,136.3996,4.0828
600030.SH,20190430,20190331,0.35,0.35,0.8684,0.8684,4.4915,0.6941,4.9025,3170981.55,4254429306.71,,,,,,,,0.0159,127011287.39,,,,,,,,,,,,,67813141501.96,0.3514,13.0329,2.1381,5.5966,1.6175,,,,41.4069,,,,41.4069,,39.6421,,,,54.5089,,2.7375,2.74,2.7354,,0.6569,,10.95,,75.9871,4.1644,4.2644,,,,,,,,,3.1644,0.3086,,,,,0.0506,,2.6276,0.6419,9250200562.7,54.5255,,,2.7375,2.7354,0.6569,246.2078,59.09,59.09,71.4183,58.2861,57.4295,58.29,59.1,71.42,52.0808,3.1198,3.0937,3.12,8.3499,8.3499,8.3499,136.3996,4.0828
600030.SH,20190322,20181231,0.77,0.77,3.0718,3.0718,4.4915,0.6941,4.5554,392318805.84,8997577184.1,,1.68,1.68,,,,,0.0582,-5112354773.62,,,,,,,,,,,,,63607982301.55,0.7749,12.6386,4.7581,5.2495,1.3758,,,,26.5348,,,,26.5348,,41.1264,,,,32.3354,,6.1992,6.2,5.9402,,1.5448,,6.1992,,75.9878,4.1645,4.221,,,,,,,,,3.1646,0.3086,,,,,0.1162,,1.5448,1.4687,9378741037.14,33.491,,,1.3567,1.1133,0.3462,130.0698,-18.09,-18.09,155.3332,-25.9279,-22.9273,-17.87,-21.42,155.3333,-19.6643,2.2309,4.4052,2.23,-14.0233,-14.0233,-32.3178,8.068,2.2308
600030.SH,20190322,20181231,0.77,0.77,3.0718,3.0718,4.4915,0.6941,4.5554,392318805.84,8997577184.1,,1.68,1.68,,,,,0.0582,-5112354773.62,,,-35486470276.7594,,,,,,,,,,63607982301.55,0.7749,12.6386,4.7581,5.2495,1.3758,,,,26.5348,,,,26.5348,,41.1264,,,,32.3354,,6.1992,6.2,5.9402,,1.5448,,6.1992,,75.9878,4.1645,4.221,,,,,,,,,3.1646,0.3086,,,,,0.1162,,1.5448,1.4687,9378741037.14,33.491,,,1.3567,1.1133,0.3462,130.0698,-18.09,-18.09,155.3332,-25.9279,-22.9273,-17.87,-21.42,155.3333,-19.6643,2.2309,4.4052,2.23,-14.0233,-14.0233,-32.3178,8.068,2.2308
600030.SH,20181031,20180930,0.6,0.6,2.2456,2.2456,4.4914,0.6812,4.5484,20005820.84,7294583305.18,,,,,,,,0.0439,-3027071524.43,,,,,,,,,,,,,63365502163.58,0.6037,12.6098,3.6834,5.2295,0.8411,,,,28.2354,,,,28.2354,,41.5119,,,,35.3159,,4.8346,4.81,4.8214,,1.2394,,6.4461,,74.5398,3.9277,4.097,,,,,,,,,2.9277,0.3338,,,,,0.0975,,1.6525,1.18,9021635718.3,35.4189,,,1.1554,1.1573,0.2925,121.7286,-7.69,-7.69,158.5429,-12.8224,-11.7153,-7.73,-8.35,158.543,-11.2015,1.9979,-1.8269,2.0,-4.5283,-4.5283,-26.401,-39.9778,3.914
600030.SH,20181031,20180930,0.6,0.6,2.2456,2.2456,4.4914,0.6812,4.5484,20005820.84,7294583305.18,,,,,,,,0.0439,-3027071524.43,,,,,,,,,,,,,63365502163.58,0.6037,12.6098,3.6834,5.2295,0.8411,,,,28.2354,,,,28.2354,,41.5119,,,,35.3159,,4.8346,4.81,4.8214,,1.2394,,6.4461,,74.5398,3.9277,4.097,,,,,,,,,2.9277,0.3338,,,,,0.0975,,1.6525,1.18,9021635718.3,35.4189,,,1.1554,1.1573,0.2925,121.7286,-7.69,-7.69,158.5429,-12.8224,-11.7153,-7.73,-8.35,158.543,-11.2015,1.9979,-1.8269,2.0,-4.5283,-4.5283,-26.401,-39.9778,3.914
600030.SH,20180824,20180630,0.46,0.46,1.65,1.65,4.4918,0.6812,4.4081,22966012.95,5542186024.54,,1.77,1.77,,,,,0.0312,-2492695928.44,,,,,,,,,,,,,61666246850.92,0.4593,12.3834,2.9584,5.0893,1.6613,,,,29.1247,,,,29.1247,,38.0004,,,,36.8342,,3.712,3.65,3.6967,,0.9075,,7.424,,76.6687,4.2861,4.2798,,,,,,,,,3.2861,0.2976,,,,,0.0711,,1.815,0.8673,8967529050.7,36.9859,,,1.9057,1.9009,0.4592,201.6658,12.2,12.2,172.9047,4.9948,8.1658,12.96,9.03,172.9048,8.1856,0.16,5.1392,0.17,6.9444,6.9444,1.9941,3.2255,4.4163
600030.SH,20180824,20180630,0.46,0.46,1.65,1.65,4.4918,0.6812,4.4081,22966012.95,5542186024.54,,1.77,1.77,,,,,0.0312,-2492695928.44,,,-16372140015.1823,,,,,,,,,,61666246850.92,0.4593,12.3834,2.9584,5.0893,1.6613,,,,29.1247,,,,29.1247,,38.0004,,,,36.8342,,3.712,3.65,3.6967,,0.9075,,7.424,,76.6687,4.2861,4.2798,,,,,,,,,3.2861,0.2976,,,,,0.0711,,1.815,0.8673,8967529050.7,36.9859,,,1.9057,1.9009,0.4592,201.6658,12.2,12.2,172.9047,4.9948,8.1658,12.96,9.03,172.9048,8.1856,0.16,5.1392,0.17,6.9444,6.9444,1.9941,3.2255,4.4163
600030.SH,20180428,20180331,0.22,0.22,0.8015,0.8015,4.4938,0.6812,4.5741,15686001.76,2674062824.62,,,,,,,,0.0151,-968212718.26,,,,,,,,,,,,,63676945246.26,0.222,12.5216,1.2473,5.2552,0.9128,,,,28.8137,,,,28.8137,,38.6628,,-0.078,,37.3124,,1.7841,1.78,1.7737,,0.4354,,7.1364,,76.4792,4.2516,4.2625,,,,,,,,,3.2516,0.3007,,,,,0.03,,1.7416,0.4186,8941257462.45,37.5268,,,1.7841,1.7737,0.4354,155.6247,15.79,15.79,139.8333,6.6156,12.4518,16.91,8.54,139.8336,12.2185,1.2845,5.4501,1.28,12.7369,12.7369,12.7369,-30.6647,4.1767
600030.SH,20180428,20180331,0.22,0.22,0.8015,0.8015,4.4938,0.6812,4.5741,15686001.76,2674062824.62,,,,,,,,0.0151,-968212718.26,,,,,,,,,,,,,63676945246.26,0.222,12.5216,1.2473,5.2552,0.9128,,,,28.8137,,,,28.8137,,38.6628,,-0.078,,37.3124,,1.7841,1.78,1.7737,,0.4354,,7.1364,,76.4792,4.2516,4.2625,,,,,,,,,3.2516,0.3007,,,,,0.03,,1.7416,0.4186,8941257462.45,37.5268,,,1.7841,1.7737,0.4354,155.6247,15.79,15.79,139.8333,6.6156,12.4518,16.91,8.54,139.8336,12.2185,1.2845,5.4501,1.28,12.7369,12.7369,12.7369,-30.6647,4.1767
600030.SH,20180323,20171231,0.94,0.94,3.5728,3.5728,4.4934,0.6738,4.2921,-16287038.8,11449551584.4,,1.64,1.64,,,,,0.0708,-5220337174.81,,,,,,,,,,,,,60171557394.85,0.9436,12.3628,-8.599,4.9659,-3.2832,,,,27.6669,,,,27.6669,,39.2517,,3.9748,,37.5323,,7.8178,7.82,7.8289,,1.9587,,7.8178,,75.5197,4.0849,4.1813,,,,,,,,,3.0849,0.3171,,,,,-0.2205,,1.9587,1.8697,9136112526.48,37.3601,,,2.3624,2.3516,0.5789,-188.9882,9.3,9.3,-110.9511,14.4093,13.4003,10.3,10.71,-110.95,5.0743,4.9777,4.7094,4.98,13.9203,13.9203,34.946,30.3782,4.9778
600030.SH,20180323,20171231,0.94,0.94,3.5728,3.5728,4.4934,0.6738,4.2921,-16287038.8,11449551584.4,,1.64,1.64,,,,,0.0708,-5220337174.81,,,97729328895.9315,,,,,,,,,,60171557394.85,0.9436,12.3628,-8.599,4.9659,-3.2832,,,,27.6669,,,,27.6669,,39.2517,,3.9748,,37.5323,,7.8178,7.82,7.8289,,1.9587,,7.8178,,75.5197,4.0849,4.1813,,,,,,,,,3.0849,0.3171,,,,,-0.2205,,1.9587,1.8697,9136112526.48,37.3601,,,2.3624,2.3516,0.5789,-188.9882,9.3,9.3,-110.9511,14.4093,13.4003,10.3,10.71,-110.95,5.0743,4.9777,4.7094,4.98,13.9203,13.9203,34.946,30.3782,4.9778
600030.SH,20171031,20170930,0.65,0.65,2.352,2.352,4.4872,0.6448,4.1984,-32285158.24,7959311857.84,,,,,,,,0.0464,-1255416915.48,,,,,,,,,,,,,58684424383.75,0.6542,12.1348,-6.2918,4.8432,-2.2993,,,,29.258,,,,29.258,,41.1075,,0.8623,,38.675,,5.472,5.45,5.4942,,1.3567,,7.296,,76.1761,4.1975,4.2426,,,,,,,,,3.1975,0.3055,,,,,-0.1584,,1.8089,1.2898,9203942002.73,38.3029,,,2.0641,1.9785,0.5099,-276.0587,-1.52,-1.52,-35.7982,0.0996,-0.6691,-0.18,-0.25,-35.7991,-5.3102,3.0416,5.747,3.04,5.3968,5.3968,10.4093,10.9207,5.4228
600030.SH,20171031,20170930,0.65,0.65,2.352,2.352,4.4872,0.6448,4.1984,-32285158.24,7959311857.84,,,,,,,,0.0464,-1255416915.48,,,,,,,,,,,,,58684424383.75,0.6542,12.1348,-6.2918,4.8432,-2.2993,,,,29.258,,,,29.258,,41.1075,,0.8623,,38.675,,5.472,5.45,5.4942,,1.3567,,7.296,,76.1761,4.1975,4.2426,,,,,,,,,3.1975,0.3055,,,,,-0.1584,,1.8089,1.2898,9203942002.73,38.3029,,,2.0641,1.9785,0.5099,-276.0587,-1.52,-1.52,-35.7982,0.0996,-0.6691,-0.18,-0.25,-35.7991,-5.3102,3.0416,5.747,3.04,5.3968,5.3968,10.4093,10.9207,5.4228
600030.SH,20170826,20170630,0.41,0.41,1.5428,1.5428,4.4872,0.6448,3.9551,-156704613.44,5083213502.05,,1.57,1.57,,,,,0.0311,-1114981899.02,,,,,,,,,,,,,55736791074.26,0.4066,11.8597,-4.0579,4.5999,-1.7419,,,,27.7241,,,,27.7241,,40.4265,,1.3895,,37.5177,,3.4403,3.39,3.5497,,0.8614,,6.8806,,75.7318,4.1206,4.2017,,,,,,,,,3.1206,0.3132,,,,,-0.1072,,1.7228,0.8188,9339850200.44,36.5685,,,1.815,1.8107,0.4471,-111.3987,-4.65,-4.65,-18.2992,-4.8039,-6.7357,-6.02,-3.95,-18.3003,-10.9144,0.68,1.4182,0.71,2.9455,2.9455,-4.5488,6.2963,5.4931
600030.SH,20170826,20170630,0.41,0.41,1.5428,1.5428,4.4872,0.6448,3.9551,-156704613.44,5083213502.05,,1.57,1.57,,,,,0.0311,-1114981899.02,,,36522251860.7031,,,,,,,,,,55736791074.26,0.4066,11.8597,-4.0579,4.5999,-1.7419,,,,27.7241,,,,27.7241,,40.4265,,1.3895,,37.5177,,3.4403,3.39,3.5497,,0.8614,,6.8806,,75.7318,4.1206,4.2017,,,,,,,,,3.1206,0.3132,,,,,-0.1072,,1.7228,0.8188,9339850200.44,36.5685,,,1.815,1.8107,0.4471,-111.3987,-4.65,-4.65,-18.2992,-4.8039,-6.7357,-6.02,-3.95,-18.3003,-10.9144,0.68,1.4182,0.71,2.9455,2.9455,-4.5488,6.2963,5.4931
600030.SH,20170429,20170331,0.19,0.19,0.711,0.711,4.4883,0.6448,4.0872,-162919672.54,2463708374.12,,,,,,,,0.0141,101830260.51,,,,,,,,,,,,,57337480035.26,0.1899,12.0196,-3.1313,4.732,-0.7555,,,,28.2255,,,,28.2255,,44.8956,,0.5652,,39.4619,,1.5959,1.6,1.7089,,0.398,,6.3836,,76.1635,4.1952,4.2382,,,,,,,,,3.1952,0.3062,,,,,-0.0798,,1.592,0.3766,3904056996.22,37.6175,,,1.5959,1.7089,0.398,-440.3957,35.71,35.71,-161.6612,41.8286,34.3195,40.18,51.16,-161.6519,33.8379,2.0634,4.5428,2.06,13.3574,13.3574,13.3574,6.5426,4.7383
600030.SH,20170429,20170331,0.19,0.19,0.711,0.711,4.4883,0.6448,4.0872,-162919672.54,2463708374.12,,,,,,,,0.0141,101830260.51,,,,,,,,,,,,,57337480035.26,0.1899,12.0196,-3.1313,4.732,-0.7555,,,,28.2255,,,,28.2255,,44.8956,,0.5652,,39.4619,,1.5959,1.6,1.7089,,0.398,,6.3836,,76.1635,4.1952,4.2382,,,,,,,,,3.1952,0.3062,,,,,-0.0798,,1.592,0.3766,3904056996.22,37.6175,,,1.5959,1.7089,0.398,-440.3957,35.71,35.71,-161.6612,41.8286,34.3195,40.18,51.16,-161.6519,33.8379,2.0634,4.5428,2.06,13.3574,13.3574,13.3574,6.5426,4.7383
600030.SH,20170323,20161231,0.86,0.86,3.1363,3.1363,4.4944,0.6448,3.8947,22803745.4,10342364843.01,,1.44,1.44,,,,,0.0626,1372488904.63,,,,,,,,,,,,,55005003869.93,0.8554,11.7766,-4.0763,4.5395,-3.806,,,,28.8963,,,,28.8963,,44.6611,,5.0929,,37.3722,,7.3555,7.36,7.3393,,1.8098,,7.3555,,75.5977,4.098,4.3059,,,,,,,,,3.098,0.3159,,,,,-0.1094,,1.8098,1.7082,3991409044.71,37.5311,,,1.7183,1.6749,0.459,61.5551,-49.71,-49.71,-157.2691,-48.6437,-47.7316,-47.65,-48.49,-157.2689,-48.9555,2.5577,-3.0302,2.56,-32.1557,-32.1557,-19.4282,-12.4216,2.5573
600030.SH,20170323,20161231,0.86,0.86,3.1363,3.1363,4.4944,0.6448,3.8947,22803745.4,10342364843.01,,1.44,1.44,,,,,0.0626,1372488904.63,,,61259180990.139,,,,,,,,,,55005003869.93,0.8554,11.7766,-4.0763,4.5395,-3.806,,,,28.8963,,,,28.8963,,44.6611,,5.0929,,37.3722,,7.3555,7.36,7.3393,,1.8098,,7.3555,,75.5977,4.098,4.3059,,,,,,,,,3.098,0.3159,,,,,-0.1094,,1.8098,1.7082,3991409044.71,37.5311,,,1.7183,1.6749,0.459,61.5551,-49.71,-49.71,-157.2691,-48.6437,-47.7316,-47.65,-48.49,-157.2689,-48.9555,2.5577,-3.0302,2.56,-32.1557,-32.1557,-19.4282,-12.4216,2.5573
600030.SH,20161029,20160930,0.66,0.66,2.2316,2.2316,4.4936,0.621,3.8428,-38450480.8,7979397853.63,,,,,,,,0.0465,2419607589.99,,,,,,,,,,,,,54087547857.58,0.6554,11.5106,-4.6332,4.4638,-4.8887,,,,30.8896,,,,30.8896,,42.8738,,3.5614,,40.7216,,5.7004,5.66,5.728,,1.4351,,7.6005,,74.0059,3.847,4.1779,,,,,,,,,2.847,0.344,,,,,-0.1385,,1.9135,1.3644,3937831563.02,40.642,,,1.9578,1.9495,0.5113,-164.1377,-52.86,-52.86,-160.1316,-50.0035,-50.1736,-50.33,-50.01,-160.1312,-52.4709,0.2412,-11.0721,0.24,-36.2388,-36.2388,-21.3881,-26.6947,4.5138
600030.SH,20161029,20160930,0.66,0.66,2.2316,2.2316,4.4936,0.621,3.8428,-38450480.8,7979397853.63,,,,,,,,0.0465,2419607589.99,,,,,,,,,,,,,54087547857.58,0.6554,11.5106,-4.6332,4.4638,-4.8887,,,,30.8896,,,,30.8896,,42.8738,,3.5614,,40.7216,,5.7004,5.66,5.728,,1.4351,,7.6005,,74.0059,3.847,4.1779,,,,,,,,,2.847,0.344,,,,,-0.1385,,1.9135,1.3644,3937831563.02,40.642,,,1.9578,1.9495,0.5113,-164.1377,-52.86,-52.86,-160.1316,-50.0035,-50.1736,-50.33,-50.01,-160.1312,-52.4709,0.2412,-11.0721,0.24,-36.2388,-36.2388,-21.3881,-26.6947,4.5138
600030.SH,20160825,20160630,0.43,0.43,1.4987,1.4987,4.4936,0.621,3.6216,-49905005.52,5292036133.14,,1.5,1.5,,,,,0.0306,1763128577.61,,,,,,,,,,,,,51407608670.94,0.4326,11.2421,-3.4302,4.2426,-3.0367,,,,30.2563,,,,30.2563,,43.5738,,4.355,,40.5717,,3.8075,3.73,3.8438,,0.9264,,7.615,,75.6203,4.1018,4.3077,,,,,,,,,3.1018,0.316,,,,,-0.0964,,1.8528,0.8839,3969557789.98,40.3644,,,2.6162,2.6608,0.6415,-256.2929,-61.95,-61.95,-130.5921,-56.4433,-56.6962,-57.96,-57.53,-130.5919,-59.7923,-2.09,-7.4742,-2.1,-41.6313,-41.6313,-50.1418,107.3518,4.5497
600030.SH,20160825,20160630,0.43,0.43,1.4987,1.4987,4.4936,0.621,3.6216,-49905005.52,5292036133.14,,1.5,1.5,,,,,0.0306,1763128577.61,,,45170528853.2833,,,,,,,,,,51407608670.94,0.4326,11.2421,-3.4302,4.2426,-3.0367,,,,30.2563,,,,30.2563,,43.5738,,4.355,,40.5717,,3.8075,3.73,3.8438,,0.9264,,7.615,,75.6203,4.1018,4.3077,,,,,,,,,3.1018,0.316,,,,,-0.0964,,1.8528,0.8839,3969557789.98,40.3644,,,2.6162,2.6608,0.6415,-256.2929,-61.95,-61.95,-130.5921,-56.4433,-56.6962,-57.96,-57.53,-130.5919,-59.7923,-2.09,-7.4742,-2.1,-41.6313,-41.6313,-50.1418,107.3518,4.5497
600030.SH,20160430,20160331,0.14,0.14,0.6272,0.6272,4.4937,0.621,3.8267,11482109.55,1629834278.98,,,,,,,,0.0127,708076285.63,,,,,,,,,,,,,53893110351.36,0.1355,11.4759,-1.1967,4.4478,-2.6202,,,,23.5596,,,,23.5596,,48.3129,,6.2114,,31.5402,,1.18,1.18,1.1717,,0.2983,,4.72,,75.7398,4.122,4.3161,,,,,,,,,3.122,0.3141,,,,,-0.0328,,1.1932,0.2734,3875050191.27,31.7468,,,1.18,1.1717,0.2983,-190.796,-60.0,-60.0,-166.3838,-53.8831,-53.5894,-57.0,-57.29,-173.0127,-67.8425,-0.061,-5.1165,-0.06,-23.486,-23.486,-23.486,-57.4253,33.7157
600030.SH,20160430,20160331,0.14,0.14,0.6272,0.6272,4.4937,0.621,3.8267,11482109.55,1629834278.98,,,,,,,,0.0127,708076285.63,,,,,,,,,,,,,53893110351.36,0.1355,11.4759,-1.1967,4.4478,-2.6202,,,,23.5596,,,,23.5596,,48.3129,,6.2114,,31.5402,,1.18,1.18,1.1717,,0.2983,,4.72,,75.7398,4.122,4.3161,,,,,,,,,3.122,0.3141,,,,,-0.0328,,1.1932,0.2734,3875050191.27,31.7468,,,1.18,1.1717,0.2983,-190.796,-60.0,-60.0,-166.3838,-53.8831,-53.5894,-57.0,-57.29,-173.0127,-67.8425,-0.061,-5.1165,-0.06,-23.486,-23.486,-23.486,-57.4253,33.7157
600030.SH,20160324,20151231,1.71,1.71,4.6227,4.6227,4.4937,0.621,3.6962,-277003906.91,20076797281.24,,1.4,1.4,,,,,0.1022,4535995064.96,,,,,,,,,,,,,52311995408.49,1.6341,11.4829,7.1178,4.3173,6.3395,,,,36.349,,,,36.349,,35.895,,4.4297,,49.3706,,16.622,16.63,16.8545,,3.7163,,16.622,,76.9948,4.3468,4.5994,,,,,,,,,3.3468,0.2933,,,,,0.1818,,3.7163,3.614,3927042128.87,48.7154,,,2.7982,3.0202,0.6288,-52.3042,66.02,66.02,157.6766,109.8149,76.9371,74.64,107.86,183.41,24.3878,27.6573,28.4559,40.4,91.8431,91.8431,15.1122,10.2052,40.4033
600030.SH,20160324,20151231,1.71,1.71,4.6227,4.6227,4.4937,0.621,3.6962,-277003906.91,20076797281.24,,1.4,1.4,,,,,0.1022,4535995064.96,,,1710677041.2474,,,,,,,,,,52311995408.49,1.6341,11.4829,7.1178,4.3173,6.3395,,,,36.349,,,,36.349,,35.895,,4.4297,,49.3706,,16.622,16.63,16.8545,,3.7163,,16.622,,76.9948,4.3468,4.5994,,,,,,,,,3.3468,0.2933,,,,,0.1818,,3.7163,3.614,3927042128.87,48.7154,,,2.7982,3.0202,0.6288,-52.3042,66.02,66.02,157.6766,109.8149,76.9371,74.64,107.86,183.41,24.3878,27.6573,28.4559,40.4,91.8431,91.8431,15.1122,10.2052,40.4033
600030.SH,20151030,20150930,1.4,1.4,3.4999,3.4999,4.4861,0.5854,3.7532,25551360.15,15960406645.23,,,,,,,,0.0755,4221637705.5,,,,,,,,,,,,,52569453151.35,1.3193,11.0135,7.7051,4.3385,9.5811,,,,38.6667,,,,38.6667,,34.9941,,1.8223,,51.9327,,13.7485,14.11,13.7265,,2.9183,,18.3313,,78.8323,4.7242,4.8325,,,,,,,,,3.7242,0.2628,,,,,0.1839,,3.8911,2.845,1467234952.43,52.0081,,,2.666,2.6531,0.515,-376.2159,141.38,141.38,538.315,223.324,143.8382,151.16,240.12,602.03,74.5707,22.4389,34.3062,34.66,144.0268,144.0268,65.0697,-56.3967,43.8738
600030.SH,20151030,20150930,1.4,1.4,3.4999,3.4999,4.4861,0.5854,3.7532,25551360.15,15960406645.23,,,,,,,,0.0755,4221637705.5,,,,,,,,,,,,,52569453151.35,1.3193,11.0135,7.7051,4.3385,9.5811,,,,38.6667,,,,38.6667,,34.9941,,1.8223,,51.9327,,13.7485,14.11,13.7265,,2.9183,,18.3313,,78.8323,4.7242,4.8325,,,,,,,,,3.7242,0.2628,,,,,0.1839,,3.8911,2.845,1467234952.43,52.0081,,,2.666,2.6531,0.515,-376.2159,141.38,141.38,538.315,223.324,143.8382,151.16,240.12,602.03,74.5707,22.4389,34.3062,34.66,144.0268,144.0268,65.0697,-56.3967,43.8738
600030.SH,20150825,20150630,1.13,1.13,2.5676,2.5676,4.4857,0.5854,3.4322,8566249.93,12461707496.34,,,,,,,,0.0496,2505526375.08,,,,,,,,,,,,,48680487027.67,1.0292,10.7529,11.2127,4.0176,15.5863,,,,40.957,,,,40.957,,33.7215,,0.4983,,54.3686,,10.8725,11.79,10.865,,2.0304,,21.745,,82.8821,5.8418,5.4716,,,,,,,,,4.8418,0.2027,,,,,0.2114,,4.0608,1.9871,1414837481.32,54.4068,,,7.387,7.3802,1.3096,547.7412,205.41,205.41,62540.7821,369.5602,190.6378,205.97,416.95,68625.24,110.7201,19.44,61.6895,31.48,195.3198,195.3198,265.5495,125.4174,45.2032
600030.SH,20150825,20150630,1.13,1.13,2.5676,2.5676,4.4857,0.5854,3.4322,8566249.93,12461707496.34,,,,,,,,0.0496,2505526375.08,,,36047364957.3575,,,,,,,,,,48680487027.67,1.0292,10.7529,11.2127,4.0176,15.5863,,,,40.957,,,,40.957,,33.7215,,0.4983,,54.3686,,10.8725,11.79,10.865,,2.0304,,21.745,,82.8821,5.8418,5.4716,,,,,,,,,4.8418,0.2027,,,,,0.2114,,4.0608,1.9871,1414837481.32,54.4068,,,7.387,7.3802,1.3096,547.7412,205.41,205.41,62540.7821,369.5602,190.6378,205.97,416.95,68625.24,110.7201,19.44,61.6895,31.48,195.3198,195.3198,265.5495,125.4174,45.2032
600030.SH,20150430,20150331,0.35,0.35,0.9016,0.9016,3.097,0.6438,3.3104,660019.63,3816385847.13,,,,,,,,0.019,1253803701.25,,,,,,,,,,,,,43562695883.76,0.3465,9.4392,1.8027,3.9542,3.1113,,,,39.6757,,,,39.6757,,41.2546,,0.5577,,52.3293,,3.759,3.76,3.7583,,0.7519,,15.036,,81.3266,5.3552,5.1617,,,,,,,,,4.3552,0.2249,,,,,0.0429,,3.0076,0.7282,1297414963.92,52.3389,,,3.759,3.7583,0.7519,199.9456,191.67,191.67,521.6207,174.8372,173.8991,191.3,192.34,522.35,147.3379,4.9371,18.5625,4.94,109.5027,109.5027,109.5027,-18.3824,17.7734
600030.SH,20150430,20150331,0.35,0.35,0.9016,0.9016,3.097,0.6438,3.3104,660019.63,3816385847.13,,,,,,,,0.019,1253803701.25,,,,,,,,,,,,,43562695883.76,0.3465,9.4392,1.8027,3.9542,3.1113,,,,39.6757,,,,39.6757,,41.2546,,0.5577,,52.3293,,3.759,3.76,3.7583,,0.7519,,15.036,,81.3266,5.3552,5.1617,,,,,,,,,4.3552,0.2249,,,,,0.0429,,3.0076,0.7282,1297414963.92,52.3389,,,3.759,3.7583,0.7519,199.9456,191.67,191.67,521.6207,174.8372,173.8991,191.3,192.34,522.35,147.3379,4.9371,18.5625,4.94,109.5027,109.5027,109.5027,-18.3824,17.7734
600030.SH,20150324,20141231,1.03,1.03,2.6502,2.6502,3.097,0.6438,2.9691,1678321674.64,9658872150.82,,,,,,,,0.0778,2428833594.88,,,,,,,,,,,,,39803087018.15,1.0291,8.9951,2.7623,3.6129,6.0466,,,,40.625,,,,40.625,,48.4514,,2.0549,,45.1418,,12.1392,12.18,10.3421,,3.1589,,12.1392,,78.9145,4.7426,4.0205,,,,,,,,,3.7426,0.2618,,,,,0.0804,,3.1589,3.0193,1296018310.08,52.8194,,,5.1835,5.1772,1.1958,144.9618,114.58,114.58,263.4497,92.1429,125.2665,116.2,83.36,263.5285,91.3042,13.07,76.7529,13.01,81.1793,81.1793,104.4747,98.4347,13.0122
600030.SH,20150324,20141231,1.03,1.03,2.6502,2.6502,3.097,0.6438,2.9691,1678321674.64,9658872150.82,,,,,,,,0.0778,2428833594.88,,,45192254080.7434,,,,,,,,,,39803087018.15,1.0291,8.9951,2.7623,3.6129,6.0466,,,,40.625,,,,40.625,,48.4514,,2.0549,,45.1418,,12.1392,12.18,10.3421,,3.1589,,12.1392,,78.9145,4.7426,4.0205,,,,,,,,,3.7426,0.2618,,,,,0.0804,,3.1589,3.0193,1296018310.08,52.8194,,,5.1835,5.1772,1.1958,144.9618,114.58,114.58,263.4497,92.1429,125.2665,116.2,83.36,263.5285,91.3042,13.07,76.7529,13.01,81.1793,81.1793,104.4747,98.4347,13.0122
600030.SH,20141031,20140930,0.58,0.58,1.5774,1.5774,3.1196,0.5845,2.7389,1672298158.18,4692516255.17,,,,,,,,0.0537,478457858.55,,,,,,,,,,,,,36613531425.85,0.5777,8.4193,1.2071,3.3234,2.437,,,,38.8269,,,,38.8269,,54.775,,1.6096,,39.1959,,7.0546,7.05,5.2011,,2.0856,,9.4061,,74.8204,3.9715,3.586,,,,,,,,,2.9715,0.33,,,,,0.0473,,2.7808,1.9673,1144516703.13,52.0483,,,2.5089,2.5009,0.6748,191.434,70.59,70.59,161.0417,44.3379,91.3297,72.18,27.04,161.0435,61.2718,5.7781,38.4559,5.78,68.1508,68.1508,59.388,87.5741,6.7612
600030.SH,20141031,20140930,0.58,0.58,1.5774,1.5774,3.1196,0.5845,2.7389,1672298158.18,4692516255.17,,,,,,,,0.0537,478457858.55,,,,,,,,,,,,,36613531425.85,0.5777,8.4193,1.2071,3.3234,2.437,,,,38.8269,,,,38.8269,,54.775,,1.6096,,39.1959,,7.0546,7.05,5.2011,,2.0856,,9.4061,,74.8204,3.9715,3.586,,,,,,,,,2.9715,0.33,,,,,0.0473,,2.7808,1.9673,1144516703.13,52.0483,,,2.5089,2.5009,0.6748,191.434,70.59,70.59,161.0417,44.3379,91.3297,72.18,27.04,161.0435,61.2718,5.7781,38.4559,5.78,68.1508,68.1508,59.388,87.5741,6.7612
600030.SH,20140829,20140630,0.37,0.37,0.9562,0.9562,3.0435,0.5845,2.5357,1665018794.91,2410600878.36,,,,,,,,0.0345,-323309394.07,,,,,,,,,,,,,34375070795.79,0.3699,8.1448,0.0179,3.1202,0.6707,,,,41.1351,,,,41.1351,,58.527,,2.6542,,34.194,,4.5943,4.56,2.7174,,1.4183,,9.1886,,73.086,3.7155,3.4444,,,,,,,,,2.7155,0.3614,,,,,0.0008,,2.8366,1.3339,1154207011.62,55.2833,,,3.1065,1.2415,0.8821,-51.67,94.74,94.74,101.0594,33.0762,114.3906,93.19,14.65,101.0621,81.6638,2.3293,25.2031,2.33,74.3787,74.3787,87.5685,-9.5308,6.3432
600030.SH,20140829,20140630,0.37,0.37,0.9562,0.9562,3.0435,0.5845,2.5357,1665018794.91,2410600878.36,,,,,,,,0.0345,-323309394.07,,,14563356771.3858,,,,,,,,,,34375070795.79,0.3699,8.1448,0.0179,3.1202,0.6707,,,,41.1351,,,,41.1351,,58.527,,2.6542,,34.194,,4.5943,4.56,2.7174,,1.4183,,9.1886,,73.086,3.7155,3.4444,,,,,,,,,2.7155,0.3614,,,,,0.0008,,2.8366,1.3339,1154207011.62,55.2833,,,3.1065,1.2415,0.8821,-51.67,94.74,94.74,101.0594,33.0762,114.3906,93.19,14.65,101.0621,81.6638,2.3293,25.2031,2.33,74.3787,74.3787,87.5685,-9.5308,6.3432
600030.SH,20140430,20140331,0.12,0.12,0.4304,0.4304,3.0184,0.5845,2.4384,4894932.27,1305461330.91,,,,,,,,0.0161,521986808.69,,,,,,,,,,,,,33302904457.22,0.1189,8.0147,0.29,3.0229,0.4746,,,,30.1202,,,,30.1202,,55.2595,,0.0221,,39.8896,,1.4892,1.48,1.4836,,0.4838,,5.9568,,71.7883,3.5446,3.3545,,,,,,,,,2.5446,0.3856,,,,,0.0139,,1.9352,0.4439,3990219666.58,40.0335,,,1.4892,1.4836,0.4838,67.3078,33.33,33.33,159.1837,41.6862,41.6395,34.35,34.39,159.1172,32.8764,0.63,17.5538,0.69,60.5805,60.5805,60.5805,-11.6381,1.1095
600030.SH,20140430,20140331,0.12,0.12,0.4304,0.4304,3.0184,0.5845,2.4384,4894932.27,1305461330.91,,,,,,,,0.0161,521986808.69,,,,,,,,,,,,,33302904457.22,0.1189,8.0147,0.29,3.0229,0.4746,,,,30.1202,,,,30.1202,,55.2595,,0.0221,,39.8896,,1.4892,1.48,1.4836,,0.4838,,5.9568,,71.7883,3.5446,3.3545,,,,,,,,,2.5446,0.3856,,,,,0.0139,,1.9352,0.4439,3990219666.58,40.0335,,,1.4892,1.4836,0.4838,67.3078,33.33,33.33,159.1837,41.6862,41.6395,34.35,34.39,159.1172,32.8764,0.63,17.5538,0.69,60.5805,60.5805,60.5805,-11.6381,1.1095
600030.SH,20140328,20131231,0.48,0.48,1.4628,1.4628,3.0947,0.5845,2.3266,-23903141.28,5267820120.39,,,,,,,,0.0733,1398165773.17,,,,,,,,,,,,,32071273140.7,0.476,7.9594,-1.69,2.9111,0.5543,,,,32.938,,,,32.938,,50.1445,,2.1891,,42.566,,6.0222,6.02,6.0496,,2.4135,,6.0222,,67.0534,3.0352,2.5257,,,,,,,,,2.0352,0.4819,,,,,-0.1023,,2.4135,2.3843,4069751857.66,42.482,,,1.7726,1.8033,0.5879,54.955,26.32,26.32,2.3121,26.31,24.76,23.75,25.7,2.5814,22.026,1.4,61.0339,1.42,37.8094,37.8094,62.9896,6.3618,1.415
600030.SH,20140328,20131231,0.48,0.48,1.4628,1.4628,3.0947,0.5845,2.3266,-23903141.28,5267820120.39,,,,,,,,0.0733,1398165773.17,,,34254552627.2266,,,,,,,,,,32071273140.7,0.476,7.9594,-1.69,2.9111,0.5543,,,,32.938,,,,32.938,,50.1445,,2.1891,,42.566,,6.0222,6.02,6.0496,,2.4135,,6.0222,,67.0534,3.0352,2.5257,,,,,,,,,2.0352,0.4819,,,,,-0.1023,,2.4135,2.3843,4069751857.66,42.482,,,1.7726,1.8033,0.5879,54.955,26.32,26.32,2.3121,26.31,24.76,23.75,25.7,2.5814,22.026,1.4,61.0339,1.42,37.8094,37.8094,62.9896,6.3618,1.415
600030.SH,20131031,20130930,0.34,0.34,0.9381,0.9381,3.1433,0.5342,2.3247,2867554.67,3693829191.33,,,,,,,,0.0474,650948573.63,,,,,,,,,,,,,31496557633.8,0.3355,7.8861,-1.9775,2.8589,0.457,,,,36.0226,,,,36.0226,,47.9999,,1.898,,45.6624,,4.2651,4.24,4.2618,,1.7064,,5.6868,,67.0037,3.0306,2.5173,,,,,,,,,2.0306,0.4841,,,,,-0.1214,,2.2752,1.6943,4061087685.26,45.7429,,,1.8534,1.8584,0.6905,-73.877,25.93,25.93,-63.4298,26.6558,25.4847,26.58,27.82,-63.0648,22.9383,0.4804,58.9603,0.48,26.8494,26.8494,81.9893,46.6611,2.964
600030.SH,20131031,20130930,0.34,0.34,0.9381,0.9381,3.1433,0.5342,2.3247,2867554.67,3693829191.33,,,,,,,,0.0474,650948573.63,,,,,,,,,,,,,31496557633.8,0.3355,7.8861,-1.9775,2.8589,0.457,,,,36.0226,,,,36.0226,,47.9999,,1.898,,45.6624,,4.2651,4.24,4.2618,,1.7064,,5.6868,,67.0037,3.0306,2.5173,,,,,,,,,2.0306,0.4841,,,,,-0.1214,,2.2752,1.6943,4061087685.26,45.7429,,,1.8534,1.8584,0.6905,-73.877,25.93,25.93,-63.4298,26.6558,25.4847,26.58,27.82,-63.0648,22.9383,0.4804,58.9603,0.48,26.8494,26.8494,81.9893,46.6611,2.964
600030.SH,20130830,20130630,0.19,0.19,0.5484,0.5484,3.0553,0.5342,2.1807,7187613.68,2102485966.19,,,,,,,,0.0329,249769038.32,,,,,,,,,,,,,29909671985.73,0.1915,7.659,-1.6896,2.7149,0.6274,,,,34.9414,,,,34.9414,,47.3858,,3.2557,,44.8067,,2.4697,2.42,2.4613,,1.1485,,4.9394,,57.5142,2.3537,2.1516,,,,,,,,,1.3537,0.7369,,,,,-0.1626,,2.297,1.1478,3626872815.67,44.9657,,,1.3213,1.3175,0.5692,-427.8656,-5.0,-5.0,-156.0,-5.6755,-6.47,-6.18,-5.44,-154.2265,-6.4312,-2.4132,18.1466,-2.41,4.3736,4.3736,-9.1299,2.7926,0.2636
600030.SH,20130830,20130630,0.19,0.19,0.5484,0.5484,3.0553,0.5342,2.1807,7187613.68,2102485966.19,,,,,,,,0.0329,249769038.32,,,26623603413.3695,,,,,,,,,,29909671985.73,0.1915,7.659,-1.6896,2.7149,0.6274,,,,34.9414,,,,34.9414,,47.3858,,3.2557,,44.8067,,2.4697,2.42,2.4613,,1.1485,,4.9394,,57.5142,2.3537,2.1516,,,,,,,,,1.3537,0.7369,,,,,-0.1626,,2.297,1.1478,3626872815.67,44.9657,,,1.3213,1.3175,0.5692,-427.8656,-5.0,-5.0,-156.0,-5.6755,-6.47,-6.18,-5.44,-154.2265,-6.4312,-2.4132,18.1466,-2.41,4.3736,4.3736,-9.1299,2.7926,0.2636
600030.SH,20130426,20130331,0.09,0.09,0.268,0.268,3.1154,0.5342,2.3777,3944341.69,971381484.38,,,,,,,,0.0165,68379284.44,,,,,,,,,,,,,32080396751.93,0.0885,7.9268,-0.49,2.9119,-0.0134,,,,34.033,,,,34.033,,51.1485,,0.0016,,45.209,,1.1224,1.12,1.1179,,0.5612,,4.4896,,53.8613,2.1674,2.0604,,,,,,,,,1.1674,0.8553,,,,,-0.0529,,2.2448,0.5447,3679968349.86,45.3871,,,1.1224,1.1179,0.5612,-182.8285,12.5,12.5,-712.5,20.866,18.9893,12.98,14.6238,-735.9801,13.1834,1.02,12.5022,1.0,23.586,23.586,23.586,-21.6946,-0.1777
600030.SH,20130426,20130331,0.09,0.09,0.268,0.268,3.1154,0.5342,2.3777,3944341.69,971381484.38,,,,,,,,0.0165,68379284.44,,,,,,,,,,,,,32080396751.93,0.0885,7.9268,-0.49,2.9119,-0.0134,,,,34.033,,,,34.033,,51.1485,,0.0016,,45.209,,1.1224,1.12,1.1179,,0.5612,,4.4896,,53.8613,2.1674,2.0604,,,,,,,,,1.1674,0.8553,,,,,-0.0529,,2.2448,0.5447,3679968349.86,45.3871,,,1.1224,1.1179,0.5612,-182.8285,12.5,12.5,-712.5,20.866,18.9893,12.98,14.6238,-735.9801,13.1834,1.02,12.5022,1.0,23.586,23.586,23.586,-21.6946,-0.1777
600030.SH,20130328,20121231,0.38,0.38,1.0614,1.0614,3.1217,0.5342,2.2892,46751552.63,4190666923.74,,,,,,,,0.0738,1313088598.2,,,,,,,,,,,,,31105070925.86,0.3846,7.8484,-1.73,2.8234,-0.8639,,,,36.8295,,,,36.8295,,49.7696,,0.2569,,46.4405,,4.8973,4.9,4.8432,,2.719,,4.8973,,48.5576,1.9439,1.8306,,,,,,,,,0.9439,1.0567,,,,,-0.2335,,2.719,2.6752,3711611258.5,46.9243,,,1.5418,1.5227,0.8735,-161.9228,-69.11,-69.11,29.1,-63.82,-63.49,-66.31,-66.64,29.05,-66.2592,-0.13,13.6412,-0.14,-53.2865,-53.2865,-77.2427,99.0814,-0.1412
600030.SH,20130328,20121231,0.38,0.38,1.0614,1.0614,3.1217,0.5342,2.2892,46751552.63,4190666923.74,,,,,,,,0.0738,1313088598.2,,,22971475723.6401,,,,,,,,,,31105070925.86,0.3846,7.8484,-1.73,2.8234,-0.8639,,,,36.8295,,,,36.8295,,49.7696,,0.2569,,46.4405,,4.8973,4.9,4.8432,,2.719,,4.8973,,48.5576,1.9439,1.8306,,,,,,,,,0.9439,1.0567,,,,,-0.2335,,2.719,2.6752,3711611258.5,46.9243,,,1.5418,1.5227,0.8735,-161.9228,-69.11,-69.11,29.1,-63.82,-63.49,-66.31,-66.64,29.05,-66.2592,-0.13,13.6412,-0.14,-53.2865,-53.2865,-77.2427,99.0814,-0.1412
600030.SH,20121031,20120930,0.27,0.27,0.7395,0.7395,3.045,0.496,2.2719,30460988.5,2889931443.5,,,,,,,,0.0546,1087989268.6,,,,,,,,,,,,,30494137053.07,0.2651,7.6591,-1.21,2.7679,-0.6456,,,,35.788,,,,35.788,,50.735,,-0.0433,,45.7322,,3.4163,3.39,3.3807,,1.9553,,4.5551,,43.5047,1.7701,1.7445,,,,,,,,,0.7701,1.2933,,,,,-0.2048,,2.6071,1.9584,3661589168.22,46.2404,,,0.797,0.791,0.4468,-255.9415,50.0,50.0,58.28,-17.5022,-16.5783,86.58,-13.2542,53.67,-31.8618,-2.54,1.1354,-2.55,-13.7818,-13.7818,21.5083,-51.4985,28.5772
600030.SH,20121031,20120930,0.27,0.27,0.7395,0.7395,3.045,0.496,2.2719,30460988.5,2889931443.5,,,,,,,,0.0546,1087989268.6,,,,,,,,,,,,,30494137053.07,0.2651,7.6591,-1.21,2.7679,-0.6456,,,,35.788,,,,35.788,,50.735,,-0.0433,,45.7322,,3.4163,3.39,3.3807,,1.9553,,4.5551,,43.5047,1.7701,1.7445,,,,,,,,,0.7701,1.2933,,,,,-0.2048,,2.6071,1.9584,3661589168.22,46.2404,,,0.797,0.791,0.4468,-255.9415,50.0,50.0,58.28,-17.5022,-16.5783,86.58,-13.2542,53.67,-31.8618,-2.54,1.1354,-2.55,-13.7818,-13.7818,21.5083,-51.4985,28.5772
600030.SH,20120831,20120630,0.2,0.2,0.5254,0.5254,3.0884,0.496,2.211,25359814.27,2223388571.37,,,,,,,,0.0389,683865798.73,,,,,,,,,,,,,29822493006.71,0.2041,7.6389,-0.66,2.707,-0.5128,,,,38.8266,,,,38.8266,,47.1807,,-0.059,,49.5803,,2.6341,2.56,2.6044,,1.5107,,5.2682,,43.3763,1.766,1.7425,,,,,,,,,0.766,1.3,,,,,-0.1131,,3.0214,1.5116,3693073199.28,50.1778,,,1.6144,1.6033,0.9255,-240.3741,-33.33,-33.33,69.16,-28.25,-27.33,-24.37,-25.23,65.66,-39.1878,-2.8,0.6493,-2.81,-22.9084,-22.9084,-16.3033,59.8552,24.3641
600030.SH,20120831,20120630,0.2,0.2,0.5254,0.5254,3.0884,0.496,2.211,25359814.27,2223388571.37,,,,,,,,0.0389,683865798.73,,,8662173335.8256,,,,,,,,,,29822493006.71,0.2041,7.6389,-0.66,2.707,-0.5128,,,,38.8266,,,,38.8266,,47.1807,,-0.059,,49.5803,,2.6341,2.56,2.6044,,1.5107,,5.2682,,43.3763,1.766,1.7425,,,,,,,,,0.766,1.3,,,,,-0.1131,,3.0214,1.5116,3693073199.28,50.1778,,,1.6144,1.6033,0.9255,-240.3741,-33.33,-33.33,69.16,-28.25,-27.33,-24.37,-25.23,65.66,-39.1878,-2.8,0.6493,-2.81,-22.9084,-22.9084,-16.3033,59.8552,24.3641
600030.SH,20120428,20120331,0.08,0.08,0.2169,0.2169,3.088,0.496,2.5152,15803132.1,847452004.19,,,,,,,,0.016,280332082.14,,,,,,,,,,,,,33174185459.01,0.0784,7.9409,0.08,3.0112,0.1287,,,,36.1816,,,,36.1816,,50.6581,,0.0191,,46.2264,,0.9918,0.99,0.9737,,0.5804,,3.9672,,41.2737,1.7028,1.7113,,,,,,,,,0.7028,1.4168,,,,,0.0137,,2.3216,0.5796,3689013597.59,47.1404,,,0.9918,0.9737,0.5804,35.5279,-42.86,-42.86,105.8824,-37.8366,-36.6089,-36.39,-37.5589,106.2623,-47.6306,1.02,0.8922,1.04,-30.6904,-30.6904,-30.6904,-89.4767,21.4557
