ts_code,ann_date,f_ann_date,end_date,report_type,comp_type,end_type,total_share,cap_rese,undistr_porfit,surplus_rese,special_rese,money_cap,trad_asset,notes_receiv,accounts_receiv,oth_receiv,prepayment,div_receiv,int_receiv,inventories,amor_exp,nca_within_1y,sett_rsrv,loanto_oth_bank_fi,premium_receiv,reinsur_receiv,reinsur_res_receiv,pur_resale_fa,oth_cur_assets,total_cur_assets,fa_avail_for_sale,htm_invest,lt_eqt_invest,invest_real_estate,time_deposits,oth_assets,lt_rec,fix_assets,cip,const_materials,fixed_assets_disp,produc_bio_assets,oil_and_gas_assets,intan_assets,r_and_d,goodwill,lt_amor_exp,defer_tax_assets,decr_in_disbur,oth_nca,total_nca,cash_reser_cb,depos_in_oth_bfi,prec_metals,deriv_assets,rr_reins_une_prem,rr_reins_outstd_cla,rr_reins_lins_liab,rr_reins_lthins_liab,refund_depos,ph_pledge_loans,refund_cap_depos,indep_acct_assets,client_depos,client_prov,transac_seat_fee,invest_as_receiv,total_assets,lt_borr,st_borr,cb_borr,depos_ib_deposits,loan_oth_bank,trading_fl,notes_payable,acct_payable,adv_receipts,sold_for_repur_fa,comm_payable,payroll_payable,taxes_payable,int_payable,div_payable,oth_payable,acc_exp,deferred_inc,st_bonds_payable,payable_to_reinsurer,rsrv_insur_cont,acting_trading_sec,acting_uw_sec,non_cur_liab_due_1y,oth_cur_liab,total_cur_liab,bond_payable,lt_payable,specific_payables,estimated_liab,defer_tax_liab,defer_inc_non_cur_liab,oth_ncl,total_ncl,depos_oth_bfi,deriv_liab,depos,agency_bus_liab,oth_liab,prem_receiv_adva,depos_received,ph_invest,reser_une_prem,reser_outstd_claims,reser_lins_liab,reser_lthins_liab,indept_acc_liab,pledge_borr,indem_payable,policy_div_payable,total_liab,treasury_share,ordin_risk_reser,forex_differ,invest_loss_unconf,minority_int,total_hldr_eqy_exc_min_int,total_hldr_eqy_inc_min_int,total_liab_hldr_eqy,lt_payroll_payable,oth_comp_income,oth_eqt_tools,oth_eqt_tools_p_shr,lending_funds,acc_receivable,st_fin_payable,payables,hfs_assets,hfs_sales,cost_fin_assets,fair_value_fin_assets,contract_assets,contract_liab,accounts_receiv_bill,accounts_pay,oth_rcv_total,fix_assets_total,cip_total,oth_pay_total,long_pay_total,debt_invest,oth_debt_invest,update_flag
600030.SH,20251025,20251025,20250930,1,4,3,14820546829.0,90785010202.33,116888556926.21,12072549359.46,,442603304571.3,792850694595.95,,,,,,,,,,86920124015.18,,,,,56329920654.14,,,,,9809873579.52,851268290.2,,4841758989.73,,5587024450.99,2719461065.82,,,,,3194445919.16,,8441672204.33,,9023975492.7,,,,,,,38455703363.64,,,,,100554170416.79,,,,346225711282.47,67503852360.04,,,2026309578991.81,10111815.82,26868536154.6,,,7581113543.41,156023649657.81,,,,436791835159.55,,24940982702.41,7479248751.21,,,,,,,,,506094194311.62,400000000.0,,,,132765121537.61,,,780755554.17,362265461.74,,,,,69117649588.77,,,9786521640.2,,,,,,,,,,,,1705517239744.93,,44193801829.12,,,5767612266.51,315024726980.37,320792339246.88,2026309578991.81,,1502557777.61,34761704056.64,,191709011788.56,130626074284.77,81144631984.91,242639809871.46,,,,,,38500132.98,,,,,,,,,38578806013.48,0
600030.SH,20250829,20250829,20250630,1,4,2,14820546829.0,90787100603.23,108255573118.93,12072549359.46,,389501334903.15,740483292521.34,,,,,,,,,,67304881991.89,,,,,59231079399.09,,,,,9786701432.33,863734631.12,,4267869350.79,,5687279369.51,2636552085.19,,,,,3236765676.1,,8445730117.61,,8502279973.91,,,,,,,35947378390.26,,,,,77920003567.38,,,,307855836601.26,52093900878.75,,,1807730527885.19,10455595.41,27227937291.73,,,33978070067.29,131808066884.74,,,,401576610511.13,,25372234181.91,5000780034.48,,,,,,,,,433717503583.04,6425943.4,,,,123216769342.17,,,779610534.81,256925398.82,,,,,50883407260.38,,,12355709221.07,,,,,,,,,,,,1496806360219.7,,44041881408.28,,,5490801216.75,305433366448.74,310924167665.49,1807730527885.19,,1694011073.2,33761704056.64,,143168724499.79,106262847643.81,31246491314.37,216964422804.25,,,,,,,,,,,,,,,56916449031.47,0
600030.SH,20250430,20250430,20250331,1,4,1,14820546829.0,90787100603.23,105662834884.03,12072549359.46,,321783563604.04,777220945286.07,,,,,,,,,,75245770921.51,,,,,54497245572.73,,,,,9580778157.24,865893325.2,,5514051622.47,,5788181857.6,2414571627.99,,,,,3267927333.16,,8447148257.78,,8673203880.33,,,,,,,42052256194.36,,,,,78504206502.13,,,,259826371771.92,56397248250.35,,,1789291189074.62,163388808.56,16937949178.63,,,14325050345.62,138844801674.6,,,,451784943208.26,,23613606311.25,5187665154.79,,,,,,,,,389291213494.43,5240224016.9,,,,131265825900.85,,,795772345.31,280844121.04,,,,,48911912154.26,,,9218235610.23,,,,,,,,,,,,1481551546106.53,,43924844863.65,,,5301388787.12,302438254180.97,307739642968.09,1789291189074.62,,1408673584.96,33761704056.64,,149777174342.44,97987728236.48,46029147805.04,197401405155.98,,,,,,100457271.53,,,,,,,,,53943498211.62,0
600030.SH,20250327,20250327,20241231,1,4,4,14820546829.0,90793134329.49,99530377621.47,12072549359.46,,370646431306.03,690862193605.03,,,,,,,,,,61608887612.51,,,,,44268496074.08,,,,,9607514080.96,870131407.99,,4084831638.89,,5969570882.24,2302043824.41,,,,,3322494494.87,,8448273283.36,,7755761646.97,,,,,,,48997451660.41,,,,,68215034536.32,,,,266597397073.76,49163883092.58,,,1710710828343.76,306402008.56,14088266763.67,,,45493064352.55,124386244979.56,,,,390168959611.96,,22332424246.18,3647776768.07,,,,,,,,,362448643767.97,1063310199.28,,,,142546642302.99,,,800227977.77,361730844.9,,,,,53953627520.6,,,7115852254.98,,,,,,,,,,,,1411944156810.95,,43809289347.98,,,5657945920.65,293108725612.16,298766671532.81,1710710828343.76,,1321124068.12,30761704056.64,,138331661925.36,72343295527.94,42711433135.93,198182866746.88,,,,,,74607018.77,,,,,,,,,80243126877.17,0
600030.SH,20241030,20241030,20240930,1,4,3,14820546829.0,90807357593.6,102160173399.27,11640007995.51,,347973538272.21,760777218869.28,,,,,,,,,,51187294879.76,,,,,40778947383.48,,,,,9608261485.41,884497835.99,,6333050485.45,,6425611435.59,2157913738.26,,,,,3249451979.66,,8434399514.82,,4510029356.7,,,,,,,43249893222.86,,,,,70971942164.47,,,,263643273721.09,42438252405.32,,,1731716155344.04,337657820.76,22168293467.55,,,28293642804.41,124491647077.22,,,,394154221914.32,,20581913428.84,2286783367.91,,,,,,,,,377013234433.29,,,,,134088005615.77,,,641351358.23,422040732.56,,,,,56631360128.06,,,8297326102.82,,,,,,,,,,,,1439753625230.35,,40587198473.27,,,5447395980.71,286515134132.98,291962530113.69,1731716155344.04,,738145785.69,25761704056.64,,113407922292.31,126190308324.15,34260310414.49,233755704742.03,,,,,,21105058.64,,,,,,,,,66065145245.85,1
600030.SH,20241030,20241030,20240930,1,4,3,14820546829.0,90807357593.6,102160173399.27,11640007995.51,,347973538272.21,760777218869.28,,,,,,,,,,51187294879.76,,,,,40778947383.48,,,,,9608261485.41,884497835.99,,6333050485.45,,6425611435.59,2157913738.26,,,,,3249451979.66,,8434399514.82,,4510029356.7,,,,,,,43249893222.86,,,,,70971942164.47,,,,263643273721.09,42438252405.32,,,1731716155344.04,337657820.76,22168293467.55,,,28293642804.41,124491647077.22,,,,394154221914.32,,20581913428.84,2286783367.91,,,,,,,,,377013234433.29,,,,,134088005615.77,,,641351358.23,422040732.56,,,,,56631360128.06,,,8297326102.82,,,,,,,,,,,,1439753625230.35,,40587198473.27,,,5447395980.71,286515134132.98,291962530113.69,1731716155344.04,,738145785.69,25761704056.64,,113407922292.31,126190308324.15,34260310414.49,233755704742.03,,,,,,21105058.64,,,,,,,,,66065145245.85,0
600030.SH,20240829,20240829,20240630,1,4,2,14820546829.0,90811377027.45,96390002763.52,11640007995.51,,280373216827.24,637156570963.19,,,,,,,,,,46167092685.85,,,,,56095753406.95,,,,,9807989410.67,888085299.66,,4357087141.66,,6579930505.07,2098952111.11,,,,,3272532499.96,,8443428936.9,,5809752540.04,,,,,,,40284024504.35,,,,,62098916214.08,,,,199188177660.0,36686801382.9,,,1495011600037.17,363920072.75,8805401932.42,,,40030360228.29,104943528858.72,,,,298742018918.78,,21594698028.95,2047532506.55,,,,,,,,,288968311532.62,1680000.0,,,,144860501163.15,,,705986539.53,329253932.08,,,,,43407362792.26,,,14523393742.48,,,,,,,,,,,,1210528703115.17,,40459242415.61,,,5211387426.12,279271509495.88,284482896922.0,1495011600037.17,,1388628408.15,23761704056.64,,113359327509.92,79260673356.04,36412682461.81,202382725536.97,,,,,,32232776.59,,,,,,,,,69625839724.42,1
600030.SH,20240427,20240427,20240331,1,4,1,14820546829.0,90810573737.85,98128907518.14,11640007995.51,,334349441328.58,673004489900.31,,,,,,,,,,46896036618.36,,,,,49773847036.24,,,,,9658930603.56,896074446.25,,6569962600.76,,6642099302.29,2096413293.5,,,,,3308102190.83,,8440878522.39,,5600497317.44,,,,,,,35576751853.13,,,,,62022157103.38,,,,214352090291.87,34660554927.86,,,1567330467626.26,260710850.82,6050141276.28,,,14041374460.86,88197188030.86,,,,396527201133.33,,19744481231.17,2631732079.97,,,,,,,,,298873118008.83,170355967.66,,,,149487360383.34,,,778731916.79,120489658.52,,,,,39132194824.56,,,7707215831.3,,,,,,,,,,,,1281425588671.87,,40356225684.9,,,5004034340.21,280900844614.18,285904878954.39,1567330467626.26,,1382878792.14,23761704056.64,,114279716136.22,76855525684.21,47060436466.46,208164126568.95,,,,,,16101299.48,,,,,,,,,63774432429.26,0
600030.SH,20240427,20240427,20240331,1,4,1,14820546829.0,90810573737.85,98128907518.14,11640007995.51,,334349441328.58,673004489900.31,,,,,,,,,,46896036618.36,,,,,49773847036.24,,,,,9658930603.56,896074446.25,,6569962600.76,,6642099302.29,2096413293.5,,,,,3308102190.83,,8440878522.39,,5600497317.44,,,,,,,35576751853.13,,,,,62022157103.38,,,,214352090291.87,34660554927.86,,,1567330467626.26,260710850.82,6050141276.28,,,14041374460.86,88197188030.86,,,,396527201133.33,,19744481231.17,2631732079.97,,,,,,,,,298873118008.83,170355967.66,,,,149487360383.34,,,778731916.79,120489658.52,,,,,39132194824.56,,,7707215831.3,,,,,,,,,,,,1281425588671.87,,40356225684.9,,,5004034340.21,280900844614.18,285904878954.39,1567330467626.26,,1382878792.14,23761704056.64,,114279716136.22,76855525684.21,47060436466.46,208164126568.95,,,,,,16101299.48,,,,,,,,,63774432429.26,1
600030.SH,20240327,20240327,20231231,1,4,4,14820546829.0,90824612393.5,93449787059.61,11640007995.51,,302792491927.58,625046775091.83,,,,,,,,,,45999597845.68,,,,,62209156076.62,,,,,9650008845.75,904504718.35,,4766278895.18,,6756965729.27,2050751195.13,,,,,3352039017.53,,8439523765.04,,6693864655.45,,,,,,,32754244590.94,,,,,62181919843.48,,,,205906733690.67,33112290817.22,,,1453359126043.71,461255543.04,7613933729.87,,,53623195102.93,86462197393.13,,,,283346323073.66,,19779839972.67,2502744484.17,,,,,,,,,283820892187.89,35356000.0,,,,143808672319.38,,,867663990.49,170274770.59,,,,,32006021134.59,,,6740488964.01,,,,,,,,,,,,1179159917980.1,,40250609738.18,,,5359599592.78,268839608470.83,274199208063.61,1453359126043.71,,1092340398.39,16761704056.64,,118745730276.99,67924047626.03,57407011865.67,198061310038.86,,,,,,24140594.34,,,,,,,,,81183382445.21,1
600030.SH,20240327,20240327,20231231,1,4,4,14820546829.0,90824612393.5,93449787059.61,11640007995.51,,302792491927.58,625046775091.83,,,,,,,,,,45999597845.68,,,,,62209156076.62,,,,,9650008845.75,904504718.35,,4766278895.18,,6756965729.27,2050751195.13,,,,,3352039017.53,,8439523765.04,,6693864655.45,,,,,,,32754244590.94,,,,,62181919843.48,,,,205906733690.67,33112290817.22,,,1453359126043.71,461255543.04,7613933729.87,,,53623195102.93,86462197393.13,,,,283346323073.66,,19779839972.67,2502744484.17,,,,,,,,,283820892187.89,35356000.0,,,,143808672319.38,,,867663990.49,170274770.59,,,,,32006021134.59,,,6740488964.01,,,,,,,,,,,,1179159917980.1,,40250609738.18,,,5359599592.78,268839608470.83,274199208063.61,1453359126043.71,,1092340398.39,16761704056.64,,118745730276.99,67924047626.03,57407011865.67,198061310038.86,,,,,,24140594.34,,,,,,,,,81183382445.21,0
600030.SH,20231031,20231031,20230930,1,4,3,14820546829.0,90927655386.86,93710484533.26,11293892915.47,,287094915618.51,656800018400.38,,,,,,,,,,42575649974.61,,,,,41007489952.66,,,,,9762303209.89,935204108.31,,3837138586.97,,6654436479.14,1962651931.74,,,,,3242806889.47,,8447170612.97,,9589489704.03,,,,,,,35932115902.38,,,,,65135203720.96,,,,211321861341.0,33889907197.56,,,1412821215130.52,1080642148.75,2195954386.86,,,23998689691.26,98044722134.69,,,,291834842321.09,,19508764144.27,2548236617.82,,,,,,,,,286799497574.0,457533469.35,,,,124754557643.28,,,867961511.71,3237560254.3,,,,,33467938789.88,,,6245014434.94,,,,,,,,,,,,1145161521036.96,,37178923260.71,,,5201308757.64,262458385335.92,267659694093.56,1412821215130.52,,765178353.98,13761704056.64,,113771411759.34,64643489652.8,48859892007.71,198838378323.08,,,,,,16021878.43,,,,,,,,,57373116075.05,1
600030.SH,20230830,20230830,20230630,1,4,2,14820546829.0,90927344301.5,88837062826.49,11293892915.47,,348023101191.06,588048554476.44,,,,,,,,,,45406700827.21,,,,,33345341898.93,,,,,9968301945.6,949496566.93,,2753460640.49,,6696134396.47,1826244737.65,,,,,3274496417.92,,8450383190.61,,10465169832.16,,,,,,,37949153055.9,,,,,70636398688.98,,,,228110826995.95,36438737345.47,,,1425938979597.33,528679089.96,10391345284.23,,,18876092260.47,92346067537.69,,,,257933527434.63,,21693420471.72,3429338768.65,,,,,,,,,306748297351.9,1355914189.93,,,,125432280108.92,,,902087550.6,2583719258.49,,,,,38766710422.78,,,14260335458.66,,,,,,,,,,,,1163082167612.37,,37070901636.49,,,4997303105.94,257859508879.02,262856811984.96,1425938979597.33,,1148056313.43,13761704056.64,,111103891234.11,73814417301.66,42344706798.07,223592507260.65,,,,,,7216396.64,,,,,,,,,71192312001.08,1
600030.SH,20230830,20230830,20230630,1,4,2,14820546829.0,90927344301.5,88837062826.49,11293892915.47,,348023101191.06,588048554476.44,,,,,,,,,,45406700827.21,,,,,33345341898.93,,,,,9968301945.6,949496566.93,,2753460640.49,,6696134396.47,1826244737.65,,,,,3274496417.92,,8450383190.61,,10465169832.16,,,,,,,37949153055.9,,,,,70636398688.98,,,,228110826995.95,36438737345.47,,,1425938979597.33,528679089.96,10391345284.23,,,18876092260.47,92346067537.69,,,,257933527434.63,,21693420471.72,3429338768.65,,,,,,,,,306748297351.9,1355914189.93,,,,125432280108.92,,,902087550.6,2583719258.49,,,,,38766710422.78,,,14260335458.66,,,,,,,,,,,,1163082167612.37,,37070901636.49,,,4997303105.94,257859508879.02,262856811984.96,1425938979597.33,,1148056313.43,13761704056.64,,111103891234.11,73814417301.66,42344706798.07,223592507260.65,,,,,,7216396.64,,,,,,,,,71192312001.08,0
600030.SH,20230428,20230428,20230331,1,4,1,14820546829.0,90934224733.88,90420957163.03,11293892915.47,,330798567398.57,631231481472.37,,,,,,,,,,48778094815.03,,,,,32332724901.62,,,,,9653569764.47,947747902.81,,3065694795.81,,6654526760.54,1792544123.14,,,,,3342934156.04,,8424190149.15,,10109828744.82,,,,,,,28332248181.32,,,,,71778470935.92,,,,222675047531.06,29557008387.06,,,1440177203374.77,527619758.1,9590181684.22,,,24024619697.81,97786977302.97,,,,303485167813.88,,21485761456.33,5310469683.1,,,,,,,,,293126888070.29,8458020473.59,,,,134142174540.34,,,896257868.29,2038746082.35,,,,,28266842873.32,,,6785217128.16,,,,,,,,,,,,1176978879008.94,,36985947233.25,,,4740649662.62,258457674703.21,263198324365.83,1440177203374.77,,240401771.94,13761704056.64,,111931234515.54,69069474714.52,30574044948.4,208619236984.1,,,,,,14614646.44,,,,,,,,,69927177694.96,0
600030.SH,20230428,20230428,20230331,1,4,1,14820546829.0,90934224733.88,90420957163.03,11293892915.47,,330798567398.57,631231481472.37,,,,,,,,,,48778094815.03,,,,,32332724901.62,,,,,9653569764.47,947747902.81,,3065694795.81,,6654526760.54,1792544123.14,,,,,3342934156.04,,8424190149.15,,10109828744.82,,,,,,,28332248181.32,,,,,71778470935.92,,,,222675047531.06,29557008387.06,,,1440177203374.77,527619758.1,9590181684.22,,,24024619697.81,97786977302.97,,,,303485167813.88,,21485761456.33,5310469683.1,,,,,,,,,293126888070.29,8458020473.59,,,,134142174540.34,,,896257868.29,2038746082.35,,,,,28266842873.32,,,6785217128.16,,,,,,,,,,,,1176978879008.94,,36985947233.25,,,4740649662.62,258457674703.21,263198324365.83,1440177203374.77,,240401771.94,13761704056.64,,111931234515.54,69069474714.52,30574044948.4,208619236984.1,,,,,,14614646.44,,,,,,,,,69927177694.96,1
600030.SH,20230331,20230331,20221231,1,4,4,14820546829.0,90936199680.71,85229292668.51,11293892915.47,,316234196407.98,530922692149.83,,,,,,,,,,41891038748.5,,,,,31483058571.34,,,,,9648717804.57,953997262.67,,3498070134.18,,6702481766.21,1579833780.72,,,,,3421367752.83,,8431566853.92,,11256113374.02,,,,,,,36388726601.68,,,,,69158114878.44,,,,218283647437.39,27439623989.24,,,1308289281705.92,387746599.89,9801009030.7,,,29580862731.58,91115595437.92,,,,214283094912.92,,19819854927.61,5576161365.06,,,,,,,,,279402254030.26,15253774089.37,,,,127328111234.8,,,949069628.26,3176625188.23,,,,,28122498106.75,,,5977245582.61,,,,,,,,,,,,1049917243243.36,,36884302482.42,,,5253951414.46,253118087048.1,258372038462.56,1308289281705.92,,192148415.35,13761704056.64,,106976333285.12,57522769957.68,11859811150.47,205286794713.94,,,,,,24952161.68,,,,,,,,,70115173525.66,0
600030.SH,20230331,20230331,20221231,1,4,4,14820546829.0,90936199680.71,85229292668.51,11293892915.47,,316234196407.98,530922692149.83,,,,,,,,,,41891038748.5,,,,,31483058571.34,,,,,9648717804.57,953997262.67,,3498070134.18,,6702481766.21,1579833780.72,,,,,3421367752.83,,8431566853.92,,11256113374.02,,,,,,,36388726601.68,,,,,69158114878.44,,,,218283647437.39,27439623989.24,,,1308289281705.92,387746599.89,9801009030.7,,,29580862731.58,91115595437.92,,,,214283094912.92,,19819854927.61,5576161365.06,,,,,,,,,279402254030.26,15253774089.37,,,,127328111234.8,,,949069628.26,3176625188.23,,,,,28122498106.75,,,5977245582.61,,,,,,,,,,,,1049917243243.36,,36884302482.42,,,5253951414.46,253118087048.1,258372038462.56,1308289281705.92,,192148415.35,13761704056.64,,106976333285.12,57522769957.68,11859811150.47,205286794713.94,,,,,,24952161.68,,,,,,,,,70115173525.66,1
600030.SH,20221029,20221029,20220930,1,4,3,14820546829.0,90937988913.07,85522047206.78,9985076915.57,,353529590792.76,539427622400.29,,,,,,,,,,42002939338.15,,,,,31026802659.25,,,,,8800769361.63,956988559.07,,4142560849.73,,6657793269.69,1614459708.35,,,,,3401559163.17,,8756016831.08,,11413045420.62,,,,,,,47662318913.74,,,,,69653292325.77,,,,211227548613.98,26836742826.23,,,1335253231875.58,585165797.39,7486365065.42,,,29228972768.89,84799511891.84,,,,227710397836.88,,19750891133.32,5327731571.16,,,,,,,,,279027218334.92,836365130.39,,,,153553155708.53,,,859862986.64,3737590657.16,,,,,33867586056.78,,,6545881140.72,,,,,,,,,,,,1081441179703.43,,33291994277.61,,,5017982202.72,248794069969.43,253812052172.15,1335253231875.58,,474711770.76,13761704056.64,,104455587707.35,57449925624.49,10461037566.92,215671408332.54,,,,,,84851584.93,,,,,,,,,42232534954.16,0
600030.SH,20220830,20220830,20220630,1,4,2,14820546829.0,90937877193.48,80402909031.45,9985076915.57,,399157861858.71,556043648907.93,,,,,,,,,,41227594870.28,,,,,35630728899.33,,,,,8751508896.84,931135766.92,,4320250340.18,,6562514613.38,1486383198.5,,,,,3448333491.13,,8710411733.97,,8444693627.28,,,,,,,31215253696.84,,,,,68035127569.91,,,,227303764298.78,29281166692.57,,,1403186515175.87,582324160.01,7113949820.87,,,48362039252.32,95068942589.83,,,,246388055403.81,,19293541822.73,2989857312.2,,,,,,,,,304500363985.19,306436551.57,,,,159389398969.54,,,844535372.47,3716956052.48,,,,,31457962816.23,,,14791286910.46,,,,,,,,,,,,1155698681321.08,,33165636270.56,,,4673919782.43,242813914072.36,247487833854.79,1403186515175.87,,-259836224.34,13761704056.64,,111408962764.09,61523703270.64,11357191043.15,207302397913.63,,,,,,360768759.38,,,,,,,,,54252324374.84,0
600030.SH,20220429,20220429,20220331,1,4,1,14820546829.0,90936315532.98,82659134656.3,9985076915.64,,375050802926.62,536128281980.76,,,,,,,,,,43628435659.97,,,,,25543297632.86,,,,,9061877001.37,943600340.02,,6522419893.55,,6538394476.97,1332009352.21,,,,,3493284947.71,,8665533400.58,,8563776590.59,,,,,,,33117850595.49,,,,,63108836591.53,,,,218351467666.22,30673154829.86,,,1362130539501.33,430192059.23,5498219422.66,,,40290987180.57,72503495598.88,,,,255456511445.27,,20090430792.12,4616274015.33,,,,,,,,,290225446033.02,2207852374.04,,,,172865613455.41,,,888720838.56,2834291038.4,,,,,26675489906.73,,,8404981390.12,,,,,,,,,,,,1113396186585.36,,33070236372.42,,,4414153371.67,244320199544.3,248734352915.97,1362130539501.33,,-912814818.68,13761704056.64,,114174286084.88,60985060187.61,12290345767.85,195898548961.4,,,,,,338142964.67,,,,,,,,,63231851802.79,0
600030.SH,20220329,20220329,20211231,1,4,4,12926776029.0,65625856638.38,77660564435.8,9985076915.57,,279551391020.43,545333759581.27,,,,,,,,,,40518221872.94,,,,,46393304084.07,,,,,9127983944.45,956861209.26,,6074264963.0,,6621835845.1,1178523715.68,,,,,3592200798.44,,8675972708.73,,9492914168.65,,,,279551391020.43,,,31000576285.16,,,,,55183603624.27,,,,194559711115.02,27899198554.73,,,1278664775096.62,457865655.7,7261986937.35,,,50683601222.25,75643595527.14,,,,235286476021.13,,18944849905.48,5066550758.81,,,,,,,,,251164465946.21,711227237.17,,,,181402982140.03,,,954228059.23,3188307789.02,,,,,34117765867.2,,,7380069167.18,,,,,,,,,,,,1064856988915.04,,32958534561.73,,,4636452826.11,209171333355.47,213807786181.58,1278664775096.62,,-753204611.85,10767729386.84,,129119054428.68,34693841418.98,14630461113.32,175904691716.03,,,,,,172928729.49,,,,,,,,,69091927800.12,0
600030.SH,20211029,20211029,20210930,1,4,3,12926776029.0,65625859157.6,76811805057.28,9438480129.79,,291937680701.94,482102541615.28,,,,,,,,,,43954179085.9,,,,,27087415964.97,,,,,9213440512.78,982987243.24,,7301730363.0,,6432155033.11,500396950.36,,,,,2672740778.23,,10020192391.28,,8378420034.32,,,,291937680701.94,,,28544712195.06,,,,,43134496751.84,,,,216611045542.11,27633397490.45,,,1212365590643.76,681958727.78,3317676704.75,,,9878261515.32,73058283440.81,,,,190712253499.28,,17684532375.99,5882240191.2,,,,,,,,,284707733492.97,3906258463.03,,,,189910089933.28,,,244777353.71,1290312184.91,,,,,29436422998.21,,,8129031431.98,,,,,,,,,,,,1004080387439.9,,29011238706.54,,,4410893829.22,203874309374.64,208285203203.86,1212365590643.76,,-707579092.41,10767729386.84,,127686998773.96,60998846139.56,13736502478.91,169360275272.25,,,,,,278612488.08,,,,,,,,,59344741982.79,1
600030.SH,20211029,20211029,20210930,1,4,3,12926776029.0,65625859157.6,76811805057.28,9438480129.79,,291937680701.94,482102541615.28,,,,,,,,,,43954179085.9,,,,,27087415964.97,,,,,9213440512.78,982987243.24,,7301730363.0,,6432155033.11,500396950.36,,,,,2672740778.23,,10020192391.28,,8378420034.32,,,,291937680701.94,,,28544712195.06,,,,,43134496751.84,,,,216611045542.11,27633397490.45,,,1212365590643.76,681958727.78,3317676704.75,,,9878261515.32,73058283440.81,,,,190712253499.28,,17684532375.99,5882240191.2,,,,,,,,,284707733492.97,3906258463.03,,,,189910089933.28,,,244777353.71,1290312184.91,,,,,29436422998.21,,,8129031431.98,,,,,,,,,,,,1004080387439.9,,29011238706.54,,,4410893829.22,203874309374.64,208285203203.86,1212365590643.76,,-707579092.41,10767729386.84,,127686998773.96,60998846139.56,13736502478.91,169360275272.25,,,,,,278612488.08,,,,,,,,,59344741982.79,0
600030.SH,20210820,20210820,20210630,1,4,2,12926776029.0,65626903193.91,71560675976.2,9438480129.79,,266284494640.72,469208958162.87,,,,,,,,,,37739297424.71,,,,,36264339190.14,,,,,9425910287.2,1013174559.68,,7438712595.73,,6872256703.43,492972180.23,,,,,2740798768.15,,10757488374.83,,10164863291.26,,,,,,,20428111123.29,,,,,38510507446.64,,,,182752847196.02,24510765476.1,,,1169139293301.2,802590230.69,10594212662.74,,,12110934850.37,66261731125.47,,,,214336488317.42,,18066242683.94,4892815008.95,,,,,,,,,245178494655.96,766719059.89,,,,182516293619.31,,,302556926.32,2905109381.17,,,,,34678892817.38,,,13203876392.84,,,,,,,,,,,,977560388118.85,,28879367700.93,,,4172933402.7,187405971779.65,191578905182.35,1169139293301.2,,-1026231250.18,,,124786429551.65,66919086798.64,9147965802.12,158833689486.15,,,,,,1085579257.75,,,,,,,,,58019065775.32,0
600030.SH,20210429,20210429,20210331,1,4,1,12926776029.0,65629044371.7,69789680994.25,9438480129.79,,256525244858.3,477972930569.64,,,,,,,,,,34395035073.11,,,,,34640567783.65,,,,,8953767553.11,1024027211.5,,9420013886.41,,6959323915.16,491257488.5,,,,,2794352400.5,,10790761970.96,,9541354890.04,,,,,,,23354655264.61,,,,,35760015779.64,,,,177588712977.9,22372964960.43,,,1148634452695.68,841075456.43,2944107311.02,,,7533655395.26,64036461213.63,,,,221025289081.49,,17888953228.16,8410724715.44,,,,,,,,,237931490158.87,271973695.75,,,,188768053485.05,,,321217684.78,1962202051.39,,,,,35126060291.54,,,8292554175.63,,,,,,,,,,,,958719320920.13,,28770691061.9,,,3967882341.31,185947249434.24,189915131775.55,1148634452695.68,,-607423152.4,,,117890794355.16,61467933711.52,11675947171.13,148450348501.55,,,,,,1631949405.85,,,,,,,,,54826829235.1,0
600030.SH,20210429,20210429,20210331,1,4,1,12926776029.0,65629044371.7,69789680994.25,9438480129.79,,256525244858.3,477972930569.64,,,,,,,,,,34395035073.11,,,,,34640567783.65,,,,,8953767553.11,1024027211.5,,9420013886.41,,6959323915.16,491257488.5,,,,,2794352400.5,,10790761970.96,,9541354890.04,,,,,,,23354655264.61,,,,,35760015779.64,,,,177588712977.9,22372964960.43,,,1148634452695.68,841075456.43,2944107311.02,,,7533655395.26,64036461213.63,,,,221025289081.49,,17888953228.16,8410724715.44,,,,,,,,,237931490158.87,271973695.75,,,,188768053485.05,,,321217684.78,1962202051.39,,,,,35126060291.54,,,8292554175.63,,,,,,,,,,,,958719320920.13,,28770691061.9,,,3967882341.31,185947249434.24,189915131775.55,1148634452695.68,,-607423152.4,,,117890794355.16,61467933711.52,11675947171.13,148450348501.55,,,,,,1631949405.85,,,,,,,,,54826829235.1,1
600030.SH,20210319,20210319,20201231,1,4,4,12926776029.0,65628293570.2,64766983940.61,9438480129.79,,233693264600.98,419980859823.9,,,,,,,,,,56934000392.55,,,,,39226613451.99,,,,,8876581406.9,1060211371.39,,14434530119.63,,7048297138.27,482344110.41,,,,,2855003356.28,,10776698306.15,,9661920246.87,,,,,,,20157990448.68,,,,,3877774046.76,,,,158250995008.88,41266582125.23,,,1052962294032.21,893535664.41,5010371216.16,,,10504114828.52,58408743795.91,,,,198299400036.7,,17583983484.4,7381981338.2,,,,,,,,,203110587613.79,1071235143.49,,,,171987819424.94,,,305979812.67,3176191664.55,,,,,46876205555.31,,,7680036499.54,,,,,,,,,,,,867079558284.09,,28634720699.32,,,4170667167.39,181712068580.73,185882735748.12,1052962294032.21,,316814211.81,,,116741431729.57,39352598397.78,11941871221.6,118947545790.8,,,,,,2194220628.36,,,,,,,,,49400900096.32,0
600030.SH,20210319,20210319,20201231,1,4,4,12926776029.0,65628293570.2,64766983940.61,9438480129.79,,233693264600.98,419980859823.9,,,,,,,,,,56934000392.55,,,,,39226613451.99,,,,,8876581406.9,1060211371.39,,14434530119.63,,7048297138.27,482344110.41,,,,,2855003356.28,,10776698306.15,,9661920246.87,,,,,,,20157990448.68,,,,,3877774046.76,,,,158250995008.88,41266582125.23,,,1052962294032.21,893535664.41,5010371216.16,,,10504114828.52,58408743795.91,,,,198299400036.7,,17583983484.4,7381981338.2,,,,,,,,,203110587613.79,1071235143.49,,,,171987819424.94,,,305979812.67,3176191664.55,,,,,46876205555.31,,,7680036499.54,,,,,,,,,,,,867079558284.09,,28634720699.32,,,4170667167.39,181712068580.73,185882735748.12,1052962294032.21,,316814211.81,,,116741431729.57,39352598397.78,11941871221.6,118947545790.8,,,,,,2194220628.36,,,,,,,,,49400900096.32,1
600030.SH,20201030,20201030,20200930,1,4,3,12926776029.0,65507993008.83,66087488160.19,8682886571.37,,200122211782.58,454862874898.69,,,,,,,,,,55582619271.74,,,,,44289570651.05,,,,,8823612859.35,1114288343.79,,9556246345.72,,7171039465.39,312540670.54,,,,,2955601505.91,,10938807086.11,,8025103260.15,,,,,,,18961970192.95,,,,,3220283937.28,,,,135603038623.19,40498550530.23,,,1044135534673.98,968054833.42,13260176177.14,,,5937174238.4,69939126542.2,,,,233960401878.1,,16576124544.38,5211034055.75,,,,,,,,,182077919745.48,7996772481.39,,,,157804570447.58,,,88437498.39,3670092527.81,,,,,31604692283.21,,,7305923817.43,,,,,,,,,,,,860348831446.15,,25828732448.37,,,4041160192.41,179745543035.42,183786703227.83,1044135534673.98,,711666817.66,,,104566464140.04,50692427395.85,15954947489.64,104228863324.68,,,,,,2156697473.58,,,,,,,,,44916335320.45,0
600030.SH,20200825,20200825,20200630,1,4,2,12926776029.0,65508101716.91,62437913188.94,8682886571.37,,185122406109.54,447889309016.08,,,,,,,,,,44651543470.03,,,,,50686846912.1,,,,,8647371132.94,1160078308.17,,10143782931.63,,7324254378.66,301198123.6,,,,,2996193697.64,,11023269537.77,,7057940276.92,,,,185122406109.54,,,19921368666.84,,,,,2873796515.88,,,,142728543105.94,34799631352.57,,,975038973742.87,339971635.15,4456560669.96,,,7115414200.32,72312868931.81,,,,200275183434.53,,14486432066.36,3640950523.02,,,,,,,,,186089818547.67,100293939.63,,,,134556867158.33,,,88528464.35,4034037754.76,,,,,32344478814.85,,,13425555500.33,,,,,,,,,,,,795039811274.32,,25745480006.73,,,3955639602.94,176043522865.61,179999162468.55,975038973742.87,,742365352.66,,,85181055922.14,37824048716.48,35405756011.79,82505256822.71,,,,,,2286133910.21,,,,,,,,,34771368135.26,0
600030.SH,20200825,20200825,20200630,1,4,2,12926776029.0,65508101716.91,62437913188.94,8682886571.37,,185122406109.54,447889309016.08,,,,,,,,,,44651543470.03,,,,,50686846912.1,,,,,8647371132.94,1160078308.17,,10143782931.63,,7324254378.66,301198123.6,,,,,2996193697.64,,11023269537.77,,7057940276.92,,,,185122406109.54,,,19921368666.84,,,,,2873796515.88,,,,142728543105.94,34799631352.57,,,975038973742.87,339971635.15,4456560669.96,,,7115414200.32,72312868931.81,,,,200275183434.53,,14486432066.36,3640950523.02,,,,,,,,,186089818547.67,100293939.63,,,,134556867158.33,,,88528464.35,4034037754.76,,,,,32344478814.85,,,13425555500.33,,,,,,,,,,,,795039811274.32,,25745480006.73,,,3955639602.94,176043522865.61,179999162468.55,975038973742.87,,742365352.66,,,85181055922.14,37824048716.48,35405756011.79,82505256822.71,,,,,,2286133910.21,,,,,,,,,34771368135.26,1
600030.SH,20200429,20200429,20200331,1,4,1,12926776029.0,65509111836.38,64105806094.01,8682886571.37,,208049187706.04,391316900764.09,,,,,,,,,,39611727924.38,,,,,52482769399.37,,,,,8947318563.98,1227204345.26,,9908120030.43,,7402996192.4,300508694.36,,,,,3083973009.43,,11024762191.85,,6480796369.04,,,,,,,21193924349.67,,,,,2412846825.82,,,,142569580721.28,30251891594.8,,,922327407804.97,365689911.79,9821877165.1,,,19903113625.02,60360332441.4,,,,176675576776.62,,14656599164.85,4564708614.08,,,,,,,,,183343960963.08,611942899.26,,,,133730998488.27,,,167416401.1,3001206462.74,,,,,24168260845.8,,,7339909669.86,,,,,,,,,,,,741131049193.25,,25683961445.07,,,3842767977.49,177353590634.23,181196358611.72,922327407804.97,,445048658.4,,,77240593022.42,46881408286.5,31228504159.16,67492918823.95,,,,,,2146796187.83,,,,,,,,,17581795949.84,1
600030.SH,20200320,20200320,20191231,1,4,4,12116908400.0,54152030508.04,60104047192.75,8682886571.37,,150151768382.02,355348307131.56,,,,,,,,,,32692075415.83,,,,,58830052958.26,,,,,9001082583.55,1254733414.53,,8034002932.68,,7467445693.97,294310677.19,,,,,3072628057.79,,10022823787.99,,5241489039.56,,,,,,,7351073185.24,,,,,1459936901.68,,,,95416860960.62,22984523859.43,,,791722429235.72,383333834.21,7404904947.08,,,33136195311.15,57716998785.74,,,,174447892834.65,,14608233936.55,2884804837.71,,,,,,,,,123351753911.38,272990189.48,,,,126010977854.89,,,22737711.14,2843995357.85,,,,,13991750056.22,,,4345232977.48,,,,,,,,,,,,626272636962.4,,25614987937.31,,,3824583551.35,161625208721.97,165449792273.32,791722429235.72,,954348112.5,,,70673845176.95,29067859326.6,20137293290.79,42208491987.3,194678484.11,,,,,938146481.4,,,,,,,,,23684062705.54,0
600030.SH,20200320,20200320,20191231,1,4,4,12116908400.0,54152030508.04,60104047192.75,8682886571.37,,150151768382.02,355348307131.56,,,,,,,,,,32692075415.83,,,,,58830052958.26,,,,,9001082583.55,1254733414.53,,8034002932.68,,7467445693.97,294310677.19,,,,,3072628057.79,,10022823787.99,,5241489039.56,,,,,,,7351073185.24,,,,,1459936901.68,,,,95416860960.62,22984523859.43,,,791722429235.72,383333834.21,7404904947.08,,,33136195311.15,57716998785.74,,,,174447892834.65,,14608233936.55,2884804837.71,,,,,,,,,123351753911.38,272990189.48,,,,126010977854.89,,,22737711.14,2843995357.85,,,,,13991750056.22,,,4345232977.48,,,,,,,,,,,,626272636962.4,,25614987937.31,,,3824583551.35,161625208721.97,165449792273.32,791722429235.72,,954348112.5,,,70673845176.95,29067859326.6,20137293290.79,42208491987.3,194678484.11,,,,,938146481.4,,,,,,,,,23684062705.54,1
600030.SH,20191031,20191031,20190930,1,4,3,12116908400.0,54190510724.32,61257669336.26,8410205129.33,,135350361318.39,292538818474.39,,,,,,,,,,30689067122.68,,,,,65848085810.46,,,,,8932525841.31,1301006821.53,,5488732339.75,,7591942460.36,316775983.66,,,,,3129958158.46,,10409868384.92,,4444836110.9,,,,,,,9711808226.75,,,,,1365792619.42,,,,98224422533.7,20967910378.81,,,729410468404.24,388576456.93,7616711635.47,,,20283678222.23,52905512087.1,,,,124492246279.89,,12735645714.73,2926560485.62,,,,,,,,,124927615993.67,226711385.02,,,,137265379284.69,,,16657705.48,2580586554.83,,,,,12813425274.98,,,3905796240.38,,,,,,,,,,,,565672305905.52,,23031302334.28,,,3656419706.57,160081742792.15,163738162498.72,729410468404.24,,1075146867.96,,,67341044914.8,37351323682.63,12421431733.34,48399038716.75,,,,,,170200028.01,,,,,,,,,29570824687.01,1
600030.SH,20190823,20190823,20190630,1,4,2,12116908400.0,54439861447.53,57284047218.4,8410205129.33,,156306672284.96,266333899829.2,,,,,,,,,,31229099766.87,,,,,68605311277.86,,,,,8984376475.49,1311243709.43,,4923842069.42,,7600020289.79,323219151.63,,,,,3164801551.85,,10337264849.46,,4195061504.98,,,,156306672284.96,,,8871292450.6,,,,,1243433878.17,,,,93032425102.93,21983645128.84,,,723866264442.98,388677453.82,7489198599.39,,,30708985124.98,47435436673.84,,,,136961236397.02,,11817160642.51,2266339290.67,,,,,,,,,122211351324.05,225184762.48,,,,125716803399.13,,,16601937.18,2352176828.29,,,,,11684471329.63,,,7594346680.04,,,,,,,,,,,,564133770478.68,,22928108486.06,,,3731916909.93,156000577054.37,159732493964.3,723866264442.98,,821446373.05,,,64487894457.5,30766488421.04,19756315717.14,35756664299.58,,,,,,109077025.95,,,,,,,,,36874503947.47,1
600030.SH,20190430,20190430,20190331,1,4,1,12116908400.0,54422587516.21,59402936372.63,8410205129.33,,134757416561.85,236336566015.14,,,,,,,,,,29357690260.41,,,,,57006171138.02,,,,,9151314580.67,1325055967.09,,6849401501.75,,7608972358.94,316172236.67,,,,,3183153609.25,,10456254371.39,,4301036543.96,,,,,,,10162253019.53,,,,,1248678976.88,,,,95427814491.83,22731971003.68,,,673338772756.31,942017538.49,5794188666.87,,,7733447444.44,56770632360.6,,,,95416686219.32,,13069167405.3,3227317222.14,,,,,,,,,143734132434.87,178795078.01,,,,119509685494.74,,,16446871.63,2396374105.28,,,,,11499602347.53,,,3439919763.43,,,,,,,,,,,,511650769541.48,,22862722121.27,,,3769887718.59,157918115496.24,161688003214.83,673338772756.31,,702755956.8,,,64031045729.57,44373007417.44,12973214487.84,32844619932.98,,,,,,418311483.5,,,,,,,,,34356294071.98,1
600030.SH,20190322,20190322,20181231,1,4,4,12116908400.0,54422708429.11,55197777172.22,8410205129.33,,119725173129.32,247437074336.18,,,,,,,,,,24922402982.38,,,,,67370441412.95,,,,,9038295004.41,1332507853.75,,5983936181.39,,7729621832.02,316611351.37,,,,,3269422915.46,,10507494946.37,,4223026292.57,,,,,,,11388101559.19,,,,,1112776538.52,,,,74291186400.6,18129784680.54,,,653132717498.71,1489905998.37,5656709801.66,,,19314866666.68,47645838548.24,,,,121669027137.24,,12093993623.65,2872997609.79,,,,,,,,,97773997202.25,147506797.07,,,,116591701263.76,,,6485498.32,1967607550.66,,,,,9311898882.27,,,3399970019.46,,,,,,,,,,,,496301221152.36,,22811407984.17,,,3690727105.21,153140769241.14,156831496346.35,653132717498.71,,181762126.31,,,57197813812.04,29717774627.1,18059344795.73,37941931903.8,,,,,,357437853.41,,,,,,,,,36327827705.57,0
600030.SH,20190322,20190322,20181231,1,4,4,12116908400.0,54422708429.11,55197777172.22,8410205129.33,,119725173129.32,247437074336.18,,,,,,,,,,24922402982.38,,,,,67370441412.95,,,,,9038295004.41,1332507853.75,,5983936181.39,,7729621832.02,316611351.37,,,,,3269422915.46,,10507494946.37,,4223026292.57,,,,,,,11388101559.19,,,,,1112776538.52,,,,74291186400.6,18129784680.54,,,653132717498.71,1489905998.37,5656709801.66,,,19314866666.68,47645838548.24,,,,121669027137.24,,12093993623.65,2872997609.79,,,,,,,,,97773997202.25,147506797.07,,,,116591701263.76,,,6485498.32,1967607550.66,,,,,9311898882.27,,,3399970019.46,,,,,,,,,,,,496301221152.36,,22811407984.17,,,3690727105.21,153140769241.14,156831496346.35,653132717498.71,,181762126.31,,,57197813812.04,29717774627.1,18059344795.73,37941931903.8,,,,,,357437853.41,,,,,,,,,36327827705.57,1
600030.SH,20181031,20181031,20180930,1,4,3,12116908400.0,54422387219.86,55111945434.59,8253556728.99,,110612417464.75,222566396513.0,,,,,,4538181733.76,,,,27087481632.68,,,,,57953160833.05,,,,,9060547729.68,851110036.73,,6000056069.66,,7787853284.88,382672396.69,,,,,3271996114.27,,10540407694.72,,3747223750.6,,,,110612417464.75,,,9243924390.39,,,,,1098944252.93,,,,68505591380.59,20123737607.01,,,614146021596.44,1120121133.38,6243869025.9,,,14221000805.26,53039133117.56,,,,90646213135.48,,11258990678.2,1809157022.69,2819036368.84,,,,,,,,107312623555.66,149573339.23,,,,106443335687.85,,,442152175.44,2568472986.05,,,,,8697348016.33,,,4421237498.85,,,,,,,,,,,,457783093967.09,,20979422382.26,,,3571200682.54,152791726946.81,156362927629.35,614146021596.44,,1907506781.11,,,61103095827.6,43888455729.75,12166702894.39,34424126525.98,,,,,,,,,,,,,,,17284378185.93,0
600030.SH,20181031,20181031,20180930,1,4,3,12116908400.0,54422387219.86,55111945434.59,8253556728.99,,110612417464.75,222566396513.0,,,,,,4538181733.76,,,,27087481632.68,,,,,57953160833.05,,,,,9060547729.68,851110036.73,,6000056069.66,,7787853284.88,382672396.69,,,,,3271996114.27,,10540407694.72,,3747223750.6,,,,110612417464.75,,,9243924390.39,,,,,1098944252.93,,,,68505591380.59,20123737607.01,,,614146021596.44,1120121133.38,6243869025.9,,,14221000805.26,53039133117.56,,,,90646213135.48,,11258990678.2,1809157022.69,2819036368.84,,,,,,,,107312623555.66,149573339.23,,,,106443335687.85,,,442152175.44,2568472986.05,,,,,8697348016.33,,,4421237498.85,,,,,,,,,,,,457783093967.09,,20979422382.26,,,3571200682.54,152791726946.81,156362927629.35,614146021596.44,,1907506781.11,,,61103095827.6,43888455729.75,12166702894.39,34424126525.98,,,,,,,,,,,,,,,17284378185.93,1
600030.SH,20180824,20180824,20180630,1,4,2,12116908400.0,54426368541.65,53412690121.93,8253556728.99,,115851264939.17,208806622675.39,,,,,,4247320930.49,,,,31420342486.89,,,,,81039906550.09,,,,,9199848002.91,857924542.41,,6069494161.17,,7773005719.48,336598788.81,,,,,3306330108.38,,10432733376.52,,3382058693.97,,,,,,,8695133447.23,,,,,1183497158.43,,,,76624399858.64,24050623402.37,,,657724298833.83,1118387684.55,7080976497.11,,,8838966063.4,49606233757.62,,,,99789532135.15,,10617484602.14,1554063264.38,2478743669.76,,,,,,,,130352079996.38,109716642.61,,,,109494406473.13,,,442152175.44,2829890651.13,,,,,7600522973.91,,,8305648222.6,,,,,,,,,,,,504268867272.04,,20925049890.33,,,3406331218.75,150049100343.04,153455431561.79,657724298833.83,,914526660.14,,,67671585583.19,58580205264.38,28692190083.81,35357872378.92,,,,,,,,,,,,,,,22196476914.19,0
600030.SH,20180824,20180824,20180630,1,4,2,12116908400.0,54426368541.65,53412690121.93,8253556728.99,,115851264939.17,208806622675.39,,,,,,4247320930.49,,,,31420342486.89,,,,,81039906550.09,,,,,9199848002.91,857924542.41,,6069494161.17,,7773005719.48,336598788.81,,,,,3306330108.38,,10432733376.52,,3382058693.97,,,,,,,8695133447.23,,,,,1183497158.43,,,,76624399858.64,24050623402.37,,,657724298833.83,1118387684.55,7080976497.11,,,8838966063.4,49606233757.62,,,,99789532135.15,,10617484602.14,1554063264.38,2478743669.76,,,,,,,,130352079996.38,109716642.61,,,,109494406473.13,,,442152175.44,2829890651.13,,,,,7600522973.91,,,8305648222.6,,,,,,,,,,,,504268867272.04,,20925049890.33,,,3406331218.75,150049100343.04,153455431561.79,657724298833.83,,914526660.14,,,67671585583.19,58580205264.38,28692190083.81,35357872378.92,,,,,,,,,,,,,,,22196476914.19,1
600030.SH,20180428,20180428,20180331,1,4,1,12116908400.0,54451500238.18,55423388517.27,8253556728.99,,108126190445.98,226229859530.75,,,,,,4005196353.17,,,,29704464782.84,,,,,94680707566.09,,,,,8773040863.64,864739048.1,,6632822935.2,,7716260154.04,360258260.31,,,,,3318104085.11,,10304246834.97,,3560183655.59,,,,,,,7153750365.89,,,,,950666451.48,,,,75880442995.01,22972171536.05,,,659668835075.68,1118387684.55,9376064393.97,,,4600000000.0,47120727671.28,,,,120024677908.96,,11986694818.15,1681849463.84,3171757941.85,,,,,,,,117462678961.41,86349343.41,,,,96283189447.28,,,442152175.44,3062272589.28,,,,,12634673295.57,,,3451252183.11,,,,,,,,,,,,504509750858.47,,20882413775.34,,,3435476950.12,151723607267.09,155159084217.21,659668835075.68,,595839607.31,,,74345180762.59,41171741478.99,41664449185.17,30342573795.2,,,,31771421500.94,,,,,,,,,,,,0
600030.SH,20180323,20180323,20171231,1,4,4,12116908400.0,54445532328.88,52006986983.49,8164570411.36,,98816283657.65,178153503440.82,,,,,,3368327259.78,,,,27873194683.51,,,,,114592029668.14,,,59226931955.32,,8585548406.01,871553553.79,,6192042326.76,,7902967736.98,361591235.71,,,,,3447331510.1,,10280937030.52,,3384951546.6,,,,,,,5900794728.17,,,,,972410083.66,,,,69477475255.31,22908862270.6,,,625574643890.17,1122187684.55,5991451221.43,,,9835000000.0,46451769979.94,,,,111619927238.0,,11599263746.32,1793375731.79,3031683810.32,,,,,,,,99854890837.75,60686527.09,,,,106219663490.04,,,442152175.44,2632210767.97,,,,,13301231344.17,,,3507168412.17,,,,,,,,,,,,472432085067.12,,20826927957.42,,,3343512676.15,149799046146.9,153142558823.05,625574643890.17,,2238120065.75,,,73982610584.55,21661634482.1,33537839142.31,21431582957.83,,,,,,,,,,,,,,,,0
600030.SH,20180323,20180323,20171231,1,4,4,12116908400.0,54445532328.88,52006986983.49,8164570411.36,,98816283657.65,178153503440.82,,,,,,3368327259.78,,,,27873194683.51,,,,,114592029668.14,,,59226931955.32,,8585548406.01,871553553.79,,6192042326.76,,7902967736.98,361591235.71,,,,,3447331510.1,,10280937030.52,,3384951546.6,,,,,,,5900794728.17,,,,,972410083.66,,,,69477475255.31,22908862270.6,,,625574643890.17,1122187684.55,5991451221.43,,,9835000000.0,46451769979.94,,,,111619927238.0,,11599263746.32,1793375731.79,3031683810.32,,,,,,,,99854890837.75,60686527.09,,,,106219663490.04,,,442152175.44,2632210767.97,,,,,13301231344.17,,,3507168412.17,,,,,,,,,,,,472432085067.12,,20826927957.42,,,3343512676.15,149799046146.9,153142558823.05,625574643890.17,,2238120065.75,,,73982610584.55,21661634482.1,33537839142.31,21431582957.83,,,,,,,,,,,,,,,,1
600030.SH,20171031,20171031,20170930,1,4,3,12116908400.0,54371306744.32,50871712677.66,7812711706.09,,107525926971.5,161583424341.32,,,,,,3706246268.78,,,,31199462435.7,,,,,109307146680.26,,,67033434514.96,,4063464772.68,878368059.5,,5500178941.8,,8018625090.36,306948852.87,,,,,3499819984.86,,10312821400.13,,2938779849.93,,,,107525926971.5,,,4203899321.86,,,,,1019487052.55,,,,69608787616.93,24877732132.16,,,631773360595.01,1122187684.55,5376942034.38,,,16300000000.0,38289360765.87,,,,108626925165.7,,9528825082.77,1925944371.95,2436957762.43,,,,,,,,111843684434.78,208576286.71,,,,93536268086.49,,,436351877.12,2201621228.13,,,,,9543811351.39,,,3436796536.48,,,,,,,,,,,,481260328359.91,,18900721385.71,,,3476332834.13,147036699400.97,150513032235.1,631773360595.01,,2963338487.19,,,69822787205.09,40852538850.86,41091739750.83,35354335940.33,,,,,,,,,,,,,,,,0
600030.SH,20170826,20170826,20170630,1,4,2,12116908400.0,54371195464.43,47924079368.17,7812711706.09,,112615036974.76,148541055269.47,,,,,,3721822277.45,,,,32794364689.02,,,,,93717026956.07,,,78815118205.67,,4089763469.88,885182565.19,,4484653241.9,,8164837718.48,289829916.77,,,,,3614710933.3,,10355578263.24,,2602255339.34,,,,112615036974.76,,,3843255304.81,,,,,1028662924.73,,,,77403126806.58,25804447122.46,,,605911728972.05,1122187684.58,3078652538.38,,,12500000000.0,39155169647.2,,,,97781672193.02,,8329862437.46,1577673458.33,1939579781.84,,,,,,,,118173750173.01,204076339.69,,,,91391868644.9,,,436351877.12,1934294322.9,,,,,5168481524.26,,,7741562347.72,,,,,,,,,,,,458867841731.0,,18852764920.16,,,3341155560.62,143702731680.43,147043887241.05,605911728972.05,,2625071821.58,,,63152746023.49,33195828898.48,32639489130.42,35693169630.17,,,,,,,,,,,,,,,,0
600030.SH,20170826,20170826,20170630,1,4,2,12116908400.0,54371195464.43,47924079368.17,7812711706.09,,112615036974.76,148541055269.47,,,,,,3721822277.45,,,,32794364689.02,,,,,93717026956.07,,,78815118205.67,,4089763469.88,885182565.19,,4484653241.9,,8164837718.48,289829916.77,,,,,3614710933.3,,10355578263.24,,2602255339.34,,,,112615036974.76,,,3843255304.81,,,,,1028662924.73,,,,77403126806.58,25804447122.46,,,605911728972.05,1122187684.58,3078652538.38,,,12500000000.0,39155169647.2,,,,97781672193.02,,8329862437.46,1577673458.33,1939579781.84,,,,,,,,118173750173.01,204076339.69,,,,91391868644.9,,,436351877.12,1934294322.9,,,,,5168481524.26,,,7741562347.72,,,,,,,,,,,,458867841731.0,,18852764920.16,,,3341155560.62,143702731680.43,147043887241.05,605911728972.05,,2625071821.58,,,63152746023.49,33195828898.48,32639489130.42,35693169630.17,,,,,,,,,,,,,,,,1
600030.SH,20170429,20170429,20170331,1,4,1,12116908400.0,54384603314.34,49524768329.17,7812711706.09,,122218065450.38,168360997771.04,,,,,,4074519331.76,,,,35336600169.24,,,,,79782235808.34,,,83561548536.94,,4039663662.04,67455031.35,,5525480785.57,,3550316950.5,286285014.37,,,,,3714499596.9,,10394337862.68,,2764289597.5,,,,122218065450.38,,,3994093802.78,,,,,1010258076.95,,,,85886955730.41,29042822555.45,,,624579060467.42,1122187684.55,5506675993.0,,,7420000000.0,35502990303.82,,,,125070014883.69,,9698783860.03,2875842407.3,2665187896.23,,,,,,,,126363575092.03,112242723.21,,,,82489647324.13,,,436351877.12,1811354732.74,,,,,3892910243.2,,,3963512034.64,,,,,,,,,,,,475701307946.82,,18845498092.1,,,3237112861.56,145640639659.04,148877752520.6,624579060467.42,,2956149817.34,,,62852222445.56,33046190573.52,35979276706.61,30790754184.52,,,,,,,,,,,,,,,,0
600030.SH,20170323,20170323,20161231,1,4,4,12116908400.0,54458525943.56,47192292163.84,7812711706.09,,132856671386.69,159618951036.77,,,,,,4126158664.56,,,,33733140940.7,,,,,59175083006.03,,,84878505032.62,,3973851090.48,68148295.02,,4523622301.67,,3659470345.31,263790404.38,,,,,3819579124.85,,10406168645.0,,2810852836.45,,,,,,,3780358384.16,,,,,1600050268.48,,,,100994211589.99,28882566680.69,,,597438839244.37,1121187684.55,3479478324.45,,,19550000000.0,31218323681.4,,,,121414243406.77,,9536565937.39,2432707803.46,2423119326.47,,,,,,,,134397672395.35,134170817.31,,,,70552174727.31,,,436351877.12,1565744279.34,,,,,2576590766.55,,,2998748055.68,,,,,,,,,,,,451650169507.47,,18796702027.8,,,3092723979.17,142695945757.73,145788669736.9,597438839244.37,,2318805516.44,,,65021193348.64,23123244132.56,21346229520.32,26466860904.0,,,,,,,,,,,,,,,,0
600030.SH,20170323,20170323,20161231,1,4,4,12116908400.0,54458525943.56,47192292163.84,7812711706.09,,132856671386.69,159618951036.77,,,,,,4126158664.56,,,,33733140940.7,,,,,59175083006.03,,,84878505032.62,,3973851090.48,68148295.02,,4523622301.67,,3659470345.31,263790404.38,,,,,3819579124.85,,10406168645.0,,2810852836.45,,,,,,,3780358384.16,,,,,1600050268.48,,,,100994211589.99,28882566680.69,,,597438839244.37,1121187684.55,3479478324.45,,,19550000000.0,31218323681.4,,,,121414243406.77,,9536565937.39,2432707803.46,2423119326.47,,,,,,,,134397672395.35,134170817.31,,,,70552174727.31,,,436351877.12,1565744279.34,,,,,2576590766.55,,,2998748055.68,,,,,,,,,,,,451650169507.47,,18796702027.8,,,3092723979.17,142695945757.73,145788669736.9,597438839244.37,,2318805516.44,,,65021193348.64,23123244132.56,21346229520.32,26466860904.0,,,,,,,,,,,,,,,,1
600030.SH,20161029,20161029,20160930,1,4,3,12116908400.0,54449099299.95,46562622509.52,7524925348.06,,120107167302.13,129488030069.6,,,,,,3638682298.74,,,,33294946414.36,,,,,40574102336.08,,,86024279939.31,,3641113671.42,68841558.71,,3946619524.09,,3522101930.18,346888074.13,,,,,3798743817.07,,10326596347.85,,2660132831.57,,,,,,,3939685264.92,,,,,1394565400.11,,,,89347143960.96,27920671960.1,,,547891868264.01,702510227.85,1579812807.68,,,7550030966.7,29906155803.62,,,,90017335950.79,,7827198915.74,2421544487.28,2433236480.0,,,,,,,,132269193337.95,95532644.65,,,,64631032470.21,,,436351877.12,1472983133.12,,,,,1960326913.53,,,2780072665.58,,,,,,,,,,,,405472549067.21,,17304239551.98,,,2946014232.14,139473304964.66,142419319196.8,547891868264.01,,1515509855.15,,,64611300901.83,36508070581.91,24247633224.75,35141597160.64,,,,,,,,,,,,,,,,0
600030.SH,20160825,20160825,20160630,1,4,2,12116908400.0,54448996611.87,43882683322.88,7524925348.06,,145112452235.56,130061227722.2,,,,,,3867165546.48,,,,30962027617.32,,,,,39041730006.34,,,93368896791.35,,3737829917.89,69534822.38,,3076750387.73,,3551584729.91,348438237.69,,,,,3868856179.11,,10307743403.55,,3065583334.5,,,,145112452235.56,,,4830209130.7,,,,,1088463488.93,,,,109842202365.48,25133314503.89,,,570058799507.67,1464908810.73,2623951340.12,,,6250000000.0,29194695418.74,,,,87298703198.25,,8127000046.97,2994047061.31,2293162055.47,,,,,,,,148897701847.17,40916366.39,,,,70379566156.22,,,436351877.12,1476900527.03,,,,,1684346470.72,,,8744328533.94,,,,,,,,,,,,431079947091.36,,17280354853.73,,,2758821908.99,136220030507.32,138978852416.31,570058799507.67,,966161970.78,,,57711569735.37,35988736220.66,26614962837.14,32558404544.04,,,,,,,,,,,,,,,,0
600030.SH,20160825,20160825,20160630,1,4,2,12116908400.0,54448996611.87,43882683322.88,7524925348.06,,145112452235.56,130061227722.2,,,,,,3867165546.48,,,,30962027617.32,,,,,39041730006.34,,,93368896791.35,,3737829917.89,69534822.38,,3076750387.73,,3551584729.91,348438237.69,,,,,3868856179.11,,10307743403.55,,3065583334.5,,,,145112452235.56,,,4830209130.7,,,,,1088463488.93,,,,109842202365.48,25133314503.89,,,570058799507.67,1464908810.73,2623951340.12,,,6250000000.0,29194695418.74,,,,87298703198.25,,8127000046.97,2994047061.31,2293162055.47,,,,,,,,148897701847.17,40916366.39,,,,70379566156.22,,,436351877.12,1476900527.03,,,,,1684346470.72,,,8744328533.94,,,,,,,,,,,,431079947091.36,,17280354853.73,,,2758821908.99,136220030507.32,138978852416.31,570058799507.67,,966161970.78,,,57711569735.37,35988736220.66,26614962837.14,32558404544.04,,,,,,,,,,,,,,,,1
600030.SH,20160430,20160430,20160331,1,4,1,12116908400.0,54450310806.96,46368185003.3,7524925348.06,,150195781746.18,140275185973.62,,,,,,4232590877.12,,,,30625390423.59,,,,,36317471948.75,,,102032635119.08,,4452727090.64,70228086.05,,4676456461.12,,3254218477.87,550603627.35,,,,,3888477672.29,,10256170560.05,,3353491855.75,,,,,,,8578869579.02,,,,,1575894087.5,,,,116323601159.55,25388440624.64,,,584584869020.99,1578188555.45,4410156520.8,,,2033000000.0,24289445218.88,,,,124198761147.6,,9695525127.1,4006180689.1,3109471936.27,,,,,,,,151384493779.1,34615276.13,,,,71000919263.46,,,436351877.12,1623707724.4,,,,,2393367367.2,,,1880124019.42,,,,,,,,,,,,442763294095.91,,17226704377.18,,,2769569786.98,139052005138.1,141821574925.08,584584869020.99,,1364971202.6,,,57608017719.58,22640657715.43,11714297261.7,28974688332.18,,,,,,,,,,,,,,,,0
600030.SH,20160324,20160324,20151231,1,4,4,12116908400.0,54449954200.12,44787070060.43,7524925348.06,,179318615528.22,136792397972.3,,,,,,3739109184.77,,,,33142172884.18,,,,,36770724336.33,,,92135085052.42,,4484163966.3,70921349.72,,3887699625.47,,3319681320.48,536439458.67,,,,,3985413254.14,,10265277340.31,,3141287700.0,,,,,,,11594612661.95,,,,,3463395116.07,,,,116139213405.77,27414683210.17,,,616108242188.09,2912210359.06,4721631540.05,,,18033000000.0,25939454987.57,,,,127788536764.0,,9686035540.51,4618750957.81,3242287644.94,,,,,,,,150456676390.46,61651354.3,,,,72833198286.9,,,436351877.12,2542465505.34,,,,,4765283671.95,,,1945697504.67,,,,,,,,,,,,474371143708.19,,17174481582.43,,,2599311483.52,139137786996.38,141737098479.9,616108242188.09,,3084447405.34,,,75523402941.1,13937842495.66,12848079269.23,31539832054.28,,,,,,,,,,,,,,,,0
600030.SH,20160324,20160324,20151231,1,4,4,12116908400.0,54449954200.12,44787070060.43,7524925348.06,,179318615528.22,136792397972.3,,,,,,3739109184.77,,,,33142172884.18,,,,,36770724336.33,,,92135085052.42,,4484163966.3,70921349.72,,3887699625.47,,3319681320.48,536439458.67,,,,,3985413254.14,,10265277340.31,,3141287700.0,,,,,,,11594612661.95,,,,,3463395116.07,,,,116139213405.77,27414683210.17,,,616108242188.09,2912210359.06,4721631540.05,,,18033000000.0,25939454987.57,,,,127788536764.0,,9686035540.51,4618750957.81,3242287644.94,,,,,,,,150456676390.46,61651354.3,,,,72833198286.9,,,436351877.12,2542465505.34,,,,,4765283671.95,,,1945697504.67,,,,,,,,,,,,474371143708.19,,17174481582.43,,,2599311483.52,139137786996.38,141737098479.9,616108242188.09,,3084447405.34,,,75523402941.1,13937842495.66,12848079269.23,31539832054.28,,,,,,,,,,,,,,,,1
600030.SH,20151030,20151030,20150930,1,4,3,12116908400.0,54357361550.76,45476708452.36,7092744698.99,,214378454167.43,127259614948.07,,,,,,3194555679.17,,,,36866406286.66,500000000.0,,,,38510468186.97,,,70609943985.47,,4159897155.36,71614613.41,,5113355520.53,,1048284518.23,347335820.79,,,,,3940889021.73,,10599330822.5,,2297261436.65,,,,,,,15477922933.53,,,,,6105294665.09,,,,135325261120.79,32326075109.65,,,644168042630.55,1413055102.55,6193049100.57,,,2460000000.0,24281852131.99,,,,137639289072.95,,7811376757.53,4213806930.37,3503888062.32,,,,,,,,177333300480.79,63502949.2,,,,76637129098.65,,,,1806030284.28,,,,,3218407601.29,,,1927277485.35,,,,,,,,,,,,507812559272.42,,13127892037.98,,,2905836012.99,133449647345.14,136355483358.13,644168042630.55,,1278032205.05,,,59942373609.22,43745039259.74,18719617476.64,40590976737.94,,,,,,,,,,,,,,,,0
600030.SH,20150825,20150825,20150630,1,4,2,12116908400.0,54353218732.3,41587742328.68,7092744698.99,,274540420116.64,168088525965.34,,,,,,3226842975.29,,,,49371176176.61,,,,,38980144372.42,,,54865737330.57,72331144.62,4375799077.4,72307877.08,,5120323195.19,,965530339.49,376999264.75,,,,,1760319659.07,,10508334750.72,,2076417223.47,,,,,,,13660746453.48,,,,,4088753180.66,,,,206288005925.23,40321958933.47,,,775505705874.52,1922922587.92,6741492970.0,,,211000000.0,32238051266.63,,,,168735501651.26,,7199787137.71,4653945858.94,2320624584.79,,,,,,,,254155178467.03,12768906.99,,,,69926294214.67,,,,2771319734.63,,,,,6915856642.74,,,5594916921.75,,,,,,,,,,,,642755134423.55,,13501901873.66,,,2458394338.97,130292177112.0,132750571450.97,775505705874.52,,1639661078.37,,,116349671278.55,27005325493.17,35239722371.75,43720751106.74,,,,,,,,,,,,,,,,0
600030.SH,20150430,20150430,20150331,1,4,1,11016908400.0,34119220010.04,36469951184.77,7092744698.99,,136292777948.35,138720288214.01,,,,,,3406213092.99,,,,32901412108.97,,,,,43167653086.37,,,54037789942.43,142461343.29,4053993035.78,73001140.75,,5239239295.34,,929798896.33,294614926.84,,,,,1823618937.4,,10084043909.84,,3862673229.41,,,,,,,10322062108.67,,,,,4302427476.5,,,,95986466843.69,26195304716.07,,,568657000557.87,2319580823.16,7547472758.27,,,6676000000.0,41356248665.73,,,,131330109752.41,,6229895784.6,3547711806.78,2617660455.94,,,,,,,,134227370278.01,57931020.87,,,,55122383497.43,,,,3862422418.26,,,,,11690988555.35,,,2013786113.28,,,,,,,,,,,,462469647887.69,,13389259210.43,,,2196586548.5,103990766121.68,106187352670.18,568657000557.87,,1902682617.45,,,91370738415.53,27632193449.07,29951599073.42,23918486884.18,,,,,,,,,,,,,,,,0
600030.SH,20150324,20150324,20141231,1,4,4,11016908400.0,34119220010.04,32710342319.16,7092744698.99,,109760826049.67,126185287786.5,,,,,,3152562573.13,,,,25047051230.19,,,,,42862895364.66,,,48836009433.03,142584585.7,3961995922.94,73694404.42,,3368712508.87,,982498357.85,239825547.81,,,,,1887274940.3,,10075152024.7,,2596285358.87,,,,,,,7281625994.35,,,,,3353095572.26,,,,76007566665.17,20833121559.65,,,479626450225.21,2314393176.37,4651415964.9,,,11751000000.0,31064971511.58,,,,124914446232.09,,5266610270.04,3295465130.94,1566572029.84,,,,,,,,101845837951.15,7791640.39,5000000000.0,,,43167362935.99,,,,2610454151.43,,,,,5339085013.32,,,1718394166.5,,,,,,,,,,,,378494965143.91,,13338581328.12,,,2032814814.6,99098670266.7,101131485081.3,479626450225.21,,820873510.39,,,74135256208.31,15683816361.65,17997658303.35,15983506666.02,,,,,,,,,,,,,,,,1
600030.SH,20150324,20150324,20141231,1,4,4,11016908400.0,34119220010.04,32710342319.16,7092744698.99,,109760826049.67,126185287786.5,,,,,,3152562573.13,,,,25047051230.19,,,,,42862895364.66,,,48836009433.03,142584585.7,3961995922.94,73694404.42,,3368712508.87,,982498357.85,239825547.81,,,,,1887274940.3,,10075152024.7,,2596285358.87,,,,,,,7281625994.35,,,,,3353095572.26,,,,76007566665.17,20833121559.65,,,479626450225.21,2314393176.37,4651415964.9,,,11751000000.0,31064971511.58,,,,124914446232.09,,5266610270.04,3295465130.94,1566572029.84,,,,,,,,101845837951.15,7791640.39,5000000000.0,,,43167362935.99,,,,2610454151.43,,,,,5339085013.32,,,1718394166.5,,,,,,,,,,,,378494965143.91,,13338581328.12,,,2032814814.6,99098670266.7,101131485081.3,479626450225.21,,820873510.39,,,74135256208.31,15683816361.65,17997658303.35,15983506666.02,,,,,,,,,,,,,,,,0
600030.SH,20141031,20141031,20140930,1,4,3,11016908400.0,34368042152.68,30174388992.86,6439142432.99,,77702559138.5,103866221106.71,,23615272777.36,,,,2716254693.13,,,,17244880534.48,,,,,30702023736.55,,,38182308759.17,,3459474748.32,74387668.11,,3086708644.85,,852707749.19,217421285.83,,,,,1743003004.64,,10067849579.28,,1297189608.57,,,,,,,6481366456.56,,,,,620308456.38,,,,49814935959.77,13211601485.25,,,375706057342.75,1507000000.0,4177174076.8,,,14299000000.0,18308749992.94,,18640011999.29,,90553764272.13,,3518519024.09,1837585313.06,876928478.95,,,,,,,,75418670845.46,37982126.76,,,,32220131800.17,,,,1266909198.77,,,,,1896286768.38,,,6548175455.62,,,,,,,,,,,,281104777118.16,,11571743843.47,-815563169.41,,1846617572.0,92754662652.59,94601280224.59,375706057342.75,,,,,53776119395.12,23615272777.36,9997887765.74,18640011999.29,,,,,,,,,,,,,,,,0
600030.SH,20141031,20141031,20140930,1,4,3,11016908400.0,34368042152.68,30174388992.86,6439142432.99,,77702559138.5,103866221106.71,,23615272777.36,,,,2716254693.13,,,,17244880534.48,,,,,30702023736.55,,,38182308759.17,,3459474748.32,74387668.11,,3086708644.85,,852707749.19,217421285.83,,,,,1743003004.64,,10067849579.28,,1297189608.57,,,,,,,6481366456.56,,,,,620308456.38,,,,49814935959.77,13211601485.25,,,375706057342.75,1507000000.0,4177174076.8,,,14299000000.0,18308749992.94,,18640011999.29,,90553764272.13,,3518519024.09,1837585313.06,876928478.95,,,,,,,,75418670845.46,37982126.76,,,,32220131800.17,,,,1266909198.77,,,,,1896286768.38,,,6548175455.62,,,,,,,,,,,,281104777118.16,,11571743843.47,-815563169.41,,1846617572.0,92754662652.59,94601280224.59,375706057342.75,,,,,53776119395.12,23615272777.36,9997887765.74,18640011999.29,,,,,,,,,,,,,,,,1
600030.SH,20140829,20140829,20140630,1,4,2,11016908400.0,33529568761.14,27935928362.8,6439142432.99,,60385262224.83,103983811780.74,,17336510594.36,,,,2685849567.03,,,,15007002392.08,,,,,28068525263.63,,,46167333316.06,,3553099244.71,75080931.78,,3182296619.63,,889964140.56,189161939.28,,,,,1803772322.7,,10067421209.56,,1278954648.11,,,,,,,5670046231.51,,,,,665871218.05,,,,39061422360.24,10752668443.68,,,339743807667.51,767000000.0,4883495388.94,,,8010000000.0,19867181545.87,,13871408168.82,,83821543026.8,,2884704912.26,1764369072.3,768808640.05,,,,,,,,57455440024.94,74654298.25,,,,32202317721.37,,,,871663521.13,,,,,1100363056.3,,,7964114531.96,,,,,,,,,,,,248305071512.58,,11521009733.45,-711648572.76,,1707827037.31,89730909117.62,91438736154.93,339743807667.51,,,,,38733844022.89,17336510594.36,11998007603.59,13871408168.82,,,,,,,,,,,,,,,,0
600030.SH,20140430,20140430,20140331,1,4,1,11016908400.0,33253340475.4,26863762024.23,6439142432.99,,55467343281.03,90060651736.49,,17759227965.39,,,,2434913421.33,,,,17660201972.44,2400000000.0,,,,21956164292.62,,,42023456824.21,,3487407590.32,75774195.45,,1896327239.28,,3738491744.53,175953726.6,,,,,1865237869.11,,10066931789.32,,1341448740.85,,,,,,,6311097643.4,,,,,904986745.52,,,,34542444293.72,10409995328.85,,,318987143173.83,5567000000.0,4229702785.79,,,11610000000.0,19075275750.67,,8565014322.16,,74077962278.56,,2932123672.02,2338272205.38,1173119443.19,,,,,,,,55763215558.9,59714024.59,,,,26261402972.62,,,,820790427.67,,,,,990189998.04,,,1486148850.98,,,,,,,,,,,,228995507981.58,,11453028000.27,-728865446.9,,1694319306.26,88297315885.99,89991635192.25,318987143173.83,,,,,39361526395.94,17759227965.39,14045575691.01,8565014322.16,,,,,,,,,,,,,,,,0
600030.SH,20140328,20140328,20131231,1,4,4,11016908400.0,34094111852.78,25632130707.71,6439142432.99,,55679623473.02,69898019216.66,,9333213112.04,,,,2165506780.7,,,,12130321979.29,,,,,22091991844.47,,,25351175094.0,,14651014141.08,432348229.56,,879008686.15,,2733697186.98,903706441.12,,,,,1915891288.09,,10047494513.2,,1323254389.82,,,,,,,6491367636.03,,,,,1024682746.07,,,,30916791184.91,9208530071.0,,,271354248951.82,567000000.0,2525220343.44,,,4710000000.0,19283110036.5,,5933935348.29,,55704255109.45,,3295862334.0,2203344456.76,890887986.47,,,,,,,,45196158517.76,61259657.45,,,,26177107880.67,,,,872286123.86,,,,,1326161064.03,,,1207435242.38,,,,,,,,,,,,181952153799.06,,11401723975.27,-895532627.82,,1713610411.83,87688484740.93,89402095152.76,271354248951.82,,,,,34301932193.54,9333213112.04,11998129698.0,5933935348.29,,,,,,,,,,,,,,,,0
600030.SH,20140328,20140328,20131231,1,4,4,11016908400.0,34094111852.78,25632130707.71,6439142432.99,,55679623473.02,69898019216.66,,9333213112.04,,,,2165506780.7,,,,12130321979.29,,,,,22091991844.47,,,25351175094.0,,14651014141.08,432348229.56,,879008686.15,,2733697186.98,903706441.12,,,,,1915891288.09,,10047494513.2,,1323254389.82,,,,,,,6491367636.03,,,,,1024682746.07,,,,30916791184.91,9208530071.0,,,271354248951.82,567000000.0,2525220343.44,,,4710000000.0,19283110036.5,,5933935348.29,,55704255109.45,,3295862334.0,2203344456.76,890887986.47,,,,,,,,45196158517.76,61259657.45,,,,26177107880.67,,,,872286123.86,,,,,1326161064.03,,,1207435242.38,,,,,,,,,,,,181952153799.06,,11401723975.27,-895532627.82,,1713610411.83,87688484740.93,89402095152.76,271354248951.82,,,,,34301932193.54,9333213112.04,11998129698.0,5933935348.29,,,,,,,,,,,,,,,,1
600030.SH,20131031,20131031,20130930,1,4,3,11016908400.0,34629988370.34,25611368328.94,5885189304.86,,54863859176.85,74157204039.76,,,,,,2091450177.28,,,,11782190470.75,,,,,15169127593.68,,,24146206110.85,,13134393313.26,435620749.86,,48414006387.59,,2696537330.42,928929604.98,,,,,1783898211.9,,10665863277.08,,1071694156.75,,,,,,,5528857291.96,,,,,990350450.82,,,,28935878432.84,8426498576.0,31204115.16,,267860188343.79,,6534448281.13,,,7580000000.0,16833469555.9,,,,49344622678.92,,2900998738.34,1718384190.51,500079244.72,,,,,,,,49128847794.64,83143245.34,,,,26186390770.3,,,4944354.24,955827077.53,,,,,882275862.97,,,16822914202.95,,,,,,,,,2100000000.0,,,179476345997.49,,10424684744.87,-687625233.26,,1503328430.55,86880513915.75,88383842346.3,267860188343.79,,,,,,,,,,,,,,,,,,,,,,,,0
600030.SH,20130830,20130830,20130630,1,4,2,11016908400.0,33659486174.57,24024482680.87,5885189304.86,,57585123175.4,47021909877.42,,,,,,1500109140.1,,,,9013948297.34,,,,,4975392583.4,,,23480815942.86,,20271968696.0,438893270.19,,29319910188.76,,2391433956.8,796545588.68,,,,,146658951.04,,498944054.65,,837634487.47,,,,,,,402762887.88,,,,,403818143.43,,,,30048761131.26,6900722378.71,7401378.29,,199085869241.42,,871284509.34,,,5580000000.0,373998649.05,,,,25341001475.92,,1540021337.71,993303100.94,196002293.79,,,,,,,,37331713120.33,181285576.39,,,,21373663474.91,,,4944354.24,204930912.09,,,,,596962756.84,,,19913463649.12,,,,,,,,,,,,114502575210.67,,10424684744.87,-632176041.27,,204718766.85,84378575263.9,84583294030.75,199085869241.42,,,,,,,,,,,,,,,,,,,,,,,,1
600030.SH,20130830,20130830,20130630,1,4,2,11016908400.0,33659486174.57,24024482680.87,5885189304.86,,57585123175.4,47021909877.42,,,,,,1500109140.1,,,,9013948297.34,,,,,4975392583.4,,,23480815942.86,,20271968696.0,438893270.19,,29319910188.76,,2391433956.8,796545588.68,,,,,146658951.04,,498944054.65,,837634487.47,,,,,,,402762887.88,,,,,403818143.43,,,,30048761131.26,6900722378.71,7401378.29,,199085869241.42,,871284509.34,,,5580000000.0,373998649.05,,,,25341001475.92,,1540021337.71,993303100.94,196002293.79,,,,,,,,37331713120.33,181285576.39,,,,21373663474.91,,,4944354.24,204930912.09,,,,,596962756.84,,,19913463649.12,,,,,,,,,,,,114502575210.67,,10424684744.87,-632176041.27,,204718766.85,84378575263.9,84583294030.75,199085869241.42,,,,,,,,,,,,,,,,,,,,,,,,0
600030.SH,20130426,20130426,20130331,1,4,1,11016908400.0,34322417556.57,26195207447.07,5885189304.86,,49969373771.09,53404043382.13,,,,,,1341622848.95,,,,9570076739.7,,,,,2057940024.9,,,26298930212.5,,19711226840.31,399843606.83,,21379177744.04,,2491422460.51,788702282.52,,,,,149531609.3,,500451454.98,,658550769.23,,,,,,,363274875.97,,,,,490500769.46,,,,28642995607.7,6179913959.58,7175503.28,,189574669392.42,,875054695.0,,,4500000000.0,113991914.39,,,,37059248773.85,,2290211749.19,943474048.13,179825476.39,,,,,,,,35576778244.42,161902073.85,,,,1500000000.0,,,4944354.24,142985065.96,,,,,677599751.47,,,18081333520.06,,,,,,,,,100000000.0,,,102107349666.95,,10424684744.87,-515972864.37,,138885136.47,87328434589.0,87467319725.47,189574669392.42,,,,,,,,,,,,,,,,,,,,,,,,0
600030.SH,20130328,20130328,20121231,1,4,4,11016908400.0,34391521675.23,25219881621.0,5885189304.86,,52172195283.3,38807609143.38,,,,,,705314697.4,,,,7515088749.62,,,,,793623315.31,,,29191745237.08,,18481905515.52,391785699.44,,14388198175.74,,2551150895.79,768674663.27,,,,,160950213.84,,500900118.6,,836688259.47,,,,,,,423191955.5,,,,,818532731.86,,,,28603994699.74,5247522525.74,7544628.24,,168507554655.12,,790564250.0,,,2900000000.0,18778329.28,,,,22043613830.19,,2313600473.02,1004470876.58,143093610.51,,,,,,,,34807287843.01,175297094.54,,,,1500000000.0,,,4944354.24,323176055.72,,,,,636272129.18,,,15162159121.89,,,,,,,,,100000000.0,,,81823257968.16,,10424684744.87,-473181995.23,,219292936.23,86465003750.73,86684296686.96,168507554655.12,,,,,,,,,,,,,,,,,,,,,,,,0
600030.SH,20130328,20130328,20121231,1,4,4,11016908400.0,34391521675.23,25219881621.0,5885189304.86,,52172195283.3,38807609143.38,,,,,,705314697.4,,,,7515088749.62,,,,,793623315.31,,,29191745237.08,,18481905515.52,391785699.44,,14388198175.74,,2551150895.79,768674663.27,,,,,160950213.84,,500900118.6,,836688259.47,,,,,,,423191955.5,,,,,818532731.86,,,,28603994699.74,5247522525.74,7544628.24,,168507554655.12,,790564250.0,,,2900000000.0,18778329.28,,,,22043613830.19,,2313600473.02,1004470876.58,143093610.51,,,,,,,,34807287843.01,175297094.54,,,,1500000000.0,,,4944354.24,323176055.72,,,,,636272129.18,,,15162159121.89,,,,,,,,,100000000.0,,,81823257968.16,,10424684744.87,-473181995.23,,219292936.23,86465003750.73,86684296686.96,168507554655.12,,,,,,,,,,,,,,,,,,,,,,,,1
600030.SH,20121031,20121031,20120930,1,4,3,11016908400.0,33546907339.73,25029516553.48,5464620499.59,,53410147069.51,26319719144.83,,,,,,545415538.78,,,,8681556603.55,,,,,732300024.9,,,27937586176.38,,18391556243.64,394679635.52,,7556759296.41,,2398262762.98,868646769.72,,,,,140314705.87,,501853528.8,,864567347.26,,,,,,,388468206.52,,,,,832060499.33,,,,26080522179.75,5723703161.37,7313753.42,,149963893554.0,,412181280.0,,,3205000000.0,14818617.57,,,,12698906278.36,,1971264670.74,642002671.64,57769497.98,,,,,,,,32719783106.56,124935516.47,,,,1500000000.0,,,4944354.24,62415844.44,,,,,473429206.09,,,11353891054.54,,,,,,,,,,,,65241342098.63,,9718592573.29,-397062102.02,,343068191.3,84379483264.07,84722551455.37,149963893554.0,,,,,,,,,,,,,,,,,,,,,,,,0
600030.SH,20121031,20121031,20120930,1,4,3,11016908400.0,33546907339.73,25029516553.48,5464620499.59,,53410147069.51,26319719144.83,,,,,,545415538.78,,,,8681556603.55,,,,,732300024.9,,,27937586176.38,,18391556243.64,394679635.52,,7556759296.41,,2398262762.98,868646769.72,,,,,140314705.87,,501853528.8,,864567347.26,,,,,,,388468206.52,,,,,832060499.33,,,,26080522179.75,5723703161.37,7313753.42,,149963893554.0,,412181280.0,,,3205000000.0,14818617.57,,,,12698906278.36,,1971264670.74,642002671.64,57769497.98,,,,,,,,32719783106.56,124935516.47,,,,1500000000.0,,,4944354.24,62415844.44,,,,,473429206.09,,,11353891054.54,,,,,,,,,,,,65241342098.63,,9718592573.29,-397062102.02,,343068191.3,84379483264.07,84722551455.37,149963893554.0,,,,,,,,,,,,,,,,,,,,,,,,1
600030.SH,20120831,20120831,20120630,1,4,2,11016908400.0,34024622451.93,24357872507.12,5464620499.59,,52660098165.77,25616005900.66,,,,,,591424221.74,,,,10894928606.0,,,,,297146000.0,,,28077889202.23,,17799672147.73,397573571.72,,6733195936.4,,2453793022.56,841706605.0,,,,,134599654.79,,501497880.8,,737838823.7,,,,,,,678848867.98,,,,,826902015.71,,,,28038599512.43,6835835825.81,7667878.36,,149243120622.79,,55070367.9,,,2500000000.0,26990096.71,,,,12443317369.77,,2404082994.67,483219292.71,12281419.87,,,,,,,,35804501334.95,2319383553.93,,,,1500000000.0,,,4944354.24,107257185.03,,,,,909883214.05,,,6165145363.58,,,,,,,,,,,,64736076547.41,,9718592573.29,-425919233.9,,350346877.35,84156697198.03,84507044075.38,149243120622.79,,,,,,,,,,,,,,,,,,,,,,,,0
600030.SH,20120831,20120831,20120630,1,4,2,11016908400.0,34024622451.93,24357872507.12,5464620499.59,,52660098165.77,25616005900.66,,,,,,591424221.74,,,,10894928606.0,,,,,297146000.0,,,28077889202.23,,17799672147.73,397573571.72,,6733195936.4,,2453793022.56,841706605.0,,,,,134599654.79,,501497880.8,,737838823.7,,,,,,,678848867.98,,,,,826902015.71,,,,28038599512.43,6835835825.81,7667878.36,,149243120622.79,,55070367.9,,,2500000000.0,26990096.71,,,,12443317369.77,,2404082994.67,483219292.71,12281419.87,,,,,,,,35804501334.95,2319383553.93,,,,1500000000.0,,,4944354.24,107257185.03,,,,,909883214.05,,,6165145363.58,,,,,,,,,,,,64736076547.41,,9718592573.29,-425919233.9,,350346877.35,84156697198.03,84507044075.38,149243120622.79,,,,,,,,,,,,,,,,,,,,,,,,1
600030.SH,20120428,20120428,20120331,1,4,1,11016908400.0,34019959815.89,27709649869.77,5464535589.24,,62309804649.64,19342843076.39,,,,,,409113600.56,,,,8312824739.97,,,,,57736000.0,,,28239644226.12,,17782658867.29,388290394.55,,6577335612.02,,2515577696.92,785145506.12,,,,,131038641.54,,500870025.31,,999631692.09,,,,,,,543280778.18,,,,,707533788.57,,,,32493341528.75,6613881064.45,9022003.29,,149603329295.27,,,,,4000000000.0,20495968.98,,,,10152341823.08,,2942129306.32,832850840.02,59420713.12,,,,,,,,39698157813.87,247479123.15,,,,1500000000.0,,,19354592.38,219488761.22,,,,,540333611.49,,,1514723570.27,,,,,,,,,,,,61746776123.9,,9718592573.29,-445780311.95,,372687235.13,87483865936.24,87856553171.37,149603329295.27,,,,,,,,,,,,,,,,,,,,,,,,0
600030.SH,20120330,20120330,20111231,1,4,4,11016908400.0,33985368284.49,26846394733.48,5464620499.59,,60780083808.88,19049354309.12,,,,,,495072282.05,,,,8424605593.42,790000000.0,,,,575760000.0,,,28897655815.21,,17408888374.56,314423700.4,,4304044840.36,,2646525602.03,691921813.41,,,,,138758454.58,,500879600.45,,1344366963.31,,,,,,,1077628289.48,,,,,840410526.47,,,,30107932061.58,5652306122.69,9391128.24,,148280379973.73,,,,,100000000.0,6282506.88,,,,14232692730.59,,3120180524.4,2689666558.41,37187500.0,,,,,,,,36477143105.53,106443450.65,,,,1500000000.0,,,19354592.38,104477950.25,,,,,1127702082.37,,,1769046124.07,,,,,,,,,,,,61290177125.53,,9718592573.29,-444599639.87,,402917997.22,86587284850.98,86990202848.2,148280379973.73,,,,,,,,,,,,,,,,,,,,,,,,0
600030.SH,20120330,20120330,20111231,1,4,4,11016908400.0,33985368284.49,26846394733.48,5464620499.59,,60780083808.88,19049354309.12,,,,,,495072282.05,,,,8424605593.42,790000000.0,,,,575760000.0,,,28897655815.21,,17408888374.56,314423700.4,,4304044840.36,,2646525602.03,691921813.41,,,,,138758454.58,,500879600.45,,1344366963.31,,,,,,,1077628289.48,,,,,840410526.47,,,,30107932061.58,5652306122.69,9391128.24,,148280379973.73,,,,,100000000.0,6282506.88,,,,14232692730.59,,3120180524.4,2689666558.41,37187500.0,,,,,,,,36477143105.53,106443450.65,,,,1500000000.0,,,19354592.38,104477950.25,,,,,1127702082.37,,,1769046124.07,,,,,,,,,,,,61290177125.53,,9718592573.29,-444599639.87,,402917997.22,86587284850.98,86990202848.2,148280379973.73,,,,,,,,,,,,,,,,,,,,,,,,1
600030.SH,20111029,20111029,20110930,1,4,3,9945701400.0,23309437839.87,18813491097.31,4679619167.33,,44906248850.46,17389296284.71,,,,,,473582773.43,,,,6393110607.9,,,,,,,,29346788900.08,,9403378031.28,303937264.31,,5573068135.56,,2581988668.97,232417201.01,,,,,104387670.55,,820250126.41,,949736106.19,,,,,,,706948138.91,,,,,808270350.19,,,,30799540743.45,4147965532.62,8405670.05,,119993409109.96,,351639805.18,,,,33419792.2,,,,10618775136.41,,2215214917.97,1072758774.28,21250000.0,,,,,,,,35633763902.04,38547824.52,,,,1500000000.0,,,19354592.38,172037175.15,,,,,697886135.45,,,1609472516.32,,,,,,,,,,,,53984120571.9,,9282814521.49,-405523518.88,,383748030.94,65625540507.12,66009288538.06,119993409109.96,,,,,,,,,,,,,,,,,,,,,,,,1
600030.SH,20111029,20111029,20110930,1,4,3,9945701400.0,23309437839.87,18813491097.31,4679619167.33,,44906248850.46,17389296284.71,,,,,,473582773.43,,,,6393110607.9,,,,,,,,29346788900.08,,9403378031.28,303937264.31,,5573068135.56,,2581988668.97,232417201.01,,,,,104387670.55,,820250126.41,,949736106.19,,,,,,,706948138.91,,,,,808270350.19,,,,30799540743.45,4147965532.62,8405670.05,,119993409109.96,,351639805.18,,,,33419792.2,,,,10618775136.41,,2215214917.97,1072758774.28,21250000.0,,,,,,,,35633763902.04,38547824.52,,,,1500000000.0,,,19354592.38,172037175.15,,,,,697886135.45,,,1609472516.32,,,,,,,,,,,,53984120571.9,,9282814521.49,-405523518.88,,383748030.94,65625540507.12,66009288538.06,119993409109.96,,,,,,,,,,,,,,,,,,,,,,,,0
600030.SH,20110820,20110820,20110630,1,4,2,9945701400.0,25637425894.1,18521029793.84,4679619167.33,,55846973185.4,16415761673.71,,,,,,376951948.1,,,,6039076421.4,,,,,1932764130.43,,,30382841783.79,,9240106946.86,82108344.4,,5221299909.95,,552216102.75,2180233102.63,,,,,102426583.9,,822470190.6,,826044459.46,,,,,,,787167707.83,,,,,1016373859.44,,,,35903695102.26,5003772692.24,8826045.08,,131824816350.65,,768986799.19,,,1080000000.0,24330506.44,,,,11130274247.8,,3430408772.5,1243751248.61,5312500.0,,,,,,,,41781112283.95,74865612.56,,,,1500000000.0,,,19354592.38,542522764.11,,,,,627397711.46,,,1527437631.46,,,,,,,,,,,,63755754670.46,,9215296101.26,-329483388.79,,399472712.45,67669588967.74,68069061680.19,131824816350.65,,,,,,,,,,,,,,,,,,,,,,,,0
600030.SH,20110430,20110430,20110331,1,4,1,9945701400.0,26593520111.18,21950309243.66,4679619167.33,,62935165504.1,14920795131.35,,,,,,315154393.7,,,,8134888399.23,,,,,156800000.0,,,33823955139.95,,8193594786.81,82792722.01,,5854520410.06,,542514789.37,2036536989.95,,,,,103086754.85,,823924243.74,,1012853940.17,,,,,,,724759307.02,,,,,1461878251.23,,,,41144964631.3,6178380028.75,9880984.9,,141123220763.54,,462395250.0,,,100000000.0,,,,,9229060408.74,,4345328944.92,2098771007.77,53125000.0,,,,,,,,47920206101.25,86120128.49,,,,1500000000.0,,,19354592.38,859796465.09,,,,,631633565.85,,,1374391570.17,,,,,,,,,,,,68680183034.66,,9142655058.03,-282349704.62,,413582453.3,72029455275.58,72443037728.88,141123220763.54,,,,,,,,,,,,,,,,,,,,,,,,0
600030.SH,20110409,20110409,20101231,1,4,4,9945701400.0,26316182005.22,20662217438.58,4679619167.33,,64719043894.69,14256148793.41,,,,,,343977989.64,,,,15636578167.63,,,,,1866466438.36,,,37187514988.4,,7613649343.45,83477099.62,,5184718356.0,,563986967.04,1926558722.0,,,,,103085408.19,,825111560.89,,1128067261.93,,,,,,,732536706.51,,,,,1006748593.23,,,,46963994454.86,14947470217.93,10946421.86,,153177670290.99,,127639500.0,,,,,,,,6901600000.0,,5057690302.46,3860920032.13,37187500.0,,,,,,,,62081222218.36,66648994.52,,,,1500000000.0,,,19354592.38,797158187.31,,,,,434574716.75,,,1445959066.5,,,,,,,,,,,,82329955110.41,,9073546065.04,-242367108.05,,412816212.46,70434898968.12,70847715180.58,153177670290.99,,,,,,,,,,,,,,,,,,,,,,,,1
600030.SH,20110409,20110409,20101231,1,4,4,9945701400.0,26316182005.22,20662217438.58,4679619167.33,,64719043894.69,14256148793.41,,,,,,343977989.64,,,,15636578167.63,,,,,1866466438.36,,,37187514988.4,,7613649343.45,83477099.62,,5184718356.0,,563986967.04,1926558722.0,,,,,103085408.19,,825111560.89,,1128067261.93,,,,,,,732536706.51,,,,,1006748593.23,,,,46963994454.86,14947470217.93,10946421.86,,153177670290.99,,127639500.0,,,,,,,,6901600000.0,,5057690302.46,3860920032.13,37187500.0,,,,,,,,62081222218.36,66648994.52,,,,1500000000.0,,,19354592.38,797158187.31,,,,,434574716.75,,,1445959066.5,,,,,,,,,,,,82329955110.41,,9073546065.04,-242367108.05,,412816212.46,70434898968.12,70847715180.58,153177670290.99,,,,,,,,,,,,,,,,,,,,,,,,0
600030.SH,20101030,20101030,20100930,1,4,3,9945701400.0,26640911902.44,16254389706.9,3723989184.36,,94386528816.64,17268460645.8,,,,,,146109474.53,,,,8409705890.36,844980917.93,,,,4266499664.57,,,35769492336.83,,4909807605.18,135094984.47,,2579688307.36,,907762385.27,1730320337.96,,,,,143142405.43,,826829614.26,,781035765.4,,,,,,,51785288.13,,,,,1784649691.15,,,,80618394199.01,7008696379.43,49672075.76,,174941894131.27,,712379250.0,,,,,,,,7371655781.41,,4868993961.78,1237860620.68,25824021.79,,,,,,,,88946130143.71,110558594.5,,,,1500000000.0,,,50997145.07,842609906.46,,,,,,,,1853120816.1,,,,,,,,,,,,107520130241.5,,7148905988.97,-187409513.41,,3895275220.51,63526488669.26,67421763889.77,174941894131.27,,,,,,,,,,,,,,,,,,,,,,,,0
600030.SH,20100828,20100828,20100630,1,4,2,9945701400.0,24591075670.37,14933976018.59,3723989184.36,,102285836040.6,15708910280.88,,,,,,119098421.86,,,,8898340521.2,448354365.52,,,,5754910032.67,,,37014669341.59,,3547354188.49,129532963.81,,1862411138.21,,810125241.92,1596070049.14,,,,,142301867.39,,828047024.69,,922560519.04,,,,,,,35563293.53,,,,,1671767841.17,,,,89945881056.57,7861870537.28,52557655.09,,181775853131.71,,,,,,,,,,9343064392.46,,5162960188.74,929429397.98,20273816.24,,,,,,,,99065311162.78,53974223.84,,,,1500000000.0,,,50997145.07,287568896.77,,,,,,,,1582288341.38,,,,,,,,,,,,117995867565.26,,7074623441.43,-148176649.4,,3658796501.1,60121189065.35,63779985566.45,181775853131.71,,,,,,,,,,,,,,,,,,,,,,,,1
600030.SH,20100828,20100828,20100630,1,4,2,9945701400.0,24591075670.37,14933976018.59,3723989184.36,,102285836040.6,15708910280.88,,,,,,119098421.86,,,,8898340521.2,448354365.52,,,,5754910032.67,,,37014669341.59,,3547354188.49,129532963.81,,1862411138.21,,810125241.92,1596070049.14,,,,,142301867.39,,828047024.69,,922560519.04,,,,,,,35563293.53,,,,,1671767841.17,,,,89945881056.57,7861870537.28,52557655.09,,181775853131.71,,,,,,,,,,9343064392.46,,5162960188.74,929429397.98,20273816.24,,,,,,,,99065311162.78,53974223.84,,,,1500000000.0,,,50997145.07,287568896.77,,,,,,,,1582288341.38,,,,,,,,,,,,117995867565.26,,7074623441.43,-148176649.4,,3658796501.1,60121189065.35,63779985566.45,181775853131.71,,,,,,,,,,,,,,,,,,,,,,,,0
600030.SH,20100430,20100430,20100331,1,4,1,6630467600.0,28861346952.93,17194317408.17,3723989184.36,,120649888975.86,13348636952.59,,,,,,69453259.74,,,,27138716538.07,27417.0,,,,3599714307.97,,,38738306804.4,,3403103623.91,144050765.0,,1730932373.93,,795456710.37,1573823840.74,,,,,137787240.48,,828981284.61,,959953666.14,,,,,,,,,,,,1546793730.48,,,,87134216051.84,26498567653.12,55442887.92,,214665627491.29,,79129800.0,,,,,,,,21254152662.87,,6068166759.75,1544471577.88,53125000.0,,,,,,,,115076592349.59,263871565.26,,,,1500000000.0,,,51111057.18,537856785.75,,,,,3260803.36,,,1512595600.08,,,,,,,,,,,,147944333961.72,,6999896981.17,-118394867.01,,3429670269.95,63291623259.62,66721293529.57,214665627491.29,,,,,,,,,,,,,,,,,,,,,,,,0
600030.SH,20100331,20100331,20091231,1,4,4,6630467600.0,28662512081.77,15772406121.33,3723989184.36,,129205085092.41,11887157177.53,,,,,,50058324.92,,,,9837618433.61,,,,,1903140344.6,,,42923258593.52,,3436499079.23,159284956.77,,1676251522.52,,846146717.49,1534044910.0,,,,,145432216.36,,829153637.1,,954270598.67,,,,,,,,,,,,1420042360.91,,,,101818518003.91,9331929360.04,58341822.32,,206807443965.64,,88048000.0,,,,,,,,17922705174.09,,5893886484.46,2049269231.58,40480836.74,,,,,,,,112477669565.67,225187234.1,,,,1500000000.0,,,56366724.12,412728658.38,,,,,6230205.75,,,1320492806.44,,,,,,,,,,,,141993064921.33,,6922940001.64,-112879106.58,,3214943161.79,61599435882.52,64814379044.31,206807443965.64,,,,,,,,,,,,,,,,,,,,,,,,1
600030.SH,20100331,20100331,20091231,1,4,4,6630467600.0,28662512081.77,15772406121.33,3723989184.36,,129205085092.41,11887157177.53,,,,,,50058324.92,,,,9837618433.61,,,,,1903140344.6,,,42923258593.52,,3436499079.23,159284956.77,,1676251522.52,,846146717.49,1534044910.0,,,,,145432216.36,,829153637.1,,954270598.67,,,,,,,,,,,,1420042360.91,,,,101818518003.91,9331929360.04,58341822.32,,206807443965.64,,88048000.0,,,,,,,,17922705174.09,,5893886484.46,2049269231.58,40480836.74,,,,,,,,112477669565.67,225187234.1,,,,1500000000.0,,,56366724.12,412728658.38,,,,,6230205.75,,,1320492806.44,,,,,,,,,,,,141993064921.33,,6922940001.64,-112879106.58,,3214943161.79,61599435882.52,64814379044.31,206807443965.64,,,,,,,,,,,,,,,,,,,,,,,,0
600030.SH,20091031,20091031,20090930,1,4,3,6630467600.0,27736315686.39,15912653002.6,2800131671.33,,132432197560.98,7881834949.36,,,,,,24798815.55,,,,9576902735.75,,,,,2055476543.27,,,17818018207.48,89101367.04,3308846772.27,151306787.57,,1935907232.06,,814854937.22,1474937443.41,,,,,125597490.29,,832790142.71,,468344348.9,,,,,,,2761968.43,,,,,1318065775.15,,,,92874098978.11,9111865792.14,61272148.08,,180311743077.44,,105736800.0,,,,,,,,5828489492.72,,4946553696.97,1422768533.78,21445583.94,,,,,,,,103164650014.82,832121638.65,,,,1500000000.0,,,1122019.46,101595900.36,,,,,,,,1487831171.09,,,,,,,,,,,,119412314851.79,,5017016414.89,-110029676.51,,2912873526.96,57986554698.69,60899428225.65,180311743077.44,,,,,,,,,,,,,,,,,,,,,,,,0
600030.SH,20090815,20090815,20090630,1,4,2,6630467600.0,28883027525.37,13524734760.0,2800131671.33,,97312351821.06,8498042412.69,,,,,,5904329.32,,,,9796612844.22,,,,,1161782971.76,,,19955714899.52,685219148.81,2901041455.59,152536495.73,,1652898066.84,,830536869.17,17221739.78,,,,,119160099.93,,832781442.44,,446333310.61,,,,,,,,,,,,958240710.85,,,,57646616605.49,9224504085.98,64610132.54,,145326378618.32,,282089600.0,,,,,,,,8788163698.63,,4184031920.76,1202368287.99,5650965.75,,,,,,,,67740928318.29,109823558.45,,,,1500000000.0,,,1272019.46,377934224.79,,,,,1990530.77,,,1911683030.91,,,,,,,,,,,,86105936155.8,,4940943791.62,-108186705.21,,2549323819.41,56671118643.11,59220442462.52,145326378618.32,,,,,,,,,,,,,,,,,,,,,,,,0
600030.SH,20090430,20090430,20090331,1,4,1,6630467600.0,28276997548.33,14581023133.78,2800131671.33,,95583636437.3,5893153160.25,,,,,,9380815.05,,,,9393567163.05,,,,,1981863082.26,,,22849465680.21,674433197.31,2588002749.4,153766203.89,,1751618445.22,,821798142.7,12793574.78,,,,,121671886.77,,832849836.29,,657326844.51,,,,,,,,,,,,505178777.43,,,,61711203158.17,8365070980.23,67565808.75,,143830505996.42,,,,,,,,,,4104156090.15,,4432823921.93,1884774611.28,53291234.37,,,,,,,,70517642110.44,89565859.98,,,,1500000000.0,,,1299469.64,269930470.63,,,,,8652656.43,,,1391440959.63,,,,,,,,,,,,84253577384.48,,4877634768.11,-109395540.82,,2520069431.2,57056859180.74,59576928611.94,143830505996.42,,,,,,,,,,,,,,,,,,,,,,,,0
600030.SH,20090430,20090430,20081231,1,4,4,6630467600.0,27946626759.34,13133941200.83,2800131671.33,,80411873303.42,6004843167.17,,,,,,39012775.1,,,,5010957190.99,,,,,3326520961.64,,,34099202962.31,628030806.28,2591872529.91,149461750.86,,1534094142.55,,869334898.46,14790966.91,,,,,129017217.01,,832830686.01,,727696584.03,,,,,,,,,,,,518732042.85,,,,55956478911.49,4688444854.37,70723828.04,,136888271985.5,,,,,,,,,,8593187140.5,,4356712984.78,2023968207.94,51736862.74,,,,,,,,61069718880.41,47090859.98,,,,1950000000.0,,,1543612.97,180612156.9,,,,,2879497.3,,,1084511639.07,,,,,,,,,,,,79361961842.59,,4820306546.04,-109708509.49,,2304544874.86,55221765268.05,57526310142.91,136888271985.5,,,,,,,,,,,,,,,,,,,,,,,,1
600030.SH,20090430,20090430,20081231,1,4,4,6630467600.0,27946626759.34,13133941200.83,2800131671.33,,80411873303.42,6004843167.17,,,,,,39012775.1,,,,5010957190.99,,,,,3326520961.64,,,34099202962.31,628030806.28,2591872529.91,149461750.86,,1534094142.55,,869334898.46,14790966.91,,,,,129017217.01,,832830686.01,,727696584.03,,,,,,,,,,,,518732042.85,,,,55956478911.49,4688444854.37,70723828.04,,136888271985.5,,,,,,,,,,8593187140.5,,4356712984.78,2023968207.94,51736862.74,,,,,,,,61069718880.41,47090859.98,,,,1950000000.0,,,1543612.97,180612156.9,,,,,2879497.3,,,1084511639.07,,,,,,,,,,,,79361961842.59,,4820306546.04,-109708509.49,,2304544874.86,55221765268.05,57526310142.91,136888271985.5,,,,,,,,,,,,,,,,,,,,,,,,0
