ts_code,ann_date,f_ann_date,end_date,comp_type,report_type,end_type,net_profit,finan_exp,c_fr_sale_sg,recp_tax_rends,n_depos_incr_fi,n_incr_loans_cb,n_inc_borr_oth_fi,prem_fr_orig_contr,n_incr_insured_dep,n_reinsur_prem,n_incr_disp_tfa,ifc_cash_incr,n_incr_disp_faas,n_incr_loans_oth_bank,n_cap_incr_repur,c_fr_oth_operate_a,c_inf_fr_operate_a,c_paid_goods_s,c_paid_to_for_empl,c_paid_for_taxes,n_incr_clt_loan_adv,n_incr_dep_cbob,c_pay_claims_orig_inco,pay_handling_chrg,pay_comm_insur_plcy,oth_cash_pay_oper_act,st_cash_out_act,n_cashflow_act,oth_recp_ral_inv_act,c_disp_withdrwl_invest,c_recp_return_invest,n_recp_disp_fiolta,n_recp_disp_sobu,stot_inflows_inv_act,c_pay_acq_const_fiolta,c_paid_invest,n_disp_subs_oth_biz,oth_pay_ral_inv_act,n_incr_pledge_loan,stot_out_inv_act,n_cashflow_inv_act,c_recp_borrow,proc_issue_bonds,oth_cash_recp_ral_fnc_act,stot_cash_in_fnc_act,free_cashflow,c_prepay_amt_borr,c_pay_dist_dpcp_int_exp,incl_dvd_profit_paid_sc_ms,oth_cashpay_ral_fnc_act,stot_cashout_fnc_act,n_cash_flows_fnc_act,eff_fx_flu_cash,n_incr_cash_cash_equ,c_cash_equ_beg_period,c_cash_equ_end_period,c_recp_cap_contrib,incl_cash_rec_saims,uncon_invest_loss,prov_depr_assets,depr_fa_coga_dpba,amort_intang_assets,lt_amort_deferred_exp,decr_deferred_exp,incr_acc_exp,loss_disp_fiolta,loss_scr_fa,loss_fv_chg,invest_loss,decr_def_inc_tax_assets,incr_def_inc_tax_liab,decr_inventories,decr_oper_payable,incr_oper_payable,others,im_net_cashflow_oper_act,conv_debt_into_cap,conv_copbonds_due_within_1y,fa_fnc_leases,im_n_incr_cash_equ,net_dism_capital_add,net_cash_rece_sec,credit_impa_loss,use_right_asset_dep,oth_loss_asset,end_bal_cash,beg_bal_cash,end_bal_cash_equ,beg_bal_cash_equ,update_flag
600030.SH,20251025,20251025,20250930,4,1,3,,,,,,,,,,,,51465803498.15,,-37900030411.89,55759048902.83,114684277807.91,330116619177.91,,14373555154.67,7002717799.14,,,,22261020239.19,,170708131013.47,273914558292.89,56202060885.02,73743940.39,38420176756.99,197048129.23,,,38690968826.61,801658895.48,3234188561.6,,122000000.0,,4157847457.08,34533121369.53,202403678596.55,221065542140.08,,427469220736.63,,380811156160.64,10347813995.83,508121273.96,927738509.38,392086708665.85,35382512070.78,-359587852.91,125758106472.42,421778756897.94,547536863370.36,4000000000.0,,,,,,,,,,,,,,,,,,,,,,,,,146107519380.91,,,,,,,,0
600030.SH,20250829,20250829,20250630,4,1,2,14146231346.78,,,,,,,,,,,31091313531.18,,,11225096929.5,61814817246.5,175571055058.39,,8083205575.95,4877146763.97,,,,13451519655.05,,99334189178.6,145223935880.52,30347119177.87,162415217.63,32298198261.19,43114832.96,,,32503728311.78,537548039.91,32462518.82,,122000000.0,,692010558.73,31811717753.05,124253024153.61,98816552805.09,385892539.07,226455469497.77,,240124051105.67,4288086923.33,455721273.96,537546023.96,244949684052.96,-18494214555.19,-52833087.32,43611789288.41,421778756897.94,465390546186.35,3000000000.0,,,,847305093.5,121819773.42,84718855.2,,,-2183853.4,,1520858749.81,-2569488401.59,-840683955.69,,,47548484485.53,-12889776283.51,,30347119177.87,,,,43611789288.41,11509406353.73,71439827351.21,,,,445914720465.32,421778756897.94,19475825721.03,,0
600030.SH,20250430,20250430,20250331,4,1,1,,,,,,,,,,,,15219822027.11,,-31182297826.42,56302849703.6,26987240662.39,94210133453.62,,4431913634.67,1776701264.55,,,,7094369409.15,,58323806305.43,147570232857.24,-53360099403.62,6241850.99,26755115220.14,,,,26761357071.13,182901259.66,,,60000000.0,,242901259.66,26518455811.47,49014920699.58,46456010408.88,,98470931108.46,,100008014389.53,2320327246.67,1216.54,300226829.82,102628568466.02,-4157637357.56,105911168.51,-30893369781.2,421778756897.94,390885387116.74,3000000000.0,,,,,,,,,,,,,,,,,,,,,,,,,26882518886.94,,,,,,,,0
600030.SH,20250327,20250327,20241231,4,1,4,22589456799.93,,,,,,,,,,,56357830512.32,,,128921837119.91,46150577214.65,309928296089.9,,18347783932.59,7719772634.06,,,,23374912400.96,,56288221547.35,137365292534.5,172563003555.4,132962750.76,285577664.24,130370660.18,688559442.93,,1237470518.11,1293351396.68,74147915565.58,,60000000.0,,75501266962.26,-74263796444.15,126109037390.19,241196279677.0,,381305317067.19,,377214213110.3,18557984692.59,587556400.0,895415284.97,396667613087.86,-15362296020.67,245088113.32,83181999203.9,338596757694.04,421778756897.94,14000000000.0,,,,1731436877.09,231776791.85,160872243.59,,,-206028318.4,,6023331456.68,-6194414190.81,-1062814267.02,,-292703177.97,-53430027325.39,220219912134.15,,172563003555.4,,,,83181999203.9,8060722394.12,78498051243.02,,,,421778756897.94,338596757694.04,,,0
600030.SH,20241030,20241030,20240930,4,1,3,,,,,,,,,,,,39643004479.46,,-25209951900.32,135999690345.97,64017460009.1,307859254882.68,,13573440704.35,4932387758.71,,,,16008881977.89,,109382820957.77,194244284580.89,113614970301.79,74696480.71,121703862.45,95864876.06,,,292265219.22,679333111.47,38469938381.37,,60000000.0,,39209271492.84,-38917006273.62,87468750244.55,144201380647.35,,240670130891.9,,251014190362.21,12979007532.47,558000000.0,646276708.6,264639474603.28,-23969343711.38,-194070978.63,50534549338.16,338596757694.04,389131307032.2,9000000000.0,,,,,,,,,,,,,,,,,,,,,,,,,93409051948.47,,,,,,,,0
600030.SH,20240829,20240829,20240630,4,1,2,10981937854.85,,,,,,,,,,,26912484050.63,,,23355314685.23,40020951298.87,119650323878.41,,7978593704.65,3501313199.48,,,,10886623724.17,,46271639670.64,82217885393.9,37432438484.51,68216380.9,95256553.21,,,,163472934.11,454058770.99,42546845135.4,,60000000.0,,43060903906.39,-42897430972.28,43608412053.54,81727824695.46,,132336236749.0,,144450496668.01,3819213146.83,558000000.0,534860212.41,148804570027.25,-16468333278.25,-163542817.6,-22096868583.62,338596757694.04,316499889110.42,7000000000.0,,,,858812497.69,112427774.72,75523881.07,,,-777384.44,,-3061655412.35,-2958782745.28,702399332.3,172573532.54,217944199.33,24722782726.13,-9612319103.44,,37432438484.51,,,,-22096868583.62,13579715094.96,5100957682.6,,,,316499889110.42,338596757694.04,,,0
600030.SH,20240427,20240427,20240331,4,1,1,,,,,,,,,,,,12726892753.89,,-39500086107.87,126438021680.45,29418431603.92,144169643007.88,,4446149764.28,2003677548.37,,,,5561346542.86,,26629050830.16,73674463150.74,70495179857.14,5204766.85,72187721.89,,,,77392488.74,203981519.04,36535769306.85,,,,36739750825.89,-36662358337.15,21545097687.48,42610175584.15,,71155273271.63,,70496901192.62,1856879306.52,28800000.0,195918979.33,72549699478.47,-1394426206.84,-125983394.29,32312411918.86,338596757694.04,370909169612.9,7000000000.0,,,,,,,,,,,,,,,,,,,,,,,,,15086383077.49,,,,,,,,0
600030.SH,20240327,20240327,20231231,4,1,4,20539345229.01,,,,,,,,,,,56039306978.57,,23910639662.96,41003062907.46,25376096562.12,150702258817.63,,20852043929.75,10945256029.84,,,,19546117279.76,,46093760339.57,191539218517.06,-40836959699.43,161612722.32,893648769.82,103421026.88,,,1158682519.02,1579772709.99,17536930227.11,,240000000.0,,19356702937.1,-18198020418.08,107672044503.45,234636055032.66,,345308099536.11,,281435573059.27,14296620069.12,487178665.11,1294480374.21,297026673502.6,48281426033.51,398769399.21,-10354784684.79,348951542378.83,338596757694.04,3000000000.0,,,,1565186878.88,265998453.61,137217983.4,,,-632856.25,,-3573683091.94,-3812008987.74,,,-720406882.25,-74550951670.34,104608719209.56,,-40836959699.43,,,,-10354784684.79,,4373152706.52,,,,338596757694.04,348951542378.83,,,1
600030.SH,20231031,20231031,20230930,4,1,3,,,,,,,,,,,,43581872781.9,,-5818597582.19,68336223146.27,57864279024.94,170925131552.3,,16780216973.99,8410523729.55,,,,13924236334.21,,75174018932.65,225221314340.22,-54296182787.92,11225197.66,14938456808.94,99649249.97,,,15049331256.57,932875502.29,1011972387.3,,120000000.0,,2064847889.59,12984483366.98,84209266372.03,167525835731.09,,251735102103.12,,224503283892.43,13483996814.49,488648665.11,995812485.19,238983093192.11,12752008911.01,255990862.45,-28303699647.48,348951542378.83,320647842731.35,,,,,,,,,,,,,,,,,,,,,,,,,,6961354181.38,,,,,,,,0
600030.SH,20230830,20230830,20230630,4,1,2,11751910719.93,,,,,,,,,,,30430011775.57,,,41055870758.77,26105850968.43,124129977467.25,,8876385036.13,6816789800.65,,,,9371742430.36,,38148733008.83,113521217459.68,10608760007.57,2893498.24,684599489.95,,,,687492988.19,590484809.16,31252365.23,,120000000.0,,741737174.39,-54244186.2,61513485120.48,101552215345.64,,163065700466.12,,134507268544.64,3995996612.95,488648665.11,666519297.7,139169784455.29,23895916010.83,707152678.27,35157584510.47,348951542378.83,384109126889.3,,,,,732143390.11,154490876.72,64217010.22,,,-1858873.56,,-1709606028.27,-1678657233.26,1060079910.38,-807919256.64,322815078.18,-26940927195.39,63717067218.78,,10608760007.57,,,,35157584510.47,10912573570.71,26538243964.48,,,,384109126889.3,348951542378.83,,,1
600030.SH,20230830,20230830,20230630,4,1,2,11751910719.93,,,,,,,,,,,30430011775.57,,,41055870758.77,26105850968.43,124129977467.25,,8876385036.13,6816789800.65,,,,9371742430.36,,38148733008.83,113521217459.68,10608760007.57,2893498.24,684599489.95,,,,687492988.19,590484809.16,31252365.23,,120000000.0,,741737174.39,-54244186.2,61513485120.48,101552215345.64,,163065700466.12,,134507268544.64,3995996612.95,488648665.11,666519297.7,139169784455.29,23895916010.83,707152678.27,35157584510.47,348951542378.83,384109126889.3,,,,,732143390.11,154490876.72,64217010.22,,,-1858873.56,,-1709606028.27,-1678657233.26,1060079910.38,-807919256.64,322815078.18,-26940927195.39,63717067218.78,,10608760007.57,,,,35157584510.47,10912573570.71,26538243964.48,,,,384109126889.3,348951542378.83,,,0
600030.SH,20230428,20230428,20230331,4,1,1,,,,,,,,,,,,16517781053.4,,-5659543680.69,88854411430.23,12446199472.97,125856444593.05,,4837527217.53,1843301259.0,,,,5303615721.06,,29951843296.38,128061501358.34,-2205056765.29,2310080.53,774647277.0,87541519.89,,,864498877.42,370450025.66,1974946.83,,,,372424972.49,492073904.93,26906702189.21,50514015141.0,108186404.27,77528903734.48,,51984338435.08,1794179473.37,9015690.0,219345859.32,53997863767.77,23531039966.71,-366148083.2,21451909023.15,348951542378.83,370403451401.98,,,,,,,,,,,,,,,,,,,,,,,,,,13697596317.14,,,,,,,,0
600030.SH,20230331,20230331,20221231,4,1,4,22168787078.68,,,,,,,,,,,59832688483.62,,,,65689890938.91,214245046112.54,,19799965514.87,11381084625.09,,,,15511877095.76,,61653709137.94,135722334736.11,78522711376.43,31474724.57,678295887.12,255418051.14,,,965188662.83,1304020459.95,452907242.02,,,,1756927701.97,-791739039.14,10194389082.04,67716043808.74,26929962.25,108094334895.89,,133201845173.99,15516047049.47,449335908.65,1236036968.8,149953929192.26,-41859594296.37,556628600.35,36428006641.27,312523535737.56,348951542378.83,30156972042.86,,,,1349592076.91,289995040.73,98713720.42,,,-924240.06,,13659870646.09,-2441807703.42,-1775424204.22,2268784.91,1591891851.87,49991726950.96,-26220895314.75,,78522711376.43,,,,36428006641.27,21114704192.98,27648039286.64,-184012023.32,,,348951542378.83,312523535737.56,,,0
600030.SH,20230331,20230331,20221231,4,1,4,22168787078.68,,,,,,,,,,,59832688483.62,,,,65689890938.91,214245046112.54,,19799965514.87,11381084625.09,,,,15511877095.76,,61653709137.94,135722334736.11,78522711376.43,31474724.57,678295887.12,255418051.14,,,965188662.83,1304020459.95,452907242.02,,,,1756927701.97,-791739039.14,10194389082.04,67716043808.74,26929962.25,108094334895.89,,133201845173.99,15516047049.47,449335908.65,1236036968.8,149953929192.26,-41859594296.37,556628600.35,36428006641.27,312523535737.56,348951542378.83,30156972042.86,,,,1349592076.91,289995040.73,98713720.42,,,-924240.06,,13659870646.09,-2441807703.42,-1775424204.22,2268784.91,1591891851.87,49991726950.96,-26220895314.75,,78522711376.43,,,,36428006641.27,21114704192.98,27648039286.64,-184012023.32,,,348951542378.83,312523535737.56,,,1
600030.SH,20221029,20221029,20220930,4,1,3,,,,,,,,,,,,45562853878.63,,-21451060000.0,5750420264.56,47407792479.6,103584487391.0,,14870679950.22,8750992442.5,,,,11634157370.27,,46995486435.51,41835037275.14,61749450115.86,59573791.58,30166705494.06,164568120.22,,,30390847405.86,828508203.1,329024716.37,,,,1157532919.47,29233314486.39,19219279640.51,51221803775.09,754311114.81,101352366573.27,,105155925682.19,14128303126.28,434285938.82,558324555.36,119842553363.83,-18490186790.56,2056149239.94,74548727051.63,312523535737.56,387072262789.19,30156972042.86,,,,,,,,,,,,,,,,,,,,,,,,-15483820395.21,26314480768.21,,,,,,,,1
600030.SH,20220830,20220830,20220630,4,1,2,11610818780.26,,,,,,,,,,,30424535759.5,,,21029680621.15,40620113458.54,178871037102.52,,9937454002.36,6131785718.65,,,,8021933972.82,,49203065067.44,75614958761.27,103256078341.25,32668837.19,18096395790.22,4100000.0,,,18133164627.41,477771094.93,460669289.13,,,,938440384.06,17194724243.35,14997419917.13,31558626174.85,390906425.1,77103924559.94,-45794131971.0683,72814517387.52,3988132509.88,434285938.82,366274425.21,77168924322.61,-64999762.67,-296835831.31,120088966990.62,312523535737.56,432612502728.18,30156972042.86,,,,650736812.7,140723761.01,46259189.27,,,-7802027.84,,-2043038194.99,-771813753.01,1069922232.0,494571687.81,959199282.19,36280580654.93,40182675570.93,,103256078341.25,,,,120088966990.62,2320720000.0,52540861704.72,,,,432612502728.18,312523535737.56,,,1
600030.SH,20220830,20220830,20220630,4,1,2,11610818780.26,,,,,,,,,,,30424535759.5,,,21029680621.15,40620113458.54,178871037102.52,,9937454002.36,6131785718.65,,,,8021933972.82,,49203065067.44,75614958761.27,103256078341.25,32668837.19,18096395790.22,4100000.0,,,18133164627.41,477771094.93,460669289.13,,,,938440384.06,17194724243.35,14997419917.13,31558626174.85,390906425.1,77103924559.94,,72814517387.52,3988132509.88,434285938.82,366274425.21,77168924322.61,-64999762.67,-296835831.31,120088966990.62,312523535737.56,432612502728.18,30156972042.86,,,,650736812.7,140723761.01,46259189.27,,,-7802027.84,,-2043038194.99,-771813753.01,1069922232.0,494571687.81,959199282.19,36280580654.93,40182675570.93,,103256078341.25,,,,120088966990.62,2320720000.0,52540861704.72,,,,432612502728.18,312523535737.56,,,0
600030.SH,20220429,20220429,20220331,4,1,1,,,,,,,,,,,,16832436271.29,,-10391000000.0,41245861963.24,25667864374.87,112376477066.18,,3951419388.06,1987688713.66,,,,4448350858.44,,40003463494.53,34954286807.37,77422190258.81,30719204.98,7050944871.41,,,,7081664076.39,244889060.82,509906196.77,,,,754795257.59,6326868818.8,1269545959.1,15442965501.41,62262150.88,46931745654.25,,29936622988.15,1508531330.14,,179378119.62,31624532437.91,15307213216.34,-450374394.61,98605897899.34,312523535737.56,411129433636.9,30156972042.86,,,,,,,,,,,,,,,,,,,,,,,,,39021314456.78,,,,,,,,1
600030.SH,20220429,20220429,20220331,4,1,1,,,,,,,,,,,,16832436271.29,,-10391000000.0,41245861963.24,25667864374.87,112376477066.18,,3951419388.06,1987688713.66,,,,4448350858.44,,40003463494.53,34954286807.37,77422190258.81,30719204.98,7050944871.41,,,,7081664076.39,244889060.82,509906196.77,,,,754795257.59,6326868818.8,1269545959.1,15442965501.41,62262150.88,46931745654.25,,29936622988.15,1508531330.14,,179378119.62,31624532437.91,15307213216.34,-450374394.61,98605897899.34,312523535737.56,411129433636.9,30156972042.86,,,,,,,,,,,,,,,,,,,,,,,,,39021314456.78,,,,,,,,0
600030.SH,20220329,20220329,20211231,4,1,4,24005080909.5,,,,,,,,,,,59004134519.62,,40195087948.37,31524455834.51,57547153984.09,234621615753.57,,18860560876.61,13403137555.7,,,,15499094247.29,,40681388643.56,206163490394.8,28458125358.77,252435283.88,507492812.02,1177055086.16,,,1952400244.15,719737758.91,8148386406.77,,,,8868124165.68,-6915723921.53,24034868766.59,106375492925.35,615106537.11,141825468229.05,45022036594.5684,118449930664.49,12500568868.45,409228630.45,1161529038.68,132112028571.62,9713439657.43,-1589060068.63,29666781026.04,282856754711.52,312523535737.56,10800000000.0,,,,1271832324.16,271011505.08,89140312.31,,,-38686325.71,,-5306729885.74,-3735144393.24,197241403.18,199052548.87,2483737361.42,-72690012950.32,188853324761.03,,28458125358.77,,,,29666781026.04,,46350783466.98,3503716012.51,,,312523535737.56,282856754711.52,,,1
600030.SH,20220329,20220329,20211231,4,1,4,24005080909.5,,,,,,,,,,,59004134519.62,,40195087948.37,31524455834.51,57547153984.09,234621615753.57,,18860560876.61,13403137555.7,,,,15499094247.29,,40681388643.56,206163490394.8,28458125358.77,252435283.88,507492812.02,1177055086.16,,,1952400244.15,719737758.91,8148386406.77,,,,8868124165.68,-6915723921.53,24034868766.59,106375492925.35,615106537.11,141825468229.05,45022036594.5684,118449930664.49,12500568868.45,409228630.45,1161529038.68,132112028571.62,9713439657.43,-1589060068.63,29666781026.04,282856754711.52,312523535737.56,10800000000.0,,,,1271832324.16,271011505.08,89140312.31,,,-38686325.71,,-5306729885.74,-3735144393.24,197241403.18,199052548.87,2483737361.42,-72690012950.32,188853324761.03,,28458125358.77,,,,29666781026.04,,46350783466.98,3503716012.51,,,312523535737.56,282856754711.52,,,0
600030.SH,20211029,20211029,20210930,4,1,3,,,,,,,,,,,,44135477652.15,,-602000051.63,4249279024.5,48547070161.26,175902672193.36,,15300894294.74,9561187195.35,,,,11472816630.5,,50501198673.44,147225838106.59,28676834086.77,199704984.41,164725572.96,1135053240.58,,,1499483797.95,342925611.26,-526501144.85,,,,-183575533.59,1683059331.54,28462926893.22,77938675940.23,1834356812.58,119035959646.03,,90346989567.87,10821083648.34,399427179.68,934090431.38,102102163647.59,16933795998.44,-1437686158.61,45856003258.14,282856754711.52,328712757969.66,10800000000.0,,,,,,,,,,,,,,,,,,,,,,,,,79572845407.08,,,,,,,,0
600030.SH,20210820,20210820,20210630,4,1,2,12594349703.65,,,,,,,,,,,27983993850.45,,1630147948.37,18813628743.26,42450582419.03,132925806626.29,,9862938157.63,8036312301.7,,,,7573380194.06,,58077838898.56,130695762698.8,2230043927.49,29797920.02,57282886.92,986646136.31,,,1073726943.25,163913822.88,-1401828253.62,,,,-1237914430.74,2311641373.99,16463325147.14,41355352210.93,2003752551.14,59822429909.21,41098241812.8038,44612067599.03,3791179089.22,380080078.28,795930143.46,49199176831.71,10623253077.5,-931673032.37,14233265346.61,282856754711.52,297090020058.13,,,,,601575941.12,134829946.47,45437333.64,,,-790470.44,,-1836523107.53,-2291729190.4,-320068109.68,-95534185.28,2262419486.27,-18742960081.5,54442975582.51,,2230043927.49,,,,14233265346.61,,42047453665.18,,,,297090020058.13,282856754711.52,,,1
600030.SH,20210429,20210429,20210331,4,1,1,,,,,,,,,,,,13795971824.28,,-2949090389.25,27178798869.05,37250554829.25,109804682236.49,,4495602088.03,2097847230.76,,,,3952835888.41,,57592801620.83,127520451167.16,-17715768930.67,37339574.96,48163600.91,1615493061.47,,,1700996237.34,58470973.35,-4405545648.17,,,,-4347074674.82,6048070912.16,3024570038.84,26738963080.21,,29763533119.05,,16606678520.16,876154370.18,,788843140.67,18271676031.01,11491857088.04,137106950.49,-38733979.98,282856754711.52,282818020731.54,,,,,,,,,,,,,,,,,,,,,,,,,,34528447103.16,,,,,,,,1
600030.SH,20210319,20210319,20201231,4,1,4,15516541054.75,,,,,,,,,,,47455044233.29,,3596742411.08,40358598573.05,78922230733.09,244815890123.42,,11880636204.18,7232614683.6,,,,12213196761.18,,22680727683.03,142990859788.28,101825030335.14,1399019769.72,3196328611.73,282309533.2,,,18619191462.63,609264278.1,24866256049.22,,3241754.1,,25478762081.42,-6859570618.79,33484107830.75,223715020260.84,449452755.63,257648580847.22,47041800730.4653,227022882134.05,13918583964.88,197191695.31,4708637498.82,245650103597.75,11998477249.47,-1930049355.98,105033887609.84,177822867101.68,282856754711.52,,,,,1210803057.23,296228334.15,100325808.03,,,75640989.79,,6391105422.48,-890205995.79,-3762879684.35,303403552.24,-837582322.23,-90301122731.17,209670034004.55,,101825030335.14,,,,105033887609.84,22727830359.45,74483274172.91,,,,282856754711.52,177822867101.68,,,1
600030.SH,20210319,20210319,20201231,4,1,4,15516541054.75,,,,,,,,,,,47455044233.29,,3596742411.08,40358598573.05,78922230733.09,244815890123.42,,11880636204.18,7232614683.6,,,,12213196761.18,,22680727683.03,142990859788.28,101825030335.14,1399019769.72,3196328611.73,282309533.2,,,18619191462.63,609264278.1,24866256049.22,,3241754.1,,25478762081.42,-6859570618.79,33484107830.75,223715020260.84,449452755.63,257648580847.22,27423636033.5834,227022882134.05,13918583964.88,197191695.31,4708637498.82,245650103597.75,11998477249.47,-1930049355.98,105033887609.84,177822867101.68,282856754711.52,,,,,1210803057.23,296228334.15,100325808.03,,,75640989.79,,6391105422.48,-890205995.79,-3762879684.35,303403552.24,-837582322.23,-90301122731.17,209670034004.55,,101825030335.14,,,,105033887609.84,22727830359.45,74483274172.91,7075737474.69,,,282856754711.52,177822867101.68,,,0
600030.SH,20201030,20201030,20200930,4,1,3,,,,,,,,,,,,34576892672.79,,-27109342834.41,71712431389.67,50669170399.9,182625698357.38,,9541748607.53,5471022321.59,,,,8851053223.27,,7047836549.25,120280503888.86,62345194468.52,1397672222.32,692124497.28,217043759.68,,,16032216276.58,247004242.62,20959489958.16,,3213112.52,,21209707313.3,-5177491036.72,24654307176.09,188443539246.29,442681821.99,213540528244.37,,184554342794.43,12305704135.29,187318499.89,2539889285.45,199399936215.17,14140592029.2,-639338040.12,70668957420.88,177822867101.68,248491824522.56,,,,,,,,,,,,,,,,,,,,,,,,,-3503033333.33,52776546729.43,,,,,,,,0
600030.SH,20200825,20200825,20200630,4,1,2,9220264165.64,,,,,,,,,,,20354272488.76,,3503033333.33,33973051926.96,47241339447.62,161279753495.25,,7788597762.99,3640757971.05,,,,5357472013.4,,19052910331.18,130380632800.16,30899120695.09,1396663496.14,663592938.67,141910751.66,,,15928877796.59,137659925.46,10832018158.15,,3213112.52,,10972891196.13,4955986600.46,13676753226.87,123398904242.06,609463390.29,137685120859.22,47373289639.693,122232652293.15,4611217176.23,188885625.62,2254099543.02,129097969012.4,8587151846.82,319971648.6,44762230790.97,177822867101.68,222585097892.65,,,,,610676955.58,193730645.79,50564015.02,,,1359605.28,,-3756765438.35,-625686945.33,-1119273137.91,1273607431.94,-1357535247.38,-11948824309.69,99706600006.54,,30899120695.09,,,,44762230790.97,25949380416.89,56208056298.58,2301105138.28,,,222585097892.65,177822867101.68,,,0
600030.SH,20200825,20200825,20200630,4,1,2,9220264165.64,,,,,,,,,,,20354272488.76,,3503033333.33,33973051926.96,47241339447.62,161279753495.25,,7788597762.99,3640757971.05,,,,5357472013.4,,19052910331.18,130380632800.16,30899120695.09,1396663496.14,663592938.67,141910751.66,,,15928877796.59,137659925.46,10832018158.15,,3213112.52,,10972891196.13,4955986600.46,13676753226.87,123398904242.06,609463390.29,137685120859.22,56920063968.033,122232652293.15,4611217176.23,188885625.62,2254099543.02,129097969012.4,8587151846.82,319971648.6,44762230790.97,177822867101.68,222585097892.65,,,,,610676955.58,193730645.79,50564015.02,,,1359605.28,,-3756765438.35,-625686945.33,-1119273137.91,1273607431.94,-1357535247.38,-11948824309.69,99706600006.54,,30899120695.09,,,,44762230790.97,25949380416.89,56208056298.58,,,,222585097892.65,177822867101.68,,,1
600030.SH,20200429,20200429,20200331,4,1,1,,,,,,,,,,,,9022506564.05,,-12759590244.45,8652768603.6,16741092862.82,74832184840.51,,3161960078.15,1286746316.92,,,,2542477070.23,,9603311944.82,44284724244.08,30547460596.43,263024.06,6536492449.63,115823739.79,,,6652579213.48,29987619.13,770800.0,,500930.91,,-13660333995.48,20312913208.96,11099964287.98,52421000760.37,,64914902183.94,,49870604570.92,1320278784.73,,403018298.02,51593901653.67,13321000530.27,604536088.58,64785910424.24,177822867101.68,242608777525.92,1393937135.59,,,,,,,,,,,,,,,,,,,,,,,,-3008997638.88,53175407054.49,,,,,,,,1
600030.SH,20200320,20200320,20191231,4,1,4,12648436451.78,,,,,,,,,,,31243412368.31,,13809000000.0,60238372004.08,18562420020.41,149295685771.46,,9754885247.2,6648465358.94,,,,7988149276.01,,16597786024.04,127319316852.02,21976368919.44,5896648.67,15861873058.18,1269043170.11,,,17136812876.96,428597523.19,382166666.67,,,,889286733.45,16247526143.51,15408410973.74,102389150033.55,74766051.0,117872327058.29,52228663146.2936,106666040783.09,10321723539.9,188063724.99,1043343582.4,118031107905.39,-158780847.1,-238522490.53,37826591725.32,139996275376.36,177822867101.68,,,,2590395203.91,1146313205.83,285797772.32,106287007.63,,,782562.64,,2055398363.41,-3604810009.5,-1119135292.15,751282292.97,-1981607771.72,-7294439070.21,95496681781.95,,21976368919.44,,,,37826591725.32,,25442481378.66,,,,177822867101.68,139996275376.36,,,0
600030.SH,20200320,20200320,20191231,4,1,4,12648436451.78,,,,,,,,,,,31243412368.31,,13809000000.0,60238372004.08,18562420020.41,149295685771.46,,9754885247.2,6648465358.94,,,,7988149276.01,,16597786024.04,127319316852.02,21976368919.44,5896648.67,15861873058.18,1269043170.11,,,17136812876.96,428597523.19,382166666.67,,,,889286733.45,16247526143.51,15408410973.74,102389150033.55,74766051.0,117872327058.29,52228663146.2936,106666040783.09,10321723539.9,188063724.99,1043343582.4,118031107905.39,-158780847.1,-238522490.53,37826591725.32,139996275376.36,177822867101.68,,,,2590395203.91,1146313205.83,285797772.32,106287007.63,,,782562.64,,2055398363.41,-3604810009.5,-1119135292.15,751282292.97,-1981607771.72,-7294439070.21,95496681781.95,,21976368919.44,,,,37826591725.32,,25442481378.66,,,,177822867101.68,139996275376.36,,,1
600030.SH,20191031,20191031,20190930,4,1,3,,,,,,,,,,,,23383387214.66,,975000000.0,3552200461.96,1719473425.46,56310556017.22,,7939946201.9,4877231320.19,,,,5685108402.0,,811519832.07,45900173916.99,10410382100.23,12295866.2,9360213147.89,421491309.25,,,9794000323.34,247979526.85,617666666.67,,,,865646193.52,8928354129.82,8710736436.46,64010346695.53,26745705.48,72747828837.47,,62569460499.51,8257070817.5,178500608.53,511125207.56,71337656524.57,1410172312.9,399681497.0,21148590039.95,139996275376.36,161144865416.31,,,,,,,,,,,,,,,,,,,,,,,,,,26680494915.14,,,,,,,,0
600030.SH,20190823,20190823,20190630,4,1,2,6663999409.9,,,,,,,,,,,15074710803.89,,11400000000.0,13558836806.57,4648455619.88,68929516499.14,,6058254709.89,3729154038.07,,,,3977143937.67,,7048644799.78,29153230834.06,39776285665.08,1740085.83,989673350.21,189050961.07,,,1191985575.34,173706321.75,,,,,173706321.75,1018279253.59,7482887364.78,42555272038.68,91443214.58,50129602618.04,7522103111.5967,44179560939.2,3544924033.58,174948563.74,397220983.57,48121705956.35,2007896661.69,-39083531.33,42763378049.03,139996275376.36,182759653425.39,,,,,542926685.55,140452524.29,55736859.9,,,-73475.68,,796443268.8,-952947033.42,-24924193.32,256254935.04,906987615.89,-8625155500.09,45335363700.59,,39776285665.08,,,,42763378049.03,,24247513268.8,,,,182759653425.39,139996275376.36,,,1
600030.SH,20190430,20190430,20190331,4,1,1,,,,,,,,,,,,7453211256.35,,-11570000000.0,,1239581394.45,78078082932.79,,2116213410.5,1406283659.91,,,,2217361035.05,,23560337173.41,52171022097.5,25907060835.29,195672.32,2930520378.12,1198540.82,,,2931914591.26,57169329.93,196585825.17,,3121565.13,,256876720.23,2675037871.03,8801343168.28,16783475189.25,,25584818357.53,,33715441563.89,1033626111.74,13002407.35,41679984.25,34790747659.88,-9205929302.35,222591459.78,19598760863.75,139996275376.36,159595036240.11,,,,,,,,,,,,,,,,,,,,,,,,,,45872398804.08,,,,,,,,0
600030.SH,20190322,20190322,20181231,4,1,4,9876427917.39,,,,,,,,,,,30004980004.77,,9465000000.0,55548196980.44,28794386788.4,142176262833.44,,10156676420.53,4378326701.12,,,,7115809753.71,,17431281145.92,84522758206.97,57653504626.47,8692209.4,33323439.68,374454086.36,,,416469735.44,458560689.34,20655181864.28,,,,21211133597.27,-20794663861.83,20355184142.56,119587233598.22,,139943417740.78,-35486470276.7594,148877938751.82,11740465994.42,193262956.0,1076302451.24,161694707197.48,-21751289456.7,1563432156.86,16670983464.8,123325291911.56,139996275376.36,1000000.0,1000000.0,,2210578124.15,532567001.31,338598647.42,93904425.79,,,1683185.11,,-1706194764.9,-2972592502.34,-647970374.73,-381344318.88,570373784.91,58503661195.2,32462202578.57,,57653504626.47,,,,16670983464.8,,,,,,139996275376.36,123325291911.56,,,1
600030.SH,20181031,20181031,20180930,4,1,3,,,,,,,,,,,,23895966026.25,,4386000805.26,34267718349.62,7664796471.14,89309029198.95,,8395881856.56,3921085415.89,,,,7281827802.27,,13195908080.41,44677361938.22,44631667260.73,7848381.43,78770828.07,402287303.3,,,488906512.8,273961634.47,2963316566.93,,,,3237278201.4,-2748371688.6,9862661762.66,88598107527.83,,98461769290.49,,121169633225.57,9737430913.2,192084640.68,843864840.96,131750928979.73,-33289159689.24,1597546267.51,10191682150.4,123325291911.56,133516974061.96,1000000.0,1000000.0,,,,,,,,,,,,,,,,,,,,,,,,5880303255.31,,,,,,,,0
600030.SH,20180824,20180824,20180630,4,1,2,5822780970.41,,,,,,,,,,,16494138229.69,,,21182786588.07,6072442553.93,80054275901.69,,5612560035.51,2382039409.67,,,,4780109912.32,,28399181431.12,44207435492.21,35846840409.48,1050787.06,17734609.09,32874979.73,,,51660375.88,143544849.91,7996325982.0,,,,8237261875.56,-8185601499.68,7011646.45,67692518802.09,,67700530448.54,,71301652089.0,3424255209.69,176256564.72,805519638.23,75531426936.92,-7830896488.38,299047555.06,20129389976.48,123325291911.56,143454681888.04,1000000.0,1000000.0,,,268848260.51,186248521.73,45568184.27,,,-286698.19,,-3239083032.64,-768670478.12,79560008.26,247827242.56,262913406.35,-392630242.45,36367405858.91,,35846840409.48,,,,20129389976.48,996033936.6,29822708954.95,701792533.71,,,143454681888.04,123325291911.56,,,1
600030.SH,20180428,20180428,20180331,4,1,1,,,,,,,,,,,,8346925667.86,,-5235000000.0,28415859158.04,8972684776.71,58386972553.55,,1937690157.17,1192473602.93,,,,2203337536.82,,19812988546.78,43273426547.51,15113546006.04,537369.85,13500000.0,4583119.63,,,18620489.48,36858779.53,233362074.62,,91803089.58,,362023943.73,-343403454.25,1996221667.54,30502969944.2,,32499191611.74,,33556817000.0,1317797535.53,,405127719.62,35279742255.15,-2780550643.41,-928739926.54,11060851981.84,123325291911.56,134386143893.4,,,,,,,,,,,,,,,,,,,,,,,,,,17886502950.94,,,,,,,,0
600030.SH,20180323,20180323,20171231,4,1,4,11977469663.78,,,,,,,,,,15703664340.62,36049138145.05,,,,21134370214.22,72887172699.89,,7399675447.96,5945547078.13,,,,14589375985.53,,30204764075.36,177080226844.76,-104193054144.87,51189560.4,30286258383.52,44487649.85,,,30381935593.77,443007981.15,1292548362.64,373656889.33,,,2109213233.12,28272722360.65,7516208725.94,153136691104.74,,160661924572.68,97729328895.9315,111752066482.03,8494473344.52,153330536.93,2930201917.44,123176741743.99,37485182828.69,-1346692415.73,-39781841371.26,163107133282.82,123325291911.56,9024742.0,9000000.0,,1720759991.28,521991705.89,380309053.07,97893427.17,,,-736743.09,,-842716446.33,-8615630890.81,-541747728.08,1123794343.35,-1084116528.48,-56617436797.02,-49497120281.37,,-104193054144.87,,,,-39781841371.26,,,,,,123325291911.56,163107133282.82,,,0
600030.SH,20171031,20171031,20170930,4,1,3,,,,,,,,,,,,27150820214.61,,-3250000000.0,,22187267306.86,62452124246.07,,8282258430.14,4297777467.08,,,,7101554797.27,,22245098158.49,138689566896.0,-76237442649.93,533983950.16,934110678.42,27525865.27,,,22114284424.3,219876567.51,458694631.21,,,,678571198.72,21435713225.58,2926662321.49,142399234790.71,200208107.0,145537435202.08,,107150321965.74,7789255361.44,127991.02,2503868004.77,117443445331.95,28093989870.13,-1153134814.22,-27860874368.44,163107133282.82,135246258914.38,11329982.88,11329982.88,,,,,,,,,,,,,,,,,,,,,,,,,,,,,,,,0
600030.SH,20170826,20170826,20170630,4,1,2,5182801211.99,,,,,,,,,,,17847585324.73,,,,15284078401.78,60715261543.77,,6332993552.0,3014253558.33,,,,4766646010.56,,6663704470.47,109884635377.07,-49169373833.3,32406350.61,7304000836.64,25028509.67,,,7361435696.92,147571163.03,388193263.23,,,,909421315.59,6452014381.33,936195993.35,91277265929.67,,92220877194.3,36522251860.7031,64471114566.0,2603729339.06,,2951092037.14,70025935942.2,22194941252.1,-583815080.26,-21106233280.13,163107133282.82,142000900002.69,7415271.28,7415271.28,,259750670.84,242838297.49,192880168.25,48335934.12,,,-148234.4,,-294083244.36,-2439526693.2,208587979.46,113008794.35,156751024.93,-46356584939.35,-28229044588.76,,-49169373833.3,,,,-21106233280.13,,,,,,142000900002.69,163107133282.82,,,0
600030.SH,20170429,20170429,20170331,4,1,1,,,,,,,,,,,,8510626267.52,,-12130000000.0,-17007471901.78,10555509001.72,-7895647523.6,,2344311937.51,1835370448.0,,,,2100459910.22,,8376930404.35,30046034265.04,-37941681788.64,15783521.35,-3581302.33,1998582.39,,,7700550209.41,65940920.71,1276409.69,,,,67217330.4,7633332879.01,2017062178.82,53745106096.64,,55799455191.06,,33016791600.0,767954493.58,,872493261.75,34657239355.33,21142215835.73,11309146.08,-9154823927.82,163107133282.82,153952309355.0,37286915.6,6030372.11,,,,,,,,,,,,,,,,,,,,,,,,,,,,,,,,0
600030.SH,20170323,20170323,20161231,4,1,4,10981140078.32,,,,,,,,,,,36886438426.08,,1517000000.0,,12011801551.73,60938577841.13,,11288806092.28,7811500535.14,,,,8358441228.04,,26321285673.97,110330869029.86,-49392291188.73,22767096.99,10658186049.31,201198152.32,,,10882151298.62,597263826.06,346470711.22,,761694.75,,944496232.03,9937655066.59,4431532199.78,83556014476.07,,89765554184.05,61259180990.139,86887049972.4,10832718172.04,161823945.37,44323593.09,97764091737.53,-7998537553.48,1335654281.34,-46117519394.28,209224652677.1,163107133282.82,1778007508.2,25207151.41,,1935389968.87,415705605.93,374637790.68,101620045.04,,,227571.96,,1413026237.44,-7129218299.11,600065587.28,-803470431.79,-1303834167.2,-19771037180.28,-27750622596.35,,-49392291188.73,,,,-46117519394.28,,,,,,163107133282.82,209224652677.1,,,0
600030.SH,20161029,20161029,20160930,4,1,3,,,,,,,,,,,,26655036605.28,,-10482969033.3,-41585681944.15,17934372338.67,19381597373.37,,9495957605.37,5951173902.19,,,,6115223323.47,,26532093650.38,75521461591.4,-56139864218.03,3285294.79,873605026.92,20245579.54,,,6703430310.27,286941462.03,33850902.93,,90321.41,,320882686.37,6382547623.9,31131932.17,41120272663.13,,43384309476.76,,42860137850.85,10080712226.32,171228189.14,554479666.39,53495329743.56,-10111020266.8,631850187.84,-59236486673.09,209224652677.1,149988166004.01,2232904881.46,48036940.12,,,,,,,,,,,,,,,,,,,,,,,,,,,,,,,,0
600030.SH,20160825,20160825,20160630,4,1,2,5494348582.25,,,,,,,,,,,18197294642.33,,,,7193964281.0,55275508438.0,,6831610271.29,4515241064.06,,,,4573377305.84,,13919437564.08,96838689572.49,-41563181134.49,2467010.12,661233380.34,18052572.39,,,681752962.85,177907498.73,3491570828.71,,87886.3,,3669566213.74,-2987813250.89,12600000.0,23486765461.92,,26007199640.72,45170528853.2833,15954410630.36,2721088317.47,125610432.82,13716590.4,18689215538.23,7317984102.49,437592779.16,-36795417503.73,209224652677.1,172429235173.37,2507834178.8,2507674833.8,,790835015.59,184662252.59,184876195.46,43898712.48,,,-55699.29,,1276968987.43,-3310825948.47,663629179.76,-843774968.96,-219459300.57,17050906172.89,-50578910108.15,,-41563181134.49,,,,-36795417503.73,,,,,,172429235173.37,209224652677.1,,,0
600030.SH,20160430,20160430,20160331,4,1,1,,,,,,,,,,,,9207362420.18,,-16000000000.0,-3137051827.48,5221766338.23,-8311950371.57,,2312537792.05,2280546189.85,,,,2684735442.9,,11613392846.79,6188871152.18,-14500821523.75,1844872.54,1663076580.78,8017510.02,,,1672938963.34,65838599.42,2026412611.23,,,,13687610764.64,-12014671801.3,,3863419137.74,,4601996436.41,,8431004258.5,1248657236.7,,6764.0,9679668259.2,-5077671822.79,-155546602.46,-31748711750.3,209224652677.1,177475940926.8,738577298.67,38184995.16,,,,,,,,,,,,,,,,,,,,,,,,-3604027302.5,,,,,,,,0
600030.SH,20160324,20160324,20151231,4,1,4,20360343966.72,,,,,,,,,,,49084584077.05,,6282000000.0,8875873829.26,28501466160.21,142751775098.05,,10042481764.42,9363714105.38,,,,12927144933.87,,19223840712.15,56505548277.51,86246226820.54,8770646.6,4130873385.23,511019507.7,,,4650663539.53,4287587265.64,37819341559.88,,178203170.65,,42560919166.31,-37910255626.78,2649528292.27,124348404149.44,,148470129963.06,1710677041.2474,107262315707.03,7970266878.91,265654719.94,5928390482.67,121160973068.61,27309156894.45,1170325593.17,76815453681.38,132409198995.72,209224652677.1,21472197521.35,35283411.56,,2481231038.96,287699265.5,314203068.74,83199767.02,,,6839594.46,,-1354760180.55,-7373676235.67,-527535767.23,-547103117.51,-898020241.1,-552389517.3,87361699718.43,16102872.8,86246226820.54,,,,76815453681.38,,50007851031.53,,,,209224652677.1,132409198995.72,,,0
600030.SH,20151030,20151030,20150930,4,1,3,,,,,,,,,,,,37778275754.07,,-9291000000.0,17077270018.55,24723402530.75,143696699506.1,,8308283702.33,7243690664.78,,,,9430696952.77,,37692991798.37,50334451284.46,93362248221.64,5135577.7,1399315569.79,310829812.92,,,1715280960.41,1565757878.78,2691685409.17,,16212610.63,,18320854628.62,-16605573668.21,5196448828.07,111006815769.01,,137255016275.5,,84728300720.85,7242688808.56,153558430.13,6781615238.19,98752604767.6,38502411507.9,833692148.82,116092778210.15,132409198995.72,248501977205.87,21051751678.42,349642087.26,,,,,,,,,,,,,,,,,,,,,,,,73408751202.73,,,,,,,,0
600030.SH,20150825,20150825,20150630,4,1,2,12742302622.86,,,,,,,,,,,25266402801.22,,,47703806411.41,24585604104.84,247189957367.02,,5783443141.6,3701880219.63,,,,6015106683.39,,9552065689.13,111326682525.73,135863274841.29,3463971.46,1448802891.93,157350432.77,,,1609617296.16,288094636.62,2024007252.49,,9714012.78,,2466490877.49,-856873581.33,3410518016.52,93679169664.67,,118597887793.45,36047364957.3575,55527994387.0,3120069476.07,373997804.41,6020620493.21,64668684356.28,53929203437.17,-78403972.6,188857200724.53,132409198995.72,321266399720.25,21508200112.26,17972114.87,,155043177.52,136258928.8,142099888.34,40819761.88,,,-254352.15,,-3763688832.13,-5432014020.41,555885222.75,-169935165.34,,-61444302400.45,224779582981.2,,135863274841.29,,,,188857200724.53,,149634144049.55,,,,321266399720.25,132409198995.72,,,0
600030.SH,20150430,20150430,20150331,4,1,1,,,,,,,,,,,,9682979094.26,,-5075000000.0,6110905798.61,7517472988.3,45755284256.76,,1964833109.45,1828946192.18,,,,2517682948.13,,10678061220.55,25894597065.02,19860687191.74,1283518.49,89364567.74,15346057.01,,,105994143.24,79957305.33,117920811.27,,,,2097561432.62,-1991567289.38,4192689117.21,26148053334.95,,33266811785.07,,16307000000.0,528975395.0,,31782806.72,16867758201.72,16399053583.35,8770050.65,34276943536.36,132409198995.72,166686142532.08,2926069332.91,8316656.16,,,,,,,,,,,,,,,,,,,,,,,,27518926375.59,,,,,,,,0
600030.SH,20150324,20150324,20141231,4,1,4,11861499220.93,,,,,,,,,,,25227412090.56,,7041000000.0,48439287602.45,15221493019.77,149457451629.67,,7060654175.55,4133434446.94,,,,5776660615.38,,15963975814.75,119025503320.24,30431948309.43,125162426.53,760894469.24,157300371.87,,,1043357267.64,604263507.64,477011917.53,61896402.42,,,1019379022.75,23978244.89,9816961357.57,70921947570.66,,89545964780.44,45192254080.7434,49060380000.0,4185095908.6,126736879.16,27658049.94,53273133958.54,36272830821.9,-113791247.02,66614966129.2,65794232866.52,132409198995.72,8807055852.21,70358266.44,,599974864.51,380171032.29,269187983.38,86487596.47,,,-2179982123.84,,-522481206.73,-5648830743.91,-1548459398.21,1380318738.12,-30381.28,-76432704581.03,148856906453.61,-6885806.21,30431948309.43,,,,66614966129.2,,53528258916.89,,,,132409198995.72,65794232866.52,,,0
600030.SH,20141031,20141031,20140930,4,1,3,,,,,,,,,,,,15757123252.52,,9589000000.0,26239477270.6,6316296328.93,81077215270.49,,5754514360.05,3270933882.12,,,,3970426258.14,,5435813467.6,67778240036.78,13298975233.71,2778737.07,6408001544.71,168261581.4,,,6579041863.18,205452565.02,639687663.12,,22770168.09,,926338007.8,5652703855.38,8513256173.84,41961894475.97,,50506946066.86,,38999525000.0,3648355953.32,100870915.8,1783035.0,42649663988.32,7857282078.54,38817822.84,26847778990.47,65794232866.52,92642011856.99,31795417.05,31795417.05,,,,,,,,,,,,,,,,,,,,,,,,23175318418.44,,,,,,,,0
600030.SH,20140829,20140829,20140630,4,1,2,4333510432.41,,,,,,,,,,,9734412324.23,,3300000000.0,22140754498.19,3786476928.8,49127724057.01,,4229795824.46,2370064364.01,,,,2430723132.49,,5247989224.39,48930033549.09,197690507.92,27485081.18,5654966476.84,119108137.99,,,-3604507494.02,120759861.77,1182152011.38,,,,1302911873.15,-4907419367.17,7729383317.48,31965479038.44,,39717188459.62,14563356771.3858,26249528000.0,1465970665.4,123627443.44,1785937.5,27717284602.9,11999903856.72,99413168.11,7389588165.58,65794232866.52,73183821032.1,22326103.7,22326103.7,,279617283.25,207491365.08,134016855.06,43550130.44,,,-2178252924.6,,-681516415.11,-1360371535.35,-45728677.58,123004506.57,,-23062269187.31,52676038685.05,,197690507.92,,,,7389588165.58,,10166080305.79,,,,73183821032.1,65794232866.52,,,0
600030.SH,20140430,20140430,20140331,4,1,1,,,,,,,,,,,,4820617275.46,,6900000000.0,18509534720.96,3328651685.96,44450618095.69,,1906200029.91,1126169726.43,,,,1194425040.97,,10305557806.35,41259390686.32,3191227409.37,380964.63,473437892.04,131283022.79,,,605101879.46,28675961.02,771629348.23,,,,7213281571.09,-6608179691.63,6779955908.33,1989954572.4,,8776227387.28,,47688418.41,238843474.94,6146137.5,1784362.5,288316255.85,8487911131.43,158005649.7,5228964498.87,65794232866.52,71023197365.39,6316906.55,6316906.55,,,,,,,,,,,,,,,,,,,,,,,,10891814413.31,,,,,,,,0
600030.SH,20140328,20140328,20131231,4,1,4,5308046875.48,,,,,,,,,,,13962474663.51,,1810000000.0,12478240734.46,2552294653.24,34728045850.06,,4860289138.46,1831935181.99,,,,2959668934.32,,3849395288.65,53337615194.01,-18609569343.95,2458164.93,4518536638.57,3763599622.53,,,8284594426.03,332968219.45,3061377296.36,119764460.76,,,3514109976.57,4770484449.46,1162000000.0,23761170975.18,,25278176699.45,34254552627.2266,888763054.36,4018382919.58,12445075.92,73174624.5,4980320598.44,20297856101.01,-351822372.92,6106948833.6,59687284032.92,65794232866.52,355005724.27,355005724.27,,352784351.81,343606483.18,135646217.57,94954497.58,,,-1552303.71,,565374027.84,-3096210782.41,-26978350.12,-273078669.42,,-23766559307.41,32103206818.26,,-18609569343.95,,,,6106948833.6,,3925035798.85,,,,65794232866.52,59687284032.92,,,0
600030.SH,20131031,20131031,20130930,4,1,3,,,,,,,,,,,-21759666359.97,7630926090.23,,4680000000.0,12933810506.55,1925067017.64,7792623182.63,,3487066105.37,1170544969.38,,,,1716038885.84,,23205024674.1,29578674634.69,-21786051452.06,893571537.76,7741273059.71,508534814.78,,,9143379412.25,163039381.85,3409578458.73,,16732517.73,,3589350358.31,5554029053.94,,21551240666.09,3893067935.45,25464461151.54,,100000000.0,3795546764.25,36621385.99,,3895546764.25,21568914387.29,-302344695.25,5034547293.92,59687284032.92,64721831326.84,20152550.0,20152550.0,,,,,,,,,,,,,,,,,,,,,,,,2449742760.67,,,,,,,,0
600030.SH,20130830,20130830,20130630,4,1,2,2110928490.36,397188883.84,,,,,,,,,,4713054069.54,,2680000000.0,-883609630.1,1559952675.11,10605872982.85,,2603943485.59,785811486.87,,,,1058502846.53,,17585058878.41,29219813329.57,-18613940346.72,1281578.07,870329030.13,245684377.88,,,6654693489.97,80567364.98,1498695517.55,,,,1579262882.53,5075430607.44,,20872890401.67,189408096.7,21082451048.37,26623603413.3695,100000000.0,341114487.1,,4808159.98,445922647.08,20636528401.29,-186231222.19,6911787439.82,59687284032.92,66599071472.74,20152550.0,20152550.0,,196690310.13,149767845.95,23425818.77,48646108.25,,,-59571.05,,346352697.39,-929455022.58,306001773.84,-216270080.42,,-30409632789.04,9362475187.84,,-18613940346.72,,,,6911787439.82,,2530487386.45,,,,66599071472.74,59687284032.92,,,0
600030.SH,20130426,20130426,20130331,4,1,1,,,,,,,,,,,,2206018505.4,,1600000000.0,13751318234.07,1971881451.9,20433945461.86,,981264112.51,574251631.78,,,,495205369.22,,9936934342.57,25832078925.32,-5398133463.46,352394.99,581988239.67,29407.37,,,3617953911.24,40058684.75,261391581.23,,,,301450265.98,3316503645.26,,2000000000.0,86683648.26,2102853448.26,,,134730958.91,,,134730958.91,1968122489.35,-34326193.28,-147833522.13,59687284032.92,59539450510.79,16169800.0,16169800.0,,,,,,,,,,,,,,,,,,,,,,,,918122291.18,,,,,,,,0
600030.SH,20130328,20130328,20121231,4,1,4,4306803017.94,232890273.97,,,,,,,,,,9118028183.77,,2800000000.0,7593057784.29,985874215.04,18955047822.04,,4548634603.93,2704524400.39,,,,1466169885.54,,12259910578.8,38057735829.49,-19102688007.45,9196813.2,433358880.26,548675674.4,,,4269956409.16,515367122.58,2992747837.1,17987726.31,,,3526102685.99,743853723.17,,13000000000.0,792515957.88,13819366733.1,22971475723.6401,,4969593699.85,71340211.14,,4969593699.85,8849773033.25,-8344118.35,-9517405369.38,69204689402.3,59687284032.92,26850775.22,26850775.22,,30038736.55,291390806.44,39608634.02,93726716.42,,,805348.68,,-416773726.44,-2162202985.95,363026279.55,246783227.33,,-29889715591.18,7760931255.22,,-19102688007.45,,,,-9517405369.38,,-1610766004.95,,,,59687284032.92,69204689402.3,,,0
600030.SH,20121031,20121031,20120930,4,1,3,,,,,,,,,,,-5984668107.35,6562055689.81,,3105000000.0,-1690326477.13,443966798.12,-1267434269.15,,3790097005.48,2609030640.94,,,,1152326417.23,,5331475555.91,12092929619.56,-13360363888.71,39674407.77,4827963828.06,507097229.64,,,5374735465.47,319906099.91,4510761858.56,,4362554.06,,4835030512.53,539704952.94,,10000000000.0,416869981.24,10416869981.24,,,4820385156.55,19364544.55,22096306.64,4842481463.19,5574388518.05,133284688.48,-7112985729.24,69204689402.3,62091703673.06,,,,,,,,,,,,,,,,,,,,,,,,,,-3721954238.42,,,,,,,,0
600030.SH,20120831,20120831,20120630,4,1,2,2247359117.81,31875000.0,,,,,,,,,,4355872966.74,,2400000000.0,-1510761360.82,313614561.06,7037284232.14,,2546602525.78,2465198023.18,,,,820806515.25,,3915031696.06,14359078400.83,-7321794168.69,1952489.18,94635555.56,451209769.0,,,2480314645.74,241293800.32,589224077.75,,,,830517878.07,1649796767.67,,,54235598.86,54235598.86,8662173335.8256,,80660611.14,16910611.14,18403232.64,99063843.78,-44828244.92,67163015.41,-5649662630.53,69204689402.3,63555026771.77,,,,-3414939.25,147340092.06,18490852.4,44714677.24,,,-165516.47,,-259336345.69,-1114436632.82,542636500.76,51717929.61,,-9272937648.42,244362744.08,,-7321794168.69,,,,-5649662630.53,,-734382038.12,,,,63555026771.77,69204689402.3,,,0
600030.SH,20120428,20120428,20120331,4,1,1,,,,,,,,,,,,1977481293.68,,3900000000.0,-3562326907.51,541554844.58,6245414867.33,,997535145.77,1774645342.49,,,,406271493.75,,3011935438.72,5396625174.47,848789692.86,98424.59,27560000.0,1746951.3,,,1165302214.8,133352441.73,441763150.29,,,,575115592.02,590186622.78,,,,,,,18159682.16,18159682.16,,18159682.16,-18159682.16,-2876646.17,1417939987.31,69204689402.3,70622629389.61,,,,,,,,,,,,,,,,,,,,,,,,,,3247669964.08,,,,,,,,0
600030.SH,20120330,20120330,20111231,4,1,4,12604488861.89,63750000.0,,,,,,,,,,11541789768.61,,100000000.0,8622797799.09,1323436570.94,-4850976149.36,,6611268223.63,4118700115.66,,,,2055932740.42,,4129996378.82,22072932851.81,-26923909001.17,8900559872.22,746182920.06,1406844856.06,,,11053587648.34,1815660212.03,2904015316.9,,,,345810938.43,10707776709.91,,,,11589980205.03,11290872052.331,184631341.72,5050360700.0,13760000.0,,5234992041.72,6354988163.31,-198995006.96,-10060139134.91,79264828537.21,69204689402.3,11589980205.03,84051914.9,,1513624671.79,196472517.68,32261218.63,78646979.97,,,-569845.85,,755001289.65,-14751769873.43,-50668703.39,-99363521.11,,-8780822455.02,-18484960141.98,,-26923909001.17,,,,-10060139134.91,,-26478794744.13,,,,69204689402.3,79264828537.21,,,0
600030.SH,20111029,20111029,20110930,4,1,3,,,,,,,,,,,-3528499439.35,8683057374.02,,-64469679.52,5424521063.74,544321110.21,-15300025434.09,,5348306834.01,3768153953.37,,,,1079923491.32,,3343350576.46,13539734855.16,-28839760289.25,1640885.44,7191074418.74,285497499.4,,,7478212803.58,832933924.24,2238200961.82,,,,3071134886.06,4407077917.52,,,230460509.13,292234294.49,,,5050360700.0,13760000.0,,5050360700.0,-4758126405.51,-93682063.16,-29284490840.4,79264828537.21,49980337696.81,61773785.36,17873627.36,,,,,,,,,,,,,,,,,,,,,,,,-26440389514.11,,,,,,,,0
600030.SH,20110820,20110820,20110630,4,1,2,2982863206.35,31875000.0,,,,,,,,,,5916419891.55,,1043074609.44,4089224010.09,393718226.85,-8755483475.0,,3433922086.9,3566360000.39,,,,907116171.42,,2638242687.09,12564331450.64,-21319814925.64,1297984.44,9047083408.52,236805248.58,,,9285186641.54,384115686.57,1738432032.86,,,,2122547719.43,7162638922.11,,,664984463.48,667476412.16,1996287194.0372,,5050360700.0,13760000.0,,5050360700.0,-4382884287.84,-84107455.39,-18624167746.76,79264828537.21,60640660790.45,2491948.68,2491948.68,,-5218548.36,81584481.66,15183063.45,36128812.24,,,-580386.63,,322831821.51,-2288398197.0,301413071.22,-59487936.69,,-5349840653.3,-17388168660.09,,-21319814925.64,,,,,,-20292082899.29,,,,,,,,0
600030.SH,20110430,20110430,20110331,4,1,1,,,,,,,,,,,,2878705492.13,,81016988.35,4014244619.76,249485336.35,-6899405770.48,,1609095887.51,2198932360.44,,,,357420209.4,,2062884137.98,6654547056.44,-13553952826.92,973817.84,,8974933.78,,,4608277346.76,141051464.97,588662351.67,,,,729713816.64,3878563530.12,,,336057750.0,338278449.77,,,,,,,338278449.77,-22813229.69,-9359924076.72,79264828537.21,69904904460.49,2220699.77,2220699.77,,,,,,,,,,,,,,,,,,,,,,,,-14154316229.27,,,,,,,,0
600030.SH,20110409,20110409,20101231,4,1,4,12136051143.58,63750000.0,,,,,,,,,,18456329678.53,,300000000.0,-7146180199.9,939322922.4,3959090387.15,,5615614544.67,3418637018.94,,,,2698888121.6,,5514471938.64,21718217109.0,-17759126721.85,136470987.71,1498273334.94,41063943.7,,,1675808266.35,1023321696.36,4619648843.56,,44235487444.79,,42407914668.67,-40732106402.32,,,977546500.0,3024701405.77,24478115574.6839,,3395463924.82,16480124.81,35781523.38,3431245448.2,-406544042.43,-94434142.3,-58992211308.9,138257039846.11,79264828537.21,2047154905.77,89519905.77,,17524763.52,244469866.87,36584932.57,88735731.94,,,-51668035.69,,-565099652.44,-9768606948.35,-348764115.85,84761244.39,,-11643844394.85,-8053021257.54,,-17759126721.85,,,,-58992211308.9,,-8433373774.3,,,,79264828537.21,138257039846.11,,,0
600030.SH,20101030,20101030,20100930,4,1,3,,,,,,,,,,,-4248124099.98,12674442732.36,,-1578415.12,-13040965182.82,899188955.66,-27360824497.13,,4660221439.44,2593672639.23,,,,1823217944.39,,3190944464.6,13113037405.59,-40473861902.72,96469715.6,9199723134.96,25123091.39,,,9321315941.95,583739813.46,1993606152.65,,,,2577345966.11,6743969975.84,,,712379250.0,796539608.64,,,3395463924.82,,87130523.38,3482594448.2,-2686054839.56,-54491271.88,-36470438038.32,138257039846.11,101786601807.79,84160358.64,,,,,,,,,,,,,,,,,,,,,,,,,-23529159847.63,,,,,,,,0
600030.SH,20100828,20100828,20100630,4,1,2,3055546700.06,31875000.0,,,,,,,,,-3288830284.6,8368893995.78,,,-12505292435.66,679441670.91,-20132010366.71,,2937559944.95,2288475088.56,,,,1203451467.95,,1956941969.58,8834782836.56,-28966793203.27,93202340.49,4886021730.47,373743813.17,,,5352967884.13,217328467.02,712283750.39,,,,929612217.41,4423355666.72,,,,47348748.27,20821221588.2261,87239000.0,3395463924.82,,781523.38,3483484448.2,-3436135699.93,-25410958.27,-28004984194.75,138257039846.11,110252055651.36,47348748.27,,,126507.02,129658008.53,18719909.67,40850911.24,,,-49924574.27,228415.91,-52722378.67,221322779.0,-66398727.4,56075338.02,,-10048246275.11,-22303904817.27,,-28966793203.27,,,,,,-13386623542.48,,,,,,,,0
600030.SH,20100430,20100430,20100331,4,1,1,,,,,,,,,,,,4131811996.59,,,1592139374.63,275442625.48,8685022816.71,,918314338.98,1065818789.17,,,,554301240.84,,844317205.18,4914143512.11,3770879304.6,21198081.92,142689364.69,3364860.96,,,5355778169.32,74051520.47,257401070.95,,145990000.0,,477442591.42,4878335577.9,,,,47430872.88,,8792200.0,,,,8792200.0,38638672.88,-4287134.21,8683566421.17,138257039846.11,146940606267.28,47430872.88,,,,,,,,,,,,,,,,,,,,,,,,,2624694936.17,,,,,,,,0
600030.SH,20100331,20100331,20091231,4,1,4,10088196120.02,68137500.0,,,,,,,,,,19879574587.89,,,10623443378.28,1321566114.66,83362019735.94,,3600602819.97,4476016607.85,,,,2094570705.69,,3742736780.24,19001661634.43,64360358101.51,2460141.18,663835679.35,48403045.9,,,714698866.43,1905884727.89,934688666.5,,15195370.36,,7752469912.52,-7037771046.09,,,88048000.0,135881917.41,1569233014.4321,450000000.0,3660805745.58,,,4110805745.58,-3974923828.17,-3188582.79,53344474644.46,84912565201.65,138257039846.11,47833917.41,,,-315269418.47,233018591.72,30473474.2,55289628.73,,,-3030820.24,,-51537690.04,-2709268131.2,-226574014.64,8771467.37,,-5710641511.98,62892792906.04,,64360358101.51,,,,53344474644.46,,51359339280.99,,,,138257039846.11,84912565201.65,,,0
600030.SH,20091031,20091031,20090930,4,1,3,,,,,,,,,,,-801037040.65,55794279482.15,,,-1610911565.93,1411877820.99,54794208696.56,,2835716147.27,1608897567.93,,,,681322779.51,,3473464194.36,10306853577.7,44487355118.86,44293695.39,19220384797.46,95505032.96,,,19360183525.81,1648020648.97,4855755903.83,,671687.26,,6504448240.06,12855735285.75,,,105736800.0,3258320729.58,,450000000.0,3660807688.48,,100000000.0,4210807688.48,-952486958.9,-1883293.84,56388720151.88,84912565201.65,141301285353.53,3152583929.58,,,,,,,,,,,,,,,,,,,,,,,,,,,,,,,,,0
600030.SH,20090815,20090815,20090630,4,1,2,4334871438.99,36262500.0,,,,,,,,,-2033382290.84,7972227588.43,,,2291271319.38,8089747748.48,16319864365.45,,2149945208.59,2335297998.34,,,,407362176.77,,2079820743.52,6972426127.22,9347438238.23,987181.13,16519245927.3,38203311.48,,,16558436419.91,106159115.63,421162315.01,,,,527321430.64,16031114989.27,,,282089600.0,297956206.31,,450000000.0,3660808836.55,2595036.55,,4110808836.55,-3812852630.24,-1047654.67,21564652942.59,84912565201.65,106477218144.24,15866606.31,15866606.31,,-340909977.97,114225198.38,15200879.06,24574676.21,,,-222929.24,,-19066847.65,-837286100.36,281363273.42,2074255.99,,-989259928.03,6725611799.43,,9347438238.23,,,,,,,,,,,,,,0
600030.SH,20090430,20090430,20090331,4,1,1,,,,,,,,,,,375529864.56,3360047847.42,,,-3182295904.61,9832054166.22,10385335973.59,,679070395.56,,,,,237581594.85,,609498331.52,2345322093.74,8040013879.85,163926.72,11992316431.65,,,,11992480358.37,30541074.43,54187784.8,,,,84728859.23,11907751499.14,,,,13680638.11,,450000000.0,17550000.0,,,467550000.0,-453869361.89,365339.83,19494261356.93,84912565201.65,104406826558.58,13680638.11,,,,,,,,,,,,,,,,,,,,,,,,,,,,,,,,,0
600030.SH,20090430,20090430,20081231,4,1,4,8050229272.1,81300000.0,,,,,,,,,-2948389456.32,16648653158.27,,,,13388326776.02,-29651475003.7,,4197948716.17,5825782249.34,,,,1958126369.84,,5632996472.45,-7461100584.42,-22190374419.28,11428897.82,742977.72,27113030.36,,,39284905.9,376102215.55,2931998445.26,,7858466.23,,25192520694.48,-25153235788.58,,,,31000310.5,-22120784553.545,141102400.0,2461775354.85,,781523.38,2603659278.23,-2572658967.73,-185546074.59,-50101815250.18,135014380451.83,84912565201.65,31000310.5,,,710599104.42,197548390.33,33139050.68,66949506.18,,,-1613209.18,,3341380871.12,-5757845509.6,-466843381.84,-834878612.01,,26833589095.78,-54443928997.26,,-22190374419.28,,,,,,-56735795281.67,,,,,,,,0
600030.SH,20081030,20081030,20080930,4,1,3,,,,,,,,,,,-1541884999.06,12710684346.25,,,3766610254.09,2205753236.55,17141162837.83,,3284809873.06,5350129250.48,,,,1659003118.44,,24709725993.09,30003668235.07,-12862505397.24,2102570.74,-13217386585.92,415900508.7,,,-12799383506.48,213315386.21,2536973242.22,,299560.75,,2750588189.18,-15549971695.67,,,1183329.0,34183329.0,,140246400.0,2380736900.0,,781523.38,2521764823.38,-2487581494.38,-180209628.03,-31080268215.32,135014380451.83,103934112236.51,33000000.0,,,,,,,,,,,,,,,,,,,,,,,,,,,,,,,,,0
600030.SH,20080809,20080809,20080630,4,1,2,5168659925.39,40650000.0,,,,,,,,,-1725257769.41,9413604461.31,,,11535325369.04,66701191690.43,85924863751.37,,2491902451.5,4759803742.42,,,,1185985930.74,,8850583162.1,12288275286.76,73636588464.61,1350250.34,-8168288686.12,412663307.76,,,-7754275128.02,137839388.0,1896896996.55,,365952.79,,2035102337.34,-9789377465.36,,,,33000000.0,,140667200.0,2427206696.72,,781523.38,2568655420.1,-2535655420.1,-169393174.09,61142162405.06,135014380451.83,196156542856.89,33000000.0,,,-3676574.15,89832412.21,13849427.17,26699366.03,,,-1847456.24,-46533.14,3504692043.36,-2046412320.26,173968264.85,-1501778121.72,,24946528462.14,43225469568.98,,73636588464.61,,,,61142162405.06,,,,,,196156542856.89,135014380451.83,,,0
600030.SH,20080428,20080428,20080331,4,1,1,,,,,,,,,,,-1096911791.82,5111606353.3,,,-599109663.61,31809211244.59,35224796142.46,,1788042249.19,1355466987.44,,,,569926098.16,,2443785539.33,1157220874.12,34067575268.34,284400.31,3487656.22,123878842.72,,,127650899.25,45125203.01,2908718323.39,,635194.8,,2954478721.2,-2826827821.95,,,,,,144310400.0,23369796.73,,,167680196.73,-167680196.73,-104953876.74,30968113372.92,135014380451.83,165982493824.75,,,,,,,,,,,,,,,,,,,,,,,,,,,,,,,,,,0
600030.SH,20080317,20080317,20071231,4,1,4,13545785865.29,81300000.0,,,,,,,,,1351658115.02,21615021203.61,,103001800.0,,9367313528.25,108436562637.14,,1808404440.02,3639603841.94,,,,1930736014.01,,15505821731.83,40754916248.05,67681646389.09,227111356.01,36353031.15,,12995556.09,,276459943.25,634267991.57,976301148.22,,89852934.58,,3821671305.09,-3545211361.84,,,,25003006158.0,,200934000.0,688400000.0,,23807000.34,913141000.34,24089865157.66,-123299949.97,88103000234.94,46911380216.89,135014380451.83,25003006158.0,,,146837212.94,136619709.48,28545579.9,46529998.86,,,-1323720.67,,-3351154147.58,-4515165129.71,-191504055.04,799162278.02,,-25999290990.24,86955303787.84,,67681646389.09,,,,88103000234.94,,75978777649.19,,,,122324025864.4,36420717438.29,12690354587.43,10490662778.6,0
600030.SH,20071026,20071026,20070930,4,1,3,,,,,,,,,,,515401517.06,14379803968.08,,1979407140.0,-2693959619.21,110010291057.44,124190944063.37,,1250024469.84,2509180168.69,,,,1788885762.97,,13797444934.39,19345535335.89,104845408727.48,193810222.09,29444643116.39,207439612.59,,,29845892951.07,461787834.05,33388371244.76,,3611878.03,,33853770956.84,-4007878005.77,,,,25118092792.67,,,688400000.0,,23807000.34,712207000.34,24405885792.33,-48134314.59,125195282199.45,47069929894.88,172265212094.33,25118092792.67,,,,,,,,,,,,,,,,,,,,,,,,,,,,,,,,,0
600030.SH,20070815,20070815,20070630,4,1,2,5025290000.74,,,,,,,,,,-498565056.74,8938752382.55,,,-2114692172.26,94535639102.59,100861134256.14,,1031945707.49,1505059252.85,,,,672192978.23,,6015415534.41,9224613472.98,91636520783.16,40765598.29,5083458914.73,150554395.3,,,5274778908.32,225410720.18,6308307452.93,,,,6533718173.11,-1258939264.79,,,,,,,688400000.0,,,688400000.0,-688400000.0,-51391285.37,89637790233.0,46911380216.89,136549170449.89,,,,-27614557.8,65768245.81,13775510.6,29481779.28,,,168559.78,-13467.82,-5180048.95,-1158735533.08,101856.36,5910489.54,174113962.85,-6616730018.21,88529358017.85,5600825986.21,91636520783.16,,,,89637790233.0,,,,,,136549170449.89,46911380216.89,,,0
600030.SH,20070427,20070427,20070331,4,1,1,,,,,,,,,,,215745838.0,2817091708.41,,0.0,-861043828.67,40868152000.67,43039945718.41,,362645601.45,495615330.63,,,,,,2268839594.19,3363758846.31,39676186872.1,34247.61,4292113462.06,,,,4293603939.44,20329743.62,6899678788.74,,0.0,,6920008532.36,-2626404592.92,,0.0,0.0,0.0,,0.0,17550000.0,,0.0,17550000.0,-17550000.0,-18859875.94,37013372403.24,47177419255.91,84190791659.15,0.0,,,,,,,,,,,,,,,,,,,,,,,,,,,,,,,,,0
600030.SH,20080317,20070316,20061231,4,1,4,2586268779.23,53147500.0,,,,,,,,,179723294.81,4275521432.77,,50233500.0,,1198099349.35,36425115585.94,,587574136.41,482910794.72,,,,343377566.35,,2139977506.24,6175462263.84,30249653322.1,,308325.0,31082326.64,74192887.42,,105583539.06,464683554.64,557513558.05,,,,718440854.92,-612857315.86,,1500000000.0,,6145000000.0,,,339903531.39,,4503829.28,344407360.67,5800592639.33,-26063661.22,35411324984.35,11500055232.54,46911380216.89,4645000000.0,,,142643213.37,146912883.25,32513086.44,17892048.62,,,3451788.19,,-176389769.57,-385961187.0,-36236598.54,47881391.28,,-6930708170.13,34748238356.96,,30249653322.1,,,,35411324984.35,,30695552084.6,,,,36420717438.29,10221913352.79,10490662778.6,1278141879.75,0
600030.SH,20071026,20061031,20060930,4,1,3,,,,,,,,,,,-3719847005.9,1897194468.46,,490443030.0,-2778043872.29,22191860203.8,18081606824.07,,372508994.07,307281755.22,,,,405895820.38,,3062791401.87,4148477971.54,13933128852.53,800832451.41,656177142.14,89099041.32,,,1546108634.87,67545530.86,697543978.53,,,,765089509.39,781019125.48,,1500270000.0,,6145270000.0,,,354325710.89,,4503829.28,358829540.17,5786440459.83,-16200529.28,20484387908.56,11500055232.54,31984443141.1,4645000000.0,,,,,,,,,,,,,,,,,,,,,,,,,,,,,,,,,0
600030.SH,20070815,20060816,20060630,4,1,2,843858325.05,,,,,,,,,,-618137576.59,1533649811.22,,205884000.0,-2009017482.77,20267246503.89,19379625255.75,,306851675.34,134166577.01,,,,237365401.91,,1412198335.14,2090581989.4,17289043266.35,145953672.18,623663054.01,66207787.43,,,835824513.62,57109139.07,709172345.0,,,,766281484.07,69543029.55,,1500270000.0,,6145270000.0,,,21524376.67,,4503829.28,26028205.95,6119241794.05,-5170175.99,23472657913.96,11500055232.54,34972713146.5,4645000000.0,,,906.65,68871280.0,15675089.7,11253969.9,,,-1314410.98,,-197033468.57,-211759443.39,,,,10715088764.79,6044402253.2,,17289043266.35,,,,23472657913.96,,,,,,34972713146.5,11500055232.54,,,0
600030.SH,20070427,20060427,20060331,4,1,1,,,,,,,,,,,-1142341967.08,326455366.61,,300000000.0,160300614.01,1783788159.29,1428202172.83,,112160439.65,112862669.14,,,,46029821.41,,187091539.36,458144469.56,970057703.27,76338.77,143784159.49,11266592.26,,,155127090.52,0.0,118934205.0,,12906680.65,,131840885.65,23286204.87,,0.0,0.0,0.0,,0.0,16337511.11,,0.0,16337511.11,-16337511.11,-3682239.28,973324157.75,11500055232.54,12473379390.29,0.0,,,,,,,,,,,,,,,,,,,,,,,,,,,,,,,,,0
600030.SH,20060329,20060329,20051231,4,1,4,,,,,,,,,,,1041900947.15,410826719.52,,,568607239.75,299212116.86,21838368247.49,,197377478.18,49848848.48,,,,,,321600620.73,18269544480.86,3568823766.63,21507093.57,1949183317.5,128392298.15,11963968.86,,2111046678.08,559551571.75,1742100599.13,,,,2301652170.88,-190605492.8,9390000000.0,900000000.0,,11370000000.0,,10290000000.0,145297473.16,,,10435297473.16,934702526.84,-14073343.79,4298847456.88,,,1080000000.0,,,,,,,,,,,,,,,,,,,,,,,,,,,,,,,,,0
